[      77ms] [ERROR] Failed to load resource: net::ERR_CONNECTION_CLOSED @ https://via.placeholder.com/300x200?text=No+Image:0
[     169ms] [ERROR] Failed to load resource: net::ERR_CONNECTION_CLOSED @ https://via.placeholder.com/300x200?text=No+Image:0
[     283ms] [ERROR] Failed to load resource: net::ERR_CONNECTION_CLOSED @ https://via.placeholder.com/300x200?text=No+Image:0
[     372ms] [ERROR] Failed to load resource: net::ERR_CONNECTION_CLOSED @ https://via.placeholder.com/300x200?text=No+Image:0
[     465ms] [ERROR] Failed to load resource: net::ERR_CONNECTION_CLOSED @ https://via.placeholder.com/300x200?text=No+Image:0
[     567ms] [ERROR] Failed to load resource: net::ERR_CONNECTION_CLOSED @ https://via.placeholder.com/300x200?text=No+Image:0
[     657ms] [ERROR] Failed to load resource: net::ERR_CONNECTION_CLOSED @ https://via.placeholder.com/300x200?text=No+Image:0
[     754ms] [ERROR] Failed to load resource: net::ERR_CONNECTION_CLOSED @ https://via.placeholder.com/300x200?text=No+Image:0
[     826ms] [ERROR] Failed to load resource: net::ERR_CONNECTION_CLOSED @ https://via.placeholder.com/300x200?text=No+Image:0
[     847ms] [ERROR] Failed to load resource: net::ERR_CONNECTION_CLOSED @ https://via.placeholder.com/300x200?text=No+Image:0
[     917ms] [ERROR] Failed to load resource: net::ERR_CONNECTION_CLOSED @ https://via.placeholder.com/300x200?text=No+Image:0
[     942ms] [ERROR] Failed to load resource: net::ERR_CONNECTION_CLOSED @ https://via.placeholder.com/300x200?text=No+Image:0
[    1011ms] [ERROR] Failed to load resource: net::ERR_CONNECTION_CLOSED @ https://via.placeholder.com/300x200?text=No+Image:0
[    1035ms] [ERROR] Failed to load resource: net::ERR_CONNECTION_CLOSED @ https://via.placeholder.com/300x200?text=No+Image:0
[    1106ms] [ERROR] Failed to load resource: net::ERR_CONNECTION_CLOSED @ https://via.placeholder.com/300x200?text=No+Image:0
[    1130ms] [ERROR] Failed to load resource: net::ERR_CONNECTION_CLOSED @ https://via.placeholder.com/300x200?text=No+Image:0
[    1200ms] [ERROR] Failed to load resource: net::ERR_CONNECTION_CLOSED @ https://via.placeholder.com/300x200?text=No+Image:0
[    1224ms] [ERROR] Failed to load resource: net::ERR_CONNECTION_CLOSED @ https://via.placeholder.com/300x200?text=No+Image:0
[    1306ms] [ERROR] Failed to load resource: net::ERR_CONNECTION_CLOSED @ https://via.placeholder.com/300x200?text=No+Image:0
[    1328ms] [ERROR] Failed to load resource: net::ERR_CONNECTION_CLOSED @ https://via.placeholder.com/300x200?text=No+Image:0
[    1403ms] [ERROR] Failed to load resource: net::ERR_CONNECTION_CLOSED @ https://via.placeholder.com/300x200?text=No+Image:0
[    1426ms] [ERROR] Failed to load resource: net::ERR_CONNECTION_CLOSED @ https://via.placeholder.com/300x200?text=No+Image:0
[    1494ms] [ERROR] Failed to load resource: net::ERR_CONNECTION_CLOSED @ https://via.placeholder.com/300x200?text=No+Image:0
[    1522ms] [ERROR] Failed to load resource: net::ERR_CONNECTION_CLOSED @ https://via.placeholder.com/300x200?text=No+Image:0
[    1591ms] [ERROR] Failed to load resource: net::ERR_CONNECTION_CLOSED @ https://via.placeholder.com/300x200?text=No+Image:0
[    1618ms] [ERROR] Failed to load resource: net::ERR_CONNECTION_CLOSED @ https://via.placeholder.com/300x200?text=No+Image:0
[    1682ms] [ERROR] Failed to load resource: net::ERR_CONNECTION_CLOSED @ https://via.placeholder.com/300x200?text=No+Image:0
[    1713ms] [ERROR] Failed to load resource: net::ERR_CONNECTION_CLOSED @ https://via.placeholder.com/300x200?text=No+Image:0
[    1786ms] [ERROR] Failed to load resource: net::ERR_CONNECTION_CLOSED @ https://via.placeholder.com/300x200?text=No+Image:0
[    1807ms] [ERROR] Failed to load resource: net::ERR_CONNECTION_CLOSED @ https://via.placeholder.com/300x200?text=No+Image:0
[    1881ms] [ERROR] Failed to load resource: net::ERR_CONNECTION_CLOSED @ https://via.placeholder.com/300x200?text=No+Image:0
[    1900ms] [ERROR] Failed to load resource: net::ERR_CONNECTION_CLOSED @ https://via.placeholder.com/300x200?text=No+Image:0
[    1970ms] [ERROR] Failed to load resource: net::ERR_CONNECTION_CLOSED @ https://via.placeholder.com/300x200?text=No+Image:0
[    1996ms] [ERROR] Failed to load resource: net::ERR_CONNECTION_CLOSED @ https://via.placeholder.com/300x200?text=No+Image:0
[    2067ms] [ERROR] Failed to load resource: net::ERR_CONNECTION_CLOSED @ https://via.placeholder.com/300x200?text=No+Image:0
[    2101ms] [ERROR] Failed to load resource: net::ERR_CONNECTION_CLOSED @ https://via.placeholder.com/300x200?text=No+Image:0
[    2158ms] [ERROR] Failed to load resource: net::ERR_CONNECTION_CLOSED @ https://via.placeholder.com/300x200?text=No+Image:0
[    2195ms] [ERROR] Failed to load resource: net::ERR_CONNECTION_CLOSED @ https://via.placeholder.com/300x200?text=No+Image:0
[    2261ms] [ERROR] Failed to load resource: net::ERR_CONNECTION_CLOSED @ https://via.placeholder.com/300x200?text=No+Image:0
[    2304ms] [ERROR] Failed to load resource: net::ERR_CONNECTION_CLOSED @ https://via.placeholder.com/300x200?text=No+Image:0
[    2355ms] [ERROR] Failed to load resource: net::ERR_CONNECTION_CLOSED @ https://via.placeholder.com/300x200?text=No+Image:0
[    2395ms] [ERROR] Failed to load resource: net::ERR_CONNECTION_CLOSED @ https://via.placeholder.com/300x200?text=No+Image:0
[    2449ms] [ERROR] Failed to load resource: net::ERR_CONNECTION_CLOSED @ https://via.placeholder.com/300x200?text=No+Image:0
[    2484ms] [ERROR] Failed to load resource: net::ERR_CONNECTION_CLOSED @ https://via.placeholder.com/300x200?text=No+Image:0
[    2550ms] [ERROR] Failed to load resource: net::ERR_CONNECTION_CLOSED @ https://via.placeholder.com/300x200?text=No+Image:0
[    2575ms] [ERROR] Failed to load resource: net::ERR_CONNECTION_CLOSED @ https://via.placeholder.com/300x200?text=No+Image:0
[    2648ms] [ERROR] Failed to load resource: net::ERR_CONNECTION_CLOSED @ https://via.placeholder.com/300x200?text=No+Image:0
[    2670ms] [ERROR] Failed to load resource: net::ERR_CONNECTION_CLOSED @ https://via.placeholder.com/300x200?text=No+Image:0
[    2758ms] [ERROR] Failed to load resource: net::ERR_CONNECTION_CLOSED @ https://via.placeholder.com/300x200?text=No+Image:0
[    2780ms] [ERROR] Failed to load resource: net::ERR_CONNECTION_CLOSED @ https://via.placeholder.com/300x200?text=No+Image:0
[    2847ms] [ERROR] Failed to load resource: net::ERR_CONNECTION_CLOSED @ https://via.placeholder.com/300x200?text=No+Image:0
[    2874ms] [ERROR] Failed to load resource: net::ERR_CONNECTION_CLOSED @ https://via.placeholder.com/300x200?text=No+Image:0
[    2938ms] [ERROR] Failed to load resource: net::ERR_CONNECTION_CLOSED @ https://via.placeholder.com/300x200?text=No+Image:0
[    2973ms] [ERROR] Failed to load resource: net::ERR_CONNECTION_CLOSED @ https://via.placeholder.com/300x200?text=No+Image:0
[    3033ms] [ERROR] Failed to load resource: net::ERR_CONNECTION_CLOSED @ https://via.placeholder.com/300x200?text=No+Image:0
[    3066ms] [ERROR] Failed to load resource: net::ERR_CONNECTION_CLOSED @ https://via.placeholder.com/300x200?text=No+Image:0
[    3125ms] [ERROR] Failed to load resource: net::ERR_CONNECTION_CLOSED @ https://via.placeholder.com/300x200?text=No+Image:0
[    3159ms] [ERROR] Failed to load resource: net::ERR_CONNECTION_CLOSED @ https://via.placeholder.com/300x200?text=No+Image:0
[    3225ms] [ERROR] Failed to load resource: net::ERR_CONNECTION_CLOSED @ https://via.placeholder.com/300x200?text=No+Image:0
[    3259ms] [ERROR] Failed to load resource: net::ERR_CONNECTION_CLOSED @ https://via.placeholder.com/300x200?text=No+Image:0
[    3328ms] [ERROR] Failed to load resource: net::ERR_CONNECTION_CLOSED @ https://via.placeholder.com/300x200?text=No+Image:0
[    3352ms] [ERROR] Failed to load resource: net::ERR_CONNECTION_CLOSED @ https://via.placeholder.com/300x200?text=No+Image:0
[    3422ms] [ERROR] Failed to load resource: net::ERR_CONNECTION_CLOSED @ https://via.placeholder.com/300x200?text=No+Image:0
[    3447ms] [ERROR] Failed to load resource: net::ERR_CONNECTION_CLOSED @ https://via.placeholder.com/300x200?text=No+Image:0
[    3511ms] [ERROR] Failed to load resource: net::ERR_CONNECTION_CLOSED @ https://via.placeholder.com/300x200?text=No+Image:0
[    3541ms] [ERROR] Failed to load resource: net::ERR_CONNECTION_CLOSED @ https://via.placeholder.com/300x200?text=No+Image:0
[    3605ms] [ERROR] Failed to load resource: net::ERR_CONNECTION_CLOSED @ https://via.placeholder.com/300x200?text=No+Image:0
[    3634ms] [ERROR] Failed to load resource: net::ERR_CONNECTION_CLOSED @ https://via.placeholder.com/300x200?text=No+Image:0
[    3725ms] [ERROR] Failed to load resource: net::ERR_CONNECTION_CLOSED @ https://via.placeholder.com/300x200?text=No+Image:0
[    3818ms] [ERROR] Failed to load resource: net::ERR_CONNECTION_CLOSED @ https://via.placeholder.com/300x200?text=No+Image:0
[    3919ms] [ERROR] Failed to load resource: net::ERR_CONNECTION_CLOSED @ https://via.placeholder.com/300x200?text=No+Image:0
[    4015ms] [ERROR] Failed to load resource: net::ERR_CONNECTION_CLOSED @ https://via.placeholder.com/300x200?text=No+Image:0
[    4105ms] [ERROR] Failed to load resource: net::ERR_CONNECTION_CLOSED @ https://via.placeholder.com/300x200?text=No+Image:0
[    4203ms] [ERROR] Failed to load resource: net::ERR_CONNECTION_CLOSED @ https://via.placeholder.com/300x200?text=No+Image:0
[    4292ms] [ERROR] Failed to load resource: net::ERR_CONNECTION_CLOSED @ https://via.placeholder.com/300x200?text=No+Image:0
[    4388ms] [ERROR] Failed to load resource: net::ERR_CONNECTION_CLOSED @ https://via.placeholder.com/300x200?text=No+Image:0
[    4490ms] [ERROR] Failed to load resource: net::ERR_CONNECTION_CLOSED @ https://via.placeholder.com/300x200?text=No+Image:0
[    4579ms] [ERROR] Failed to load resource: net::ERR_CONNECTION_CLOSED @ https://via.placeholder.com/300x200?text=No+Image:0
[    4668ms] [ERROR] Failed to load resource: net::ERR_CONNECTION_CLOSED @ https://via.placeholder.com/300x200?text=No+Image:0
[    4764ms] [ERROR] Failed to load resource: net::ERR_CONNECTION_CLOSED @ https://via.placeholder.com/300x200?text=No+Image:0
[    4855ms] [ERROR] Failed to load resource: net::ERR_CONNECTION_CLOSED @ https://via.placeholder.com/300x200?text=No+Image:0
[    4947ms] [ERROR] Failed to load resource: net::ERR_CONNECTION_CLOSED @ https://via.placeholder.com/300x200?text=No+Image:0
[    5040ms] [ERROR] Failed to load resource: net::ERR_CONNECTION_CLOSED @ https://via.placeholder.com/300x200?text=No+Image:0
[    5132ms] [ERROR] Failed to load resource: net::ERR_CONNECTION_CLOSED @ https://via.placeholder.com/300x200?text=No+Image:0
[    5226ms] [ERROR] Failed to load resource: net::ERR_CONNECTION_CLOSED @ https://via.placeholder.com/300x200?text=No+Image:0
[    5320ms] [ERROR] Failed to load resource: net::ERR_CONNECTION_CLOSED @ https://via.placeholder.com/300x200?text=No+Image:0
[    5411ms] [ERROR] Failed to load resource: net::ERR_CONNECTION_CLOSED @ https://via.placeholder.com/300x200?text=No+Image:0
[    5501ms] [ERROR] Failed to load resource: net::ERR_CONNECTION_CLOSED @ https://via.placeholder.com/300x200?text=No+Image:0
[    5593ms] [ERROR] Failed to load resource: net::ERR_CONNECTION_CLOSED @ https://via.placeholder.com/300x200?text=No+Image:0
[    5685ms] [ERROR] Failed to load resource: net::ERR_CONNECTION_CLOSED @ https://via.placeholder.com/300x200?text=No+Image:0
[    5787ms] [ERROR] Failed to load resource: net::ERR_CONNECTION_CLOSED @ https://via.placeholder.com/300x200?text=No+Image:0
[    5880ms] [ERROR] Failed to load resource: net::ERR_CONNECTION_CLOSED @ https://via.placeholder.com/300x200?text=No+Image:0
[    5977ms] [ERROR] Failed to load resource: net::ERR_CONNECTION_CLOSED @ https://via.placeholder.com/300x200?text=No+Image:0
[    6069ms] [ERROR] Failed to load resource: net::ERR_CONNECTION_CLOSED @ https://via.placeholder.com/300x200?text=No+Image:0
[    6162ms] [ERROR] Failed to load resource: net::ERR_CONNECTION_CLOSED @ https://via.placeholder.com/300x200?text=No+Image:0
[    6265ms] [ERROR] Failed to load resource: net::ERR_CONNECTION_CLOSED @ https://via.placeholder.com/300x200?text=No+Image:0
[    6360ms] [ERROR] Failed to load resource: net::ERR_CONNECTION_CLOSED @ https://via.placeholder.com/300x200?text=No+Image:0
[    6458ms] [ERROR] Failed to load resource: net::ERR_CONNECTION_CLOSED @ https://via.placeholder.com/300x200?text=No+Image:0
[    6552ms] [ERROR] Failed to load resource: net::ERR_CONNECTION_CLOSED @ https://via.placeholder.com/300x200?text=No+Image:0
[    6649ms] [ERROR] Failed to load resource: net::ERR_CONNECTION_CLOSED @ https://via.placeholder.com/300x200?text=No+Image:0
[    6748ms] [ERROR] Failed to load resource: net::ERR_CONNECTION_CLOSED @ https://via.placeholder.com/300x200?text=No+Image:0
[    6846ms] [ERROR] Failed to load resource: net::ERR_CONNECTION_CLOSED @ https://via.placeholder.com/300x200?text=No+Image:0
[    6944ms] [ERROR] Failed to load resource: net::ERR_CONNECTION_CLOSED @ https://via.placeholder.com/300x200?text=No+Image:0
[    7038ms] [ERROR] Failed to load resource: net::ERR_CONNECTION_CLOSED @ https://via.placeholder.com/300x200?text=No+Image:0
[    7131ms] [ERROR] Failed to load resource: net::ERR_CONNECTION_CLOSED @ https://via.placeholder.com/300x200?text=No+Image:0
[    7229ms] [ERROR] Failed to load resource: net::ERR_CONNECTION_CLOSED @ https://via.placeholder.com/300x200?text=No+Image:0
[    7322ms] [ERROR] Failed to load resource: net::ERR_CONNECTION_CLOSED @ https://via.placeholder.com/300x200?text=No+Image:0
[    7422ms] [ERROR] Failed to load resource: net::ERR_CONNECTION_CLOSED @ https://via.placeholder.com/300x200?text=No+Image:0
[    7516ms] [ERROR] Failed to load resource: net::ERR_CONNECTION_CLOSED @ https://via.placeholder.com/300x200?text=No+Image:0
[    7610ms] [ERROR] Failed to load resource: net::ERR_CONNECTION_CLOSED @ https://via.placeholder.com/300x200?text=No+Image:0
[    7703ms] [ERROR] Failed to load resource: net::ERR_CONNECTION_CLOSED @ https://via.placeholder.com/300x200?text=No+Image:0
[    7797ms] [ERROR] Failed to load resource: net::ERR_CONNECTION_CLOSED @ https://via.placeholder.com/300x200?text=No+Image:0
[    7896ms] [ERROR] Failed to load resource: net::ERR_CONNECTION_CLOSED @ https://via.placeholder.com/300x200?text=No+Image:0
[    7993ms] [ERROR] Failed to load resource: net::ERR_CONNECTION_CLOSED @ https://via.placeholder.com/300x200?text=No+Image:0
[    8087ms] [ERROR] Failed to load resource: net::ERR_CONNECTION_CLOSED @ https://via.placeholder.com/300x200?text=No+Image:0
[    8182ms] [ERROR] Failed to load resource: net::ERR_CONNECTION_CLOSED @ https://via.placeholder.com/300x200?text=No+Image:0
[    8277ms] [ERROR] Failed to load resource: net::ERR_CONNECTION_CLOSED @ https://via.placeholder.com/300x200?text=No+Image:0
[    8372ms] [ERROR] Failed to load resource: net::ERR_CONNECTION_CLOSED @ https://via.placeholder.com/300x200?text=No+Image:0
[    8468ms] [ERROR] Failed to load resource: net::ERR_CONNECTION_CLOSED @ https://via.placeholder.com/300x200?text=No+Image:0
[    8562ms] [ERROR] Failed to load resource: net::ERR_CONNECTION_CLOSED @ https://via.placeholder.com/300x200?text=No+Image:0
[    8651ms] [ERROR] Failed to load resource: net::ERR_CONNECTION_CLOSED @ https://via.placeholder.com/300x200?text=No+Image:0
[    8748ms] [ERROR] Failed to load resource: net::ERR_CONNECTION_CLOSED @ https://via.placeholder.com/300x200?text=No+Image:0
[    8836ms] [ERROR] Failed to load resource: net::ERR_CONNECTION_CLOSED @ https://via.placeholder.com/300x200?text=No+Image:0
[    8930ms] [ERROR] Failed to load resource: net::ERR_CONNECTION_CLOSED @ https://via.placeholder.com/300x200?text=No+Image:0
[    9024ms] [ERROR] Failed to load resource: net::ERR_CONNECTION_CLOSED @ https://via.placeholder.com/300x200?text=No+Image:0
[    9139ms] [ERROR] Failed to load resource: net::ERR_CONNECTION_CLOSED @ https://via.placeholder.com/300x200?text=No+Image:0
[    9248ms] [ERROR] Failed to load resource: net::ERR_CONNECTION_CLOSED @ https://via.placeholder.com/300x200?text=No+Image:0
[    9341ms] [ERROR] Failed to load resource: net::ERR_CONNECTION_CLOSED @ https://via.placeholder.com/300x200?text=No+Image:0
[    9439ms] [ERROR] Failed to load resource: net::ERR_CONNECTION_CLOSED @ https://via.placeholder.com/300x200?text=No+Image:0
[    9535ms] [ERROR] Failed to load resource: net::ERR_CONNECTION_CLOSED @ https://via.placeholder.com/300x200?text=No+Image:0
[    9626ms] [ERROR] Failed to load resource: net::ERR_CONNECTION_CLOSED @ https://via.placeholder.com/300x200?text=No+Image:0
[    9719ms] [ERROR] Failed to load resource: net::ERR_CONNECTION_CLOSED @ https://via.placeholder.com/300x200?text=No+Image:0
[    9819ms] [ERROR] Failed to load resource: net::ERR_CONNECTION_CLOSED @ https://via.placeholder.com/300x200?text=No+Image:0
[    9909ms] [ERROR] Failed to load resource: net::ERR_CONNECTION_CLOSED @ https://via.placeholder.com/300x200?text=No+Image:0
[    9997ms] [ERROR] Failed to load resource: net::ERR_CONNECTION_CLOSED @ https://via.placeholder.com/300x200?text=No+Image:0
[   10090ms] [ERROR] Failed to load resource: net::ERR_CONNECTION_CLOSED @ https://via.placeholder.com/300x200?text=No+Image:0
[   10184ms] [ERROR] Failed to load resource: net::ERR_CONNECTION_CLOSED @ https://via.placeholder.com/300x200?text=No+Image:0
[   10274ms] [ERROR] Failed to load resource: net::ERR_CONNECTION_CLOSED @ https://via.placeholder.com/300x200?text=No+Image:0
[   10366ms] [ERROR] Failed to load resource: net::ERR_CONNECTION_CLOSED @ https://via.placeholder.com/300x200?text=No+Image:0
[   10454ms] [ERROR] Failed to load resource: net::ERR_CONNECTION_CLOSED @ https://via.placeholder.com/300x200?text=No+Image:0
[   10545ms] [ERROR] Failed to load resource: net::ERR_CONNECTION_CLOSED @ https://via.placeholder.com/300x200?text=No+Image:0
[   10634ms] [ERROR] Failed to load resource: net::ERR_CONNECTION_CLOSED @ https://via.placeholder.com/300x200?text=No+Image:0
[   10728ms] [ERROR] Failed to load resource: net::ERR_CONNECTION_CLOSED @ https://via.placeholder.com/300x200?text=No+Image:0
[   10823ms] [ERROR] Failed to load resource: net::ERR_CONNECTION_CLOSED @ https://via.placeholder.com/300x200?text=No+Image:0
[   10917ms] [ERROR] Failed to load resource: net::ERR_CONNECTION_CLOSED @ https://via.placeholder.com/300x200?text=No+Image:0
[   11020ms] [ERROR] Failed to load resource: net::ERR_CONNECTION_CLOSED @ https://via.placeholder.com/300x200?text=No+Image:0
[   11113ms] [ERROR] Failed to load resource: net::ERR_CONNECTION_CLOSED @ https://via.placeholder.com/300x200?text=No+Image:0
[   11208ms] [ERROR] Failed to load resource: net::ERR_CONNECTION_CLOSED @ https://via.placeholder.com/300x200?text=No+Image:0
[   11308ms] [ERROR] Failed to load resource: net::ERR_CONNECTION_CLOSED @ https://via.placeholder.com/300x200?text=No+Image:0
[   11400ms] [ERROR] Failed to load resource: net::ERR_CONNECTION_CLOSED @ https://via.placeholder.com/300x200?text=No+Image:0
[   11496ms] [ERROR] Failed to load resource: net::ERR_CONNECTION_CLOSED @ https://via.placeholder.com/300x200?text=No+Image:0
[   11589ms] [ERROR] Failed to load resource: net::ERR_CONNECTION_CLOSED @ https://via.placeholder.com/300x200?text=No+Image:0
[   11678ms] [ERROR] Failed to load resource: net::ERR_CONNECTION_CLOSED @ https://via.placeholder.com/300x200?text=No+Image:0
[   11771ms] [ERROR] Failed to load resource: net::ERR_CONNECTION_CLOSED @ https://via.placeholder.com/300x200?text=No+Image:0
[   11862ms] [ERROR] Failed to load resource: net::ERR_CONNECTION_CLOSED @ https://via.placeholder.com/300x200?text=No+Image:0
[   11954ms] [ERROR] Failed to load resource: net::ERR_CONNECTION_CLOSED @ https://via.placeholder.com/300x200?text=No+Image:0
[   12056ms] [ERROR] Failed to load resource: net::ERR_CONNECTION_CLOSED @ https://via.placeholder.com/300x200?text=No+Image:0
[   12145ms] [ERROR] Failed to load resource: net::ERR_CONNECTION_CLOSED @ https://via.placeholder.com/300x200?text=No+Image:0
[   12234ms] [ERROR] Failed to load resource: net::ERR_CONNECTION_CLOSED @ https://via.placeholder.com/300x200?text=No+Image:0
[   12326ms] [ERROR] Failed to load resource: net::ERR_CONNECTION_CLOSED @ https://via.placeholder.com/300x200?text=No+Image:0
[   12416ms] [ERROR] Failed to load resource: net::ERR_CONNECTION_CLOSED @ https://via.placeholder.com/300x200?text=No+Image:0
[   12504ms] [ERROR] Failed to load resource: net::ERR_CONNECTION_CLOSED @ https://via.placeholder.com/300x200?text=No+Image:0
[   12596ms] [ERROR] Failed to load resource: net::ERR_CONNECTION_CLOSED @ https://via.placeholder.com/300x200?text=No+Image:0
[   12693ms] [ERROR] Failed to load resource: net::ERR_CONNECTION_CLOSED @ https://via.placeholder.com/300x200?text=No+Image:0
[   12792ms] [ERROR] Failed to load resource: net::ERR_CONNECTION_CLOSED @ https://via.placeholder.com/300x200?text=No+Image:0
[   12886ms] [ERROR] Failed to load resource: net::ERR_CONNECTION_CLOSED @ https://via.placeholder.com/300x200?text=No+Image:0
[   12982ms] [ERROR] Failed to load resource: net::ERR_CONNECTION_CLOSED @ https://via.placeholder.com/300x200?text=No+Image:0
[   13073ms] [ERROR] Failed to load resource: net::ERR_CONNECTION_CLOSED @ https://via.placeholder.com/300x200?text=No+Image:0
[   13164ms] [ERROR] Failed to load resource: net::ERR_CONNECTION_CLOSED @ https://via.placeholder.com/300x200?text=No+Image:0
[   13255ms] [ERROR] Failed to load resource: net::ERR_CONNECTION_CLOSED @ https://via.placeholder.com/300x200?text=No+Image:0
[   13347ms] [ERROR] Failed to load resource: net::ERR_CONNECTION_CLOSED @ https://via.placeholder.com/300x200?text=No+Image:0
[   13445ms] [ERROR] Failed to load resource: net::ERR_CONNECTION_CLOSED @ https://via.placeholder.com/300x200?text=No+Image:0
[   13539ms] [ERROR] Failed to load resource: net::ERR_CONNECTION_CLOSED @ https://via.placeholder.com/300x200?text=No+Image:0
[   13631ms] [ERROR] Failed to load resource: net::ERR_CONNECTION_CLOSED @ https://via.placeholder.com/300x200?text=No+Image:0
[   13724ms] [ERROR] Failed to load resource: net::ERR_CONNECTION_CLOSED @ https://via.placeholder.com/300x200?text=No+Image:0
[   13819ms] [ERROR] Failed to load resource: net::ERR_CONNECTION_CLOSED @ https://via.placeholder.com/300x200?text=No+Image:0
[   13913ms] [ERROR] Failed to load resource: net::ERR_CONNECTION_CLOSED @ https://via.placeholder.com/300x200?text=No+Image:0
[   14016ms] [ERROR] Failed to load resource: net::ERR_CONNECTION_CLOSED @ https://via.placeholder.com/300x200?text=No+Image:0
[   14107ms] [ERROR] Failed to load resource: net::ERR_CONNECTION_CLOSED @ https://via.placeholder.com/300x200?text=No+Image:0
[   14207ms] [ERROR] Failed to load resource: net::ERR_CONNECTION_CLOSED @ https://via.placeholder.com/300x200?text=No+Image:0
[   14300ms] [ERROR] Failed to load resource: net::ERR_CONNECTION_CLOSED @ https://via.placeholder.com/300x200?text=No+Image:0
[   14396ms] [ERROR] Failed to load resource: net::ERR_CONNECTION_CLOSED @ https://via.placeholder.com/300x200?text=No+Image:0
[   14486ms] [ERROR] Failed to load resource: net::ERR_CONNECTION_CLOSED @ https://via.placeholder.com/300x200?text=No+Image:0
[   14578ms] [ERROR] Failed to load resource: net::ERR_CONNECTION_CLOSED @ https://via.placeholder.com/300x200?text=No+Image:0
[   14675ms] [ERROR] Failed to load resource: net::ERR_CONNECTION_CLOSED @ https://via.placeholder.com/300x200?text=No+Image:0
[   14773ms] [ERROR] Failed to load resource: net::ERR_CONNECTION_CLOSED @ https://via.placeholder.com/300x200?text=No+Image:0
[   14868ms] [ERROR] Failed to load resource: net::ERR_CONNECTION_CLOSED @ https://via.placeholder.com/300x200?text=No+Image:0
[   14962ms] [ERROR] Failed to load resource: net::ERR_CONNECTION_CLOSED @ https://via.placeholder.com/300x200?text=No+Image:0
[   15057ms] [ERROR] Failed to load resource: net::ERR_CONNECTION_CLOSED @ https://via.placeholder.com/300x200?text=No+Image:0
[   15152ms] [ERROR] Failed to load resource: net::ERR_CONNECTION_CLOSED @ https://via.placeholder.com/300x200?text=No+Image:0
[   15255ms] [ERROR] Failed to load resource: net::ERR_CONNECTION_CLOSED @ https://via.placeholder.com/300x200?text=No+Image:0
[   15348ms] [ERROR] Failed to load resource: net::ERR_CONNECTION_CLOSED @ https://via.placeholder.com/300x200?text=No+Image:0
[   15438ms] [ERROR] Failed to load resource: net::ERR_CONNECTION_CLOSED @ https://via.placeholder.com/300x200?text=No+Image:0
[   15527ms] [ERROR] Failed to load resource: net::ERR_CONNECTION_CLOSED @ https://via.placeholder.com/300x200?text=No+Image:0
[   15620ms] [ERROR] Failed to load resource: net::ERR_CONNECTION_CLOSED @ https://via.placeholder.com/300x200?text=No+Image:0
[   15713ms] [ERROR] Failed to load resource: net::ERR_CONNECTION_CLOSED @ https://via.placeholder.com/300x200?text=No+Image:0
[   15806ms] [ERROR] Failed to load resource: net::ERR_CONNECTION_CLOSED @ https://via.placeholder.com/300x200?text=No+Image:0
[   15900ms] [ERROR] Failed to load resource: net::ERR_CONNECTION_CLOSED @ https://via.placeholder.com/300x200?text=No+Image:0
[   15990ms] [ERROR] Failed to load resource: net::ERR_CONNECTION_CLOSED @ https://via.placeholder.com/300x200?text=No+Image:0
[   16084ms] [ERROR] Failed to load resource: net::ERR_CONNECTION_CLOSED @ https://via.placeholder.com/300x200?text=No+Image:0
[   16182ms] [ERROR] Failed to load resource: net::ERR_CONNECTION_CLOSED @ https://via.placeholder.com/300x200?text=No+Image:0
[   16278ms] [ERROR] Failed to load resource: net::ERR_CONNECTION_CLOSED @ https://via.placeholder.com/300x200?text=No+Image:0
[   16371ms] [ERROR] Failed to load resource: net::ERR_CONNECTION_CLOSED @ https://via.placeholder.com/300x200?text=No+Image:0
[   16465ms] [ERROR] Failed to load resource: net::ERR_CONNECTION_CLOSED @ https://via.placeholder.com/300x200?text=No+Image:0
[   16556ms] [ERROR] Failed to load resource: net::ERR_CONNECTION_CLOSED @ https://via.placeholder.com/300x200?text=No+Image:0
[   16652ms] [ERROR] Failed to load resource: net::ERR_CONNECTION_CLOSED @ https://via.placeholder.com/300x200?text=No+Image:0
[   16757ms] [ERROR] Failed to load resource: net::ERR_CONNECTION_CLOSED @ https://via.placeholder.com/300x200?text=No+Image:0
[   16851ms] [ERROR] Failed to load resource: net::ERR_CONNECTION_CLOSED @ https://via.placeholder.com/300x200?text=No+Image:0
[   16943ms] [ERROR] Failed to load resource: net::ERR_CONNECTION_CLOSED @ https://via.placeholder.com/300x200?text=No+Image:0
[   17033ms] [ERROR] Failed to load resource: net::ERR_CONNECTION_CLOSED @ https://via.placeholder.com/300x200?text=No+Image:0
[   17126ms] [ERROR] Failed to load resource: net::ERR_CONNECTION_CLOSED @ https://via.placeholder.com/300x200?text=No+Image:0
[   17214ms] [ERROR] Failed to load resource: net::ERR_CONNECTION_CLOSED @ https://via.placeholder.com/300x200?text=No+Image:0
[   17323ms] [ERROR] Failed to load resource: net::ERR_CONNECTION_CLOSED @ https://via.placeholder.com/300x200?text=No+Image:0
[   17418ms] [ERROR] Failed to load resource: net::ERR_CONNECTION_CLOSED @ https://via.placeholder.com/300x200?text=No+Image:0
[   17508ms] [ERROR] Failed to load resource: net::ERR_CONNECTION_CLOSED @ https://via.placeholder.com/300x200?text=No+Image:0
[   17601ms] [ERROR] Failed to load resource: net::ERR_CONNECTION_CLOSED @ https://via.placeholder.com/300x200?text=No+Image:0
[   17695ms] [ERROR] Failed to load resource: net::ERR_CONNECTION_CLOSED @ https://via.placeholder.com/300x200?text=No+Image:0
[   17787ms] [ERROR] Failed to load resource: net::ERR_CONNECTION_CLOSED @ https://via.placeholder.com/300x200?text=No+Image:0
[   17881ms] [ERROR] Failed to load resource: net::ERR_CONNECTION_CLOSED @ https://via.placeholder.com/300x200?text=No+Image:0
[   17975ms] [ERROR] Failed to load resource: net::ERR_CONNECTION_CLOSED @ https://via.placeholder.com/300x200?text=No+Image:0
[   18071ms] [ERROR] Failed to load resource: net::ERR_CONNECTION_CLOSED @ https://via.placeholder.com/300x200?text=No+Image:0
[   18164ms] [ERROR] Failed to load resource: net::ERR_CONNECTION_CLOSED @ https://via.placeholder.com/300x200?text=No+Image:0
[   18258ms] [ERROR] Failed to load resource: net::ERR_CONNECTION_CLOSED @ https://via.placeholder.com/300x200?text=No+Image:0
[   18354ms] [ERROR] Failed to load resource: net::ERR_CONNECTION_CLOSED @ https://via.placeholder.com/300x200?text=No+Image:0
[   18450ms] [ERROR] Failed to load resource: net::ERR_CONNECTION_CLOSED @ https://via.placeholder.com/300x200?text=No+Image:0
[   18538ms] [ERROR] Failed to load resource: net::ERR_CONNECTION_CLOSED @ https://via.placeholder.com/300x200?text=No+Image:0
[   18627ms] [ERROR] Failed to load resource: net::ERR_CONNECTION_CLOSED @ https://via.placeholder.com/300x200?text=No+Image:0
[   18717ms] [ERROR] Failed to load resource: net::ERR_CONNECTION_CLOSED @ https://via.placeholder.com/300x200?text=No+Image:0
[   18809ms] [ERROR] Failed to load resource: net::ERR_CONNECTION_CLOSED @ https://via.placeholder.com/300x200?text=No+Image:0
[   18899ms] [ERROR] Failed to load resource: net::ERR_CONNECTION_CLOSED @ https://via.placeholder.com/300x200?text=No+Image:0
[   18992ms] [ERROR] Failed to load resource: net::ERR_CONNECTION_CLOSED @ https://via.placeholder.com/300x200?text=No+Image:0
[   19079ms] [ERROR] Failed to load resource: net::ERR_CONNECTION_CLOSED @ https://via.placeholder.com/300x200?text=No+Image:0
[   19170ms] [ERROR] Failed to load resource: net::ERR_CONNECTION_CLOSED @ https://via.placeholder.com/300x200?text=No+Image:0
[   19262ms] [ERROR] Failed to load resource: net::ERR_CONNECTION_CLOSED @ https://via.placeholder.com/300x200?text=No+Image:0
[   19355ms] [ERROR] Failed to load resource: net::ERR_CONNECTION_CLOSED @ https://via.placeholder.com/300x200?text=No+Image:0
[   19445ms] [ERROR] Failed to load resource: net::ERR_CONNECTION_CLOSED @ https://via.placeholder.com/300x200?text=No+Image:0
[   19542ms] [ERROR] Failed to load resource: net::ERR_CONNECTION_CLOSED @ https://via.placeholder.com/300x200?text=No+Image:0
[   19636ms] [ERROR] Failed to load resource: net::ERR_CONNECTION_CLOSED @ https://via.placeholder.com/300x200?text=No+Image:0
[   19732ms] [ERROR] Failed to load resource: net::ERR_CONNECTION_CLOSED @ https://via.placeholder.com/300x200?text=No+Image:0
[   19832ms] [ERROR] Failed to load resource: net::ERR_CONNECTION_CLOSED @ https://via.placeholder.com/300x200?text=No+Image:0
[   19925ms] [ERROR] Failed to load resource: net::ERR_CONNECTION_CLOSED @ https://via.placeholder.com/300x200?text=No+Image:0
[   20020ms] [ERROR] Failed to load resource: net::ERR_CONNECTION_CLOSED @ https://via.placeholder.com/300x200?text=No+Image:0
[   20112ms] [ERROR] Failed to load resource: net::ERR_CONNECTION_CLOSED @ https://via.placeholder.com/300x200?text=No+Image:0
[   20203ms] [ERROR] Failed to load resource: net::ERR_CONNECTION_CLOSED @ https://via.placeholder.com/300x200?text=No+Image:0
[   20302ms] [ERROR] Failed to load resource: net::ERR_CONNECTION_CLOSED @ https://via.placeholder.com/300x200?text=No+Image:0
[   20394ms] [ERROR] Failed to load resource: net::ERR_CONNECTION_CLOSED @ https://via.placeholder.com/300x200?text=No+Image:0
[   20487ms] [ERROR] Failed to load resource: net::ERR_CONNECTION_CLOSED @ https://via.placeholder.com/300x200?text=No+Image:0
[   20580ms] [ERROR] Failed to load resource: net::ERR_CONNECTION_CLOSED @ https://via.placeholder.com/300x200?text=No+Image:0
[   20672ms] [ERROR] Failed to load resource: net::ERR_CONNECTION_CLOSED @ https://via.placeholder.com/300x200?text=No+Image:0
[   20772ms] [ERROR] Failed to load resource: net::ERR_CONNECTION_CLOSED @ https://via.placeholder.com/300x200?text=No+Image:0
[   20866ms] [ERROR] Failed to load resource: net::ERR_CONNECTION_CLOSED @ https://via.placeholder.com/300x200?text=No+Image:0
[   20962ms] [ERROR] Failed to load resource: net::ERR_CONNECTION_CLOSED @ https://via.placeholder.com/300x200?text=No+Image:0
[   21055ms] [ERROR] Failed to load resource: net::ERR_CONNECTION_CLOSED @ https://via.placeholder.com/300x200?text=No+Image:0
[   21149ms] [ERROR] Failed to load resource: net::ERR_CONNECTION_CLOSED @ https://via.placeholder.com/300x200?text=No+Image:0
[   21242ms] [ERROR] Failed to load resource: net::ERR_CONNECTION_CLOSED @ https://via.placeholder.com/300x200?text=No+Image:0
[   21338ms] [ERROR] Failed to load resource: net::ERR_CONNECTION_CLOSED @ https://via.placeholder.com/300x200?text=No+Image:0
[   21435ms] [ERROR] Failed to load resource: net::ERR_CONNECTION_CLOSED @ https://via.placeholder.com/300x200?text=No+Image:0
[   21526ms] [ERROR] Failed to load resource: net::ERR_CONNECTION_CLOSED @ https://via.placeholder.com/300x200?text=No+Image:0
[   21621ms] [ERROR] Failed to load resource: net::ERR_CONNECTION_CLOSED @ https://via.placeholder.com/300x200?text=No+Image:0
[   21710ms] [ERROR] Failed to load resource: net::ERR_CONNECTION_CLOSED @ https://via.placeholder.com/300x200?text=No+Image:0
[   21812ms] [ERROR] Failed to load resource: net::ERR_CONNECTION_CLOSED @ https://via.placeholder.com/300x200?text=No+Image:0
[   21904ms] [ERROR] Failed to load resource: net::ERR_CONNECTION_CLOSED @ https://via.placeholder.com/300x200?text=No+Image:0
[   21996ms] [ERROR] Failed to load resource: net::ERR_CONNECTION_CLOSED @ https://via.placeholder.com/300x200?text=No+Image:0
[   22089ms] [ERROR] Failed to load resource: net::ERR_CONNECTION_CLOSED @ https://via.placeholder.com/300x200?text=No+Image:0
[   22179ms] [ERROR] Failed to load resource: net::ERR_CONNECTION_CLOSED @ https://via.placeholder.com/300x200?text=No+Image:0
[   22271ms] [ERROR] Failed to load resource: net::ERR_CONNECTION_CLOSED @ https://via.placeholder.com/300x200?text=No+Image:0
[   22363ms] [ERROR] Failed to load resource: net::ERR_CONNECTION_CLOSED @ https://via.placeholder.com/300x200?text=No+Image:0
[   22456ms] [ERROR] Failed to load resource: net::ERR_CONNECTION_CLOSED @ https://via.placeholder.com/300x200?text=No+Image:0
[   22545ms] [ERROR] Failed to load resource: net::ERR_CONNECTION_CLOSED @ https://via.placeholder.com/300x200?text=No+Image:0
[   22637ms] [ERROR] Failed to load resource: net::ERR_CONNECTION_CLOSED @ https://via.placeholder.com/300x200?text=No+Image:0
[   22740ms] [ERROR] Failed to load resource: net::ERR_CONNECTION_CLOSED @ https://via.placeholder.com/300x200?text=No+Image:0
[   22835ms] [ERROR] Failed to load resource: net::ERR_CONNECTION_CLOSED @ https://via.placeholder.com/300x200?text=No+Image:0
[   22931ms] [ERROR] Failed to load resource: net::ERR_CONNECTION_CLOSED @ https://via.placeholder.com/300x200?text=No+Image:0
[   23022ms] [ERROR] Failed to load resource: net::ERR_CONNECTION_CLOSED @ https://via.placeholder.com/300x200?text=No+Image:0
[   23118ms] [ERROR] Failed to load resource: net::ERR_CONNECTION_CLOSED @ https://via.placeholder.com/300x200?text=No+Image:0
[   23208ms] [ERROR] Failed to load resource: net::ERR_CONNECTION_CLOSED @ https://via.placeholder.com/300x200?text=No+Image:0
[   23311ms] [ERROR] Failed to load resource: net::ERR_CONNECTION_CLOSED @ https://via.placeholder.com/300x200?text=No+Image:0
[   23403ms] [ERROR] Failed to load resource: net::ERR_CONNECTION_CLOSED @ https://via.placeholder.com/300x200?text=No+Image:0
[   23498ms] [ERROR] Failed to load resource: net::ERR_CONNECTION_CLOSED @ https://via.placeholder.com/300x200?text=No+Image:0
[   23591ms] [ERROR] Failed to load resource: net::ERR_CONNECTION_CLOSED @ https://via.placeholder.com/300x200?text=No+Image:0
[   23694ms] [ERROR] Failed to load resource: net::ERR_CONNECTION_CLOSED @ https://via.placeholder.com/300x200?text=No+Image:0
[   23799ms] [ERROR] Failed to load resource: net::ERR_CONNECTION_CLOSED @ https://via.placeholder.com/300x200?text=No+Image:0
[   23898ms] [ERROR] Failed to load resource: net::ERR_CONNECTION_CLOSED @ https://via.placeholder.com/300x200?text=No+Image:0
[   23991ms] [ERROR] Failed to load resource: net::ERR_CONNECTION_CLOSED @ https://via.placeholder.com/300x200?text=No+Image:0
[   24085ms] [ERROR] Failed to load resource: net::ERR_CONNECTION_CLOSED @ https://via.placeholder.com/300x200?text=No+Image:0
[   24175ms] [ERROR] Failed to load resource: net::ERR_CONNECTION_CLOSED @ https://via.placeholder.com/300x200?text=No+Image:0
[   24270ms] [ERROR] Failed to load resource: net::ERR_CONNECTION_CLOSED @ https://via.placeholder.com/300x200?text=No+Image:0
[   24364ms] [ERROR] Failed to load resource: net::ERR_CONNECTION_CLOSED @ https://via.placeholder.com/300x200?text=No+Image:0
[   24458ms] [ERROR] Failed to load resource: net::ERR_CONNECTION_CLOSED @ https://via.placeholder.com/300x200?text=No+Image:0
[   24551ms] [ERROR] Failed to load resource: net::ERR_CONNECTION_CLOSED @ https://via.placeholder.com/300x200?text=No+Image:0
[   24644ms] [ERROR] Failed to load resource: net::ERR_CONNECTION_CLOSED @ https://via.placeholder.com/300x200?text=No+Image:0
[   24740ms] [ERROR] Failed to load resource: net::ERR_CONNECTION_CLOSED @ https://via.placeholder.com/300x200?text=No+Image:0
[   24835ms] [ERROR] Failed to load resource: net::ERR_CONNECTION_CLOSED @ https://via.placeholder.com/300x200?text=No+Image:0
[   24925ms] [ERROR] Failed to load resource: net::ERR_CONNECTION_CLOSED @ https://via.placeholder.com/300x200?text=No+Image:0
[   25028ms] [ERROR] Failed to load resource: net::ERR_CONNECTION_CLOSED @ https://via.placeholder.com/300x200?text=No+Image:0
[   25119ms] [ERROR] Failed to load resource: net::ERR_CONNECTION_CLOSED @ https://via.placeholder.com/300x200?text=No+Image:0
[   25211ms] [ERROR] Failed to load resource: net::ERR_CONNECTION_CLOSED @ https://via.placeholder.com/300x200?text=No+Image:0
[   25314ms] [ERROR] Failed to load resource: net::ERR_CONNECTION_CLOSED @ https://via.placeholder.com/300x200?text=No+Image:0
[   25421ms] [ERROR] Failed to load resource: net::ERR_CONNECTION_CLOSED @ https://via.placeholder.com/300x200?text=No+Image:0
[   25513ms] [ERROR] Failed to load resource: net::ERR_CONNECTION_CLOSED @ https://via.placeholder.com/300x200?text=No+Image:0
[   25609ms] [ERROR] Failed to load resource: net::ERR_CONNECTION_CLOSED @ https://via.placeholder.com/300x200?text=No+Image:0
[   25707ms] [ERROR] Failed to load resource: net::ERR_CONNECTION_CLOSED @ https://via.placeholder.com/300x200?text=No+Image:0
[   25800ms] [ERROR] Failed to load resource: net::ERR_CONNECTION_CLOSED @ https://via.placeholder.com/300x200?text=No+Image:0
[   25891ms] [ERROR] Failed to load resource: net::ERR_CONNECTION_CLOSED @ https://via.placeholder.com/300x200?text=No+Image:0
[   25983ms] [ERROR] Failed to load resource: net::ERR_CONNECTION_CLOSED @ https://via.placeholder.com/300x200?text=No+Image:0
[   26086ms] [ERROR] Failed to load resource: net::ERR_CONNECTION_CLOSED @ https://via.placeholder.com/300x200?text=No+Image:0
[   26180ms] [ERROR] Failed to load resource: net::ERR_CONNECTION_CLOSED @ https://via.placeholder.com/300x200?text=No+Image:0
[   26273ms] [ERROR] Failed to load resource: net::ERR_CONNECTION_CLOSED @ https://via.placeholder.com/300x200?text=No+Image:0
[   26368ms] [ERROR] Failed to load resource: net::ERR_CONNECTION_CLOSED @ https://via.placeholder.com/300x200?text=No+Image:0
[   26457ms] [ERROR] Failed to load resource: net::ERR_CONNECTION_CLOSED @ https://via.placeholder.com/300x200?text=No+Image:0
[   26545ms] [ERROR] Failed to load resource: net::ERR_CONNECTION_CLOSED @ https://via.placeholder.com/300x200?text=No+Image:0
[   26637ms] [ERROR] Failed to load resource: net::ERR_CONNECTION_CLOSED @ https://via.placeholder.com/300x200?text=No+Image:0
[   26725ms] [ERROR] Failed to load resource: net::ERR_CONNECTION_CLOSED @ https://via.placeholder.com/300x200?text=No+Image:0
[   26820ms] [ERROR] Failed to load resource: net::ERR_CONNECTION_CLOSED @ https://via.placeholder.com/300x200?text=No+Image:0
[   26911ms] [ERROR] Failed to load resource: net::ERR_CONNECTION_CLOSED @ https://via.placeholder.com/300x200?text=No+Image:0
[   27009ms] [ERROR] Failed to load resource: net::ERR_CONNECTION_CLOSED @ https://via.placeholder.com/300x200?text=No+Image:0
[   27103ms] [ERROR] Failed to load resource: net::ERR_CONNECTION_CLOSED @ https://via.placeholder.com/300x200?text=No+Image:0
[   27195ms] [ERROR] Failed to load resource: net::ERR_CONNECTION_CLOSED @ https://via.placeholder.com/300x200?text=No+Image:0
[   27292ms] [ERROR] Failed to load resource: net::ERR_CONNECTION_CLOSED @ https://via.placeholder.com/300x200?text=No+Image:0
[   27383ms] [ERROR] Failed to load resource: net::ERR_CONNECTION_CLOSED @ https://via.placeholder.com/300x200?text=No+Image:0
[   27477ms] [ERROR] Failed to load resource: net::ERR_CONNECTION_CLOSED @ https://via.placeholder.com/300x200?text=No+Image:0
[   27571ms] [ERROR] Failed to load resource: net::ERR_CONNECTION_CLOSED @ https://via.placeholder.com/300x200?text=No+Image:0
[   27662ms] [ERROR] Failed to load resource: net::ERR_CONNECTION_CLOSED @ https://via.placeholder.com/300x200?text=No+Image:0
[   27754ms] [ERROR] Failed to load resource: net::ERR_CONNECTION_CLOSED @ https://via.placeholder.com/300x200?text=No+Image:0
[   27842ms] [ERROR] Failed to load resource: net::ERR_CONNECTION_CLOSED @ https://via.placeholder.com/300x200?text=No+Image:0
[   27933ms] [ERROR] Failed to load resource: net::ERR_CONNECTION_CLOSED @ https://via.placeholder.com/300x200?text=No+Image:0
[   28027ms] [ERROR] Failed to load resource: net::ERR_CONNECTION_CLOSED @ https://via.placeholder.com/300x200?text=No+Image:0
[   28119ms] [ERROR] Failed to load resource: net::ERR_CONNECTION_CLOSED @ https://via.placeholder.com/300x200?text=No+Image:0
[   28212ms] [ERROR] Failed to load resource: net::ERR_CONNECTION_CLOSED @ https://via.placeholder.com/300x200?text=No+Image:0
[   28314ms] [ERROR] Failed to load resource: net::ERR_CONNECTION_CLOSED @ https://via.placeholder.com/300x200?text=No+Image:0
[   28410ms] [ERROR] Failed to load resource: net::ERR_CONNECTION_CLOSED @ https://via.placeholder.com/300x200?text=No+Image:0
[   28514ms] [ERROR] Failed to load resource: net::ERR_CONNECTION_CLOSED @ https://via.placeholder.com/300x200?text=No+Image:0
[   28605ms] [ERROR] Failed to load resource: net::ERR_CONNECTION_CLOSED @ https://via.placeholder.com/300x200?text=No+Image:0
[   28700ms] [ERROR] Failed to load resource: net::ERR_CONNECTION_CLOSED @ https://via.placeholder.com/300x200?text=No+Image:0
[   28795ms] [ERROR] Failed to load resource: net::ERR_CONNECTION_CLOSED @ https://via.placeholder.com/300x200?text=No+Image:0
[   28885ms] [ERROR] Failed to load resource: net::ERR_CONNECTION_CLOSED @ https://via.placeholder.com/300x200?text=No+Image:0
[   28980ms] [ERROR] Failed to load resource: net::ERR_CONNECTION_CLOSED @ https://via.placeholder.com/300x200?text=No+Image:0
[   29073ms] [ERROR] Failed to load resource: net::ERR_CONNECTION_CLOSED @ https://via.placeholder.com/300x200?text=No+Image:0
[   29172ms] [ERROR] Failed to load resource: net::ERR_CONNECTION_CLOSED @ https://via.placeholder.com/300x200?text=No+Image:0
[   29272ms] [ERROR] Failed to load resource: net::ERR_CONNECTION_CLOSED @ https://via.placeholder.com/300x200?text=No+Image:0
[   29376ms] [ERROR] Failed to load resource: net::ERR_CONNECTION_CLOSED @ https://via.placeholder.com/300x200?text=No+Image:0
[   29468ms] [ERROR] Failed to load resource: net::ERR_CONNECTION_CLOSED @ https://via.placeholder.com/300x200?text=No+Image:0
[   29560ms] [ERROR] Failed to load resource: net::ERR_CONNECTION_CLOSED @ https://via.placeholder.com/300x200?text=No+Image:0
[   29653ms] [ERROR] Failed to load resource: net::ERR_CONNECTION_CLOSED @ https://via.placeholder.com/300x200?text=No+Image:0
[   29741ms] [ERROR] Failed to load resource: net::ERR_CONNECTION_CLOSED @ https://via.placeholder.com/300x200?text=No+Image:0
[   29846ms] [ERROR] Failed to load resource: net::ERR_CONNECTION_CLOSED @ https://via.placeholder.com/300x200?text=No+Image:0
[   29936ms] [ERROR] Failed to load resource: net::ERR_CONNECTION_CLOSED @ https://via.placeholder.com/300x200?text=No+Image:0
[   30028ms] [ERROR] Failed to load resource: net::ERR_CONNECTION_CLOSED @ https://via.placeholder.com/300x200?text=No+Image:0
[   30125ms] [ERROR] Failed to load resource: net::ERR_CONNECTION_CLOSED @ https://via.placeholder.com/300x200?text=No+Image:0
[   30220ms] [ERROR] Failed to load resource: net::ERR_CONNECTION_CLOSED @ https://via.placeholder.com/300x200?text=No+Image:0
[   30318ms] [ERROR] Failed to load resource: net::ERR_CONNECTION_CLOSED @ https://via.placeholder.com/300x200?text=No+Image:0
[   30415ms] [ERROR] Failed to load resource: net::ERR_CONNECTION_CLOSED @ https://via.placeholder.com/300x200?text=No+Image:0
[   30512ms] [ERROR] Failed to load resource: net::ERR_CONNECTION_CLOSED @ https://via.placeholder.com/300x200?text=No+Image:0
[   30606ms] [ERROR] Failed to load resource: net::ERR_CONNECTION_CLOSED @ https://via.placeholder.com/300x200?text=No+Image:0
[   30697ms] [ERROR] Failed to load resource: net::ERR_CONNECTION_CLOSED @ https://via.placeholder.com/300x200?text=No+Image:0
[   30798ms] [ERROR] Failed to load resource: net::ERR_CONNECTION_CLOSED @ https://via.placeholder.com/300x200?text=No+Image:0
[   30888ms] [ERROR] Failed to load resource: net::ERR_CONNECTION_CLOSED @ https://via.placeholder.com/300x200?text=No+Image:0
[   30981ms] [ERROR] Failed to load resource: net::ERR_CONNECTION_CLOSED @ https://via.placeholder.com/300x200?text=No+Image:0
[   31076ms] [ERROR] Failed to load resource: net::ERR_CONNECTION_CLOSED @ https://via.placeholder.com/300x200?text=No+Image:0
[   31165ms] [ERROR] Failed to load resource: net::ERR_CONNECTION_CLOSED @ https://via.placeholder.com/300x200?text=No+Image:0
[   31257ms] [ERROR] Failed to load resource: net::ERR_CONNECTION_CLOSED @ https://via.placeholder.com/300x200?text=No+Image:0
[   31351ms] [ERROR] Failed to load resource: net::ERR_CONNECTION_CLOSED @ https://via.placeholder.com/300x200?text=No+Image:0
[   31443ms] [ERROR] Failed to load resource: net::ERR_CONNECTION_CLOSED @ https://via.placeholder.com/300x200?text=No+Image:0
[   31540ms] [ERROR] Failed to load resource: net::ERR_CONNECTION_CLOSED @ https://via.placeholder.com/300x200?text=No+Image:0
[   31629ms] [ERROR] Failed to load resource: net::ERR_CONNECTION_CLOSED @ https://via.placeholder.com/300x200?text=No+Image:0
[   31721ms] [ERROR] Failed to load resource: net::ERR_CONNECTION_CLOSED @ https://via.placeholder.com/300x200?text=No+Image:0
[   31838ms] [ERROR] Failed to load resource: net::ERR_CONNECTION_CLOSED @ https://via.placeholder.com/300x200?text=No+Image:0
[   31932ms] [ERROR] Failed to load resource: net::ERR_CONNECTION_CLOSED @ https://via.placeholder.com/300x200?text=No+Image:0
[   32027ms] [ERROR] Failed to load resource: net::ERR_CONNECTION_CLOSED @ https://via.placeholder.com/300x200?text=No+Image:0
[   32118ms] [ERROR] Failed to load resource: net::ERR_CONNECTION_CLOSED @ https://via.placeholder.com/300x200?text=No+Image:0
[   32209ms] [ERROR] Failed to load resource: net::ERR_CONNECTION_CLOSED @ https://via.placeholder.com/300x200?text=No+Image:0
[   32300ms] [ERROR] Failed to load resource: net::ERR_CONNECTION_CLOSED @ https://via.placeholder.com/300x200?text=No+Image:0
[   32392ms] [ERROR] Failed to load resource: net::ERR_CONNECTION_CLOSED @ https://via.placeholder.com/300x200?text=No+Image:0
[   32487ms] [ERROR] Failed to load resource: net::ERR_CONNECTION_CLOSED @ https://via.placeholder.com/300x200?text=No+Image:0
[   32581ms] [ERROR] Failed to load resource: net::ERR_CONNECTION_CLOSED @ https://via.placeholder.com/300x200?text=No+Image:0
[   32675ms] [ERROR] Failed to load resource: net::ERR_CONNECTION_CLOSED @ https://via.placeholder.com/300x200?text=No+Image:0
[   32775ms] [ERROR] Failed to load resource: net::ERR_CONNECTION_CLOSED @ https://via.placeholder.com/300x200?text=No+Image:0
[   32871ms] [ERROR] Failed to load resource: net::ERR_CONNECTION_CLOSED @ https://via.placeholder.com/300x200?text=No+Image:0
[   32962ms] [ERROR] Failed to load resource: net::ERR_CONNECTION_CLOSED @ https://via.placeholder.com/300x200?text=No+Image:0
[   33055ms] [ERROR] Failed to load resource: net::ERR_CONNECTION_CLOSED @ https://via.placeholder.com/300x200?text=No+Image:0
[   33144ms] [ERROR] Failed to load resource: net::ERR_CONNECTION_CLOSED @ https://via.placeholder.com/300x200?text=No+Image:0
[   33237ms] [ERROR] Failed to load resource: net::ERR_CONNECTION_CLOSED @ https://via.placeholder.com/300x200?text=No+Image:0
[   33328ms] [ERROR] Failed to load resource: net::ERR_CONNECTION_CLOSED @ https://via.placeholder.com/300x200?text=No+Image:0
[   33420ms] [ERROR] Failed to load resource: net::ERR_CONNECTION_CLOSED @ https://via.placeholder.com/300x200?text=No+Image:0
[   33513ms] [ERROR] Failed to load resource: net::ERR_CONNECTION_CLOSED @ https://via.placeholder.com/300x200?text=No+Image:0
[   33605ms] [ERROR] Failed to load resource: net::ERR_CONNECTION_CLOSED @ https://via.placeholder.com/300x200?text=No+Image:0
[   33702ms] [ERROR] Failed to load resource: net::ERR_CONNECTION_CLOSED @ https://via.placeholder.com/300x200?text=No+Image:0
[   33798ms] [ERROR] Failed to load resource: net::ERR_CONNECTION_CLOSED @ https://via.placeholder.com/300x200?text=No+Image:0
[   33891ms] [ERROR] Failed to load resource: net::ERR_CONNECTION_CLOSED @ https://via.placeholder.com/300x200?text=No+Image:0
[   33984ms] [ERROR] Failed to load resource: net::ERR_CONNECTION_CLOSED @ https://via.placeholder.com/300x200?text=No+Image:0
[   34075ms] [ERROR] Failed to load resource: net::ERR_CONNECTION_CLOSED @ https://via.placeholder.com/300x200?text=No+Image:0
[   34169ms] [ERROR] Failed to load resource: net::ERR_CONNECTION_CLOSED @ https://via.placeholder.com/300x200?text=No+Image:0
[   34260ms] [ERROR] Failed to load resource: net::ERR_CONNECTION_CLOSED @ https://via.placeholder.com/300x200?text=No+Image:0
[   34357ms] [ERROR] Failed to load resource: net::ERR_CONNECTION_CLOSED @ https://via.placeholder.com/300x200?text=No+Image:0
[   34451ms] [ERROR] Failed to load resource: net::ERR_CONNECTION_CLOSED @ https://via.placeholder.com/300x200?text=No+Image:0
[   34548ms] [ERROR] Failed to load resource: net::ERR_CONNECTION_CLOSED @ https://via.placeholder.com/300x200?text=No+Image:0
[   34637ms] [ERROR] Failed to load resource: net::ERR_CONNECTION_CLOSED @ https://via.placeholder.com/300x200?text=No+Image:0
[   34729ms] [ERROR] Failed to load resource: net::ERR_CONNECTION_CLOSED @ https://via.placeholder.com/300x200?text=No+Image:0
[   34824ms] [ERROR] Failed to load resource: net::ERR_CONNECTION_CLOSED @ https://via.placeholder.com/300x200?text=No+Image:0
[   34923ms] [ERROR] Failed to load resource: net::ERR_CONNECTION_CLOSED @ https://via.placeholder.com/300x200?text=No+Image:0
[   35015ms] [ERROR] Failed to load resource: net::ERR_CONNECTION_CLOSED @ https://via.placeholder.com/300x200?text=No+Image:0
[   35116ms] [ERROR] Failed to load resource: net::ERR_CONNECTION_CLOSED @ https://via.placeholder.com/300x200?text=No+Image:0
[   35208ms] [ERROR] Failed to load resource: net::ERR_CONNECTION_CLOSED @ https://via.placeholder.com/300x200?text=No+Image:0
[   35302ms] [ERROR] Failed to load resource: net::ERR_CONNECTION_CLOSED @ https://via.placeholder.com/300x200?text=No+Image:0
[   35396ms] [ERROR] Failed to load resource: net::ERR_CONNECTION_CLOSED @ https://via.placeholder.com/300x200?text=No+Image:0
[   35488ms] [ERROR] Failed to load resource: net::ERR_CONNECTION_CLOSED @ https://via.placeholder.com/300x200?text=No+Image:0
[   35585ms] [ERROR] Failed to load resource: net::ERR_CONNECTION_CLOSED @ https://via.placeholder.com/300x200?text=No+Image:0
[   35679ms] [ERROR] Failed to load resource: net::ERR_CONNECTION_CLOSED @ https://via.placeholder.com/300x200?text=No+Image:0
[   35782ms] [ERROR] Failed to load resource: net::ERR_CONNECTION_CLOSED @ https://via.placeholder.com/300x200?text=No+Image:0
[   35877ms] [ERROR] Failed to load resource: net::ERR_CONNECTION_CLOSED @ https://via.placeholder.com/300x200?text=No+Image:0
[   35976ms] [ERROR] Failed to load resource: net::ERR_CONNECTION_CLOSED @ https://via.placeholder.com/300x200?text=No+Image:0
[   36076ms] [ERROR] Failed to load resource: net::ERR_CONNECTION_CLOSED @ https://via.placeholder.com/300x200?text=No+Image:0
[   36175ms] [ERROR] Failed to load resource: net::ERR_CONNECTION_CLOSED @ https://via.placeholder.com/300x200?text=No+Image:0
[   36309ms] [ERROR] Failed to load resource: net::ERR_CONNECTION_CLOSED @ https://via.placeholder.com/300x200?text=No+Image:0
[   36401ms] [ERROR] Failed to load resource: net::ERR_CONNECTION_CLOSED @ https://via.placeholder.com/300x200?text=No+Image:0
[   36491ms] [ERROR] Failed to load resource: net::ERR_CONNECTION_CLOSED @ https://via.placeholder.com/300x200?text=No+Image:0
[   36596ms] [ERROR] Failed to load resource: net::ERR_CONNECTION_CLOSED @ https://via.placeholder.com/300x200?text=No+Image:0
[   36740ms] [ERROR] Failed to load resource: net::ERR_CONNECTION_CLOSED @ https://via.placeholder.com/300x200?text=No+Image:0
[   36838ms] [ERROR] Failed to load resource: net::ERR_CONNECTION_CLOSED @ https://via.placeholder.com/300x200?text=No+Image:0
[   36942ms] [ERROR] Failed to load resource: net::ERR_CONNECTION_CLOSED @ https://via.placeholder.com/300x200?text=No+Image:0
[   37037ms] [ERROR] Failed to load resource: net::ERR_CONNECTION_CLOSED @ https://via.placeholder.com/300x200?text=No+Image:0
[   37130ms] [ERROR] Failed to load resource: net::ERR_CONNECTION_CLOSED @ https://via.placeholder.com/300x200?text=No+Image:0
[   37222ms] [ERROR] Failed to load resource: net::ERR_CONNECTION_CLOSED @ https://via.placeholder.com/300x200?text=No+Image:0
[   37325ms] [ERROR] Failed to load resource: net::ERR_CONNECTION_CLOSED @ https://via.placeholder.com/300x200?text=No+Image:0
[   37418ms] [ERROR] Failed to load resource: net::ERR_CONNECTION_CLOSED @ https://via.placeholder.com/300x200?text=No+Image:0
[   37514ms] [ERROR] Failed to load resource: net::ERR_CONNECTION_CLOSED @ https://via.placeholder.com/300x200?text=No+Image:0
[   37610ms] [ERROR] Failed to load resource: net::ERR_CONNECTION_CLOSED @ https://via.placeholder.com/300x200?text=No+Image:0
[   37700ms] [ERROR] Failed to load resource: net::ERR_CONNECTION_CLOSED @ https://via.placeholder.com/300x200?text=No+Image:0
[   37799ms] [ERROR] Failed to load resource: net::ERR_CONNECTION_CLOSED @ https://via.placeholder.com/300x200?text=No+Image:0
[   37902ms] [ERROR] Failed to load resource: net::ERR_CONNECTION_CLOSED @ https://via.placeholder.com/300x200?text=No+Image:0
[   38000ms] [ERROR] Failed to load resource: net::ERR_CONNECTION_CLOSED @ https://via.placeholder.com/300x200?text=No+Image:0
[   38093ms] [ERROR] Failed to load resource: net::ERR_CONNECTION_CLOSED @ https://via.placeholder.com/300x200?text=No+Image:0
[   38200ms] [ERROR] Failed to load resource: net::ERR_CONNECTION_CLOSED @ https://via.placeholder.com/300x200?text=No+Image:0
[   38330ms] [ERROR] Failed to load resource: net::ERR_CONNECTION_CLOSED @ https://via.placeholder.com/300x200?text=No+Image:0
[   38420ms] [ERROR] Failed to load resource: net::ERR_CONNECTION_CLOSED @ https://via.placeholder.com/300x200?text=No+Image:0
[   38513ms] [ERROR] Failed to load resource: net::ERR_CONNECTION_CLOSED @ https://via.placeholder.com/300x200?text=No+Image:0
[   39011ms] [ERROR] Failed to load resource: net::ERR_CONNECTION_CLOSED @ https://via.placeholder.com/300x200?text=No+Image:0
[   39102ms] [ERROR] Failed to load resource: net::ERR_CONNECTION_CLOSED @ https://via.placeholder.com/300x200?text=No+Image:0
[   39210ms] [ERROR] Failed to load resource: net::ERR_CONNECTION_CLOSED @ https://via.placeholder.com/300x200?text=No+Image:0
[   39305ms] [ERROR] Failed to load resource: net::ERR_CONNECTION_CLOSED @ https://via.placeholder.com/300x200?text=No+Image:0
[   39400ms] [ERROR] Failed to load resource: net::ERR_CONNECTION_CLOSED @ https://via.placeholder.com/300x200?text=No+Image:0
[   39490ms] [ERROR] Failed to load resource: net::ERR_CONNECTION_CLOSED @ https://via.placeholder.com/300x200?text=No+Image:0
[   39582ms] [ERROR] Failed to load resource: net::ERR_CONNECTION_CLOSED @ https://via.placeholder.com/300x200?text=No+Image:0
[   39674ms] [ERROR] Failed to load resource: net::ERR_CONNECTION_CLOSED @ https://via.placeholder.com/300x200?text=No+Image:0
[   39768ms] [ERROR] Failed to load resource: net::ERR_CONNECTION_CLOSED @ https://via.placeholder.com/300x200?text=No+Image:0
[   39858ms] [ERROR] Failed to load resource: net::ERR_CONNECTION_CLOSED @ https://via.placeholder.com/300x200?text=No+Image:0
[   39948ms] [ERROR] Failed to load resource: net::ERR_CONNECTION_CLOSED @ https://via.placeholder.com/300x200?text=No+Image:0
[   40040ms] [ERROR] Failed to load resource: net::ERR_CONNECTION_CLOSED @ https://via.placeholder.com/300x200?text=No+Image:0
[   40131ms] [ERROR] Failed to load resource: net::ERR_CONNECTION_CLOSED @ https://via.placeholder.com/300x200?text=No+Image:0
[   40221ms] [ERROR] Failed to load resource: net::ERR_CONNECTION_CLOSED @ https://via.placeholder.com/300x200?text=No+Image:0
[   40313ms] [ERROR] Failed to load resource: net::ERR_CONNECTION_CLOSED @ https://via.placeholder.com/300x200?text=No+Image:0
[   40409ms] [ERROR] Failed to load resource: net::ERR_CONNECTION_CLOSED @ https://via.placeholder.com/300x200?text=No+Image:0
[   40502ms] [ERROR] Failed to load resource: net::ERR_CONNECTION_CLOSED @ https://via.placeholder.com/300x200?text=No+Image:0
[   40593ms] [ERROR] Failed to load resource: net::ERR_CONNECTION_CLOSED @ https://via.placeholder.com/300x200?text=No+Image:0
[   40693ms] [ERROR] Failed to load resource: net::ERR_CONNECTION_CLOSED @ https://via.placeholder.com/300x200?text=No+Image:0
[   40786ms] [ERROR] Failed to load resource: net::ERR_CONNECTION_CLOSED @ https://via.placeholder.com/300x200?text=No+Image:0
[   40880ms] [ERROR] Failed to load resource: net::ERR_CONNECTION_CLOSED @ https://via.placeholder.com/300x200?text=No+Image:0
[   40976ms] [ERROR] Failed to load resource: net::ERR_CONNECTION_CLOSED @ https://via.placeholder.com/300x200?text=No+Image:0
[   41070ms] [ERROR] Failed to load resource: net::ERR_CONNECTION_CLOSED @ https://via.placeholder.com/300x200?text=No+Image:0
[   41162ms] [ERROR] Failed to load resource: net::ERR_CONNECTION_CLOSED @ https://via.placeholder.com/300x200?text=No+Image:0
[   41263ms] [ERROR] Failed to load resource: net::ERR_CONNECTION_CLOSED @ https://via.placeholder.com/300x200?text=No+Image:0
[   41353ms] [ERROR] Failed to load resource: net::ERR_CONNECTION_CLOSED @ https://via.placeholder.com/300x200?text=No+Image:0
[   41446ms] [ERROR] Failed to load resource: net::ERR_CONNECTION_CLOSED @ https://via.placeholder.com/300x200?text=No+Image:0
[   41536ms] [ERROR] Failed to load resource: net::ERR_CONNECTION_CLOSED @ https://via.placeholder.com/300x200?text=No+Image:0
[   41631ms] [ERROR] Failed to load resource: net::ERR_CONNECTION_CLOSED @ https://via.placeholder.com/300x200?text=No+Image:0
[   41725ms] [ERROR] Failed to load resource: net::ERR_CONNECTION_CLOSED @ https://via.placeholder.com/300x200?text=No+Image:0
[   41817ms] [ERROR] Failed to load resource: net::ERR_CONNECTION_CLOSED @ https://via.placeholder.com/300x200?text=No+Image:0
[   41909ms] [ERROR] Failed to load resource: net::ERR_CONNECTION_CLOSED @ https://via.placeholder.com/300x200?text=No+Image:0
[   42002ms] [ERROR] Failed to load resource: net::ERR_CONNECTION_CLOSED @ https://via.placeholder.com/300x200?text=No+Image:0
[   42093ms] [ERROR] Failed to load resource: net::ERR_CONNECTION_CLOSED @ https://via.placeholder.com/300x200?text=No+Image:0
[   42181ms] [ERROR] Failed to load resource: net::ERR_CONNECTION_CLOSED @ https://via.placeholder.com/300x200?text=No+Image:0
[   42274ms] [ERROR] Failed to load resource: net::ERR_CONNECTION_CLOSED @ https://via.placeholder.com/300x200?text=No+Image:0
[   42374ms] [ERROR] Failed to load resource: net::ERR_CONNECTION_CLOSED @ https://via.placeholder.com/300x200?text=No+Image:0
[   42469ms] [ERROR] Failed to load resource: net::ERR_CONNECTION_CLOSED @ https://via.placeholder.com/300x200?text=No+Image:0
[   42563ms] [ERROR] Failed to load resource: net::ERR_CONNECTION_CLOSED @ https://via.placeholder.com/300x200?text=No+Image:0
[   42652ms] [ERROR] Failed to load resource: net::ERR_CONNECTION_CLOSED @ https://via.placeholder.com/300x200?text=No+Image:0
[   42744ms] [ERROR] Failed to load resource: net::ERR_CONNECTION_CLOSED @ https://via.placeholder.com/300x200?text=No+Image:0
[   42836ms] [ERROR] Failed to load resource: net::ERR_CONNECTION_CLOSED @ https://via.placeholder.com/300x200?text=No+Image:0
[   42937ms] [ERROR] Failed to load resource: net::ERR_CONNECTION_CLOSED @ https://via.placeholder.com/300x200?text=No+Image:0
[   43027ms] [ERROR] Failed to load resource: net::ERR_CONNECTION_CLOSED @ https://via.placeholder.com/300x200?text=No+Image:0
[   43118ms] [ERROR] Failed to load resource: net::ERR_CONNECTION_CLOSED @ https://via.placeholder.com/300x200?text=No+Image:0
[   43215ms] [ERROR] Failed to load resource: net::ERR_CONNECTION_CLOSED @ https://via.placeholder.com/300x200?text=No+Image:0
[   43310ms] [ERROR] Failed to load resource: net::ERR_CONNECTION_CLOSED @ https://via.placeholder.com/300x200?text=No+Image:0
[   43402ms] [ERROR] Failed to load resource: net::ERR_CONNECTION_CLOSED @ https://via.placeholder.com/300x200?text=No+Image:0
[   43497ms] [ERROR] Failed to load resource: net::ERR_CONNECTION_CLOSED @ https://via.placeholder.com/300x200?text=No+Image:0
[   43591ms] [ERROR] Failed to load resource: net::ERR_CONNECTION_CLOSED @ https://via.placeholder.com/300x200?text=No+Image:0
[   43682ms] [ERROR] Failed to load resource: net::ERR_CONNECTION_CLOSED @ https://via.placeholder.com/300x200?text=No+Image:0
[   43777ms] [ERROR] Failed to load resource: net::ERR_CONNECTION_CLOSED @ https://via.placeholder.com/300x200?text=No+Image:0
[   43876ms] [ERROR] Failed to load resource: net::ERR_CONNECTION_CLOSED @ https://via.placeholder.com/300x200?text=No+Image:0
[   43968ms] [ERROR] Failed to load resource: net::ERR_CONNECTION_CLOSED @ https://via.placeholder.com/300x200?text=No+Image:0
[   44061ms] [ERROR] Failed to load resource: net::ERR_CONNECTION_CLOSED @ https://via.placeholder.com/300x200?text=No+Image:0
[   44157ms] [ERROR] Failed to load resource: net::ERR_CONNECTION_CLOSED @ https://via.placeholder.com/300x200?text=No+Image:0
[   44261ms] [ERROR] Failed to load resource: net::ERR_CONNECTION_CLOSED @ https://via.placeholder.com/300x200?text=No+Image:0
[   44355ms] [ERROR] Failed to load resource: net::ERR_CONNECTION_CLOSED @ https://via.placeholder.com/300x200?text=No+Image:0
[   44448ms] [ERROR] Failed to load resource: net::ERR_CONNECTION_CLOSED @ https://via.placeholder.com/300x200?text=No+Image:0
[   44539ms] [ERROR] Failed to load resource: net::ERR_CONNECTION_CLOSED @ https://via.placeholder.com/300x200?text=No+Image:0
[   44631ms] [ERROR] Failed to load resource: net::ERR_CONNECTION_CLOSED @ https://via.placeholder.com/300x200?text=No+Image:0
[   44730ms] [ERROR] Failed to load resource: net::ERR_CONNECTION_CLOSED @ https://via.placeholder.com/300x200?text=No+Image:0
[   44830ms] [ERROR] Failed to load resource: net::ERR_CONNECTION_CLOSED @ https://via.placeholder.com/300x200?text=No+Image:0
[   44926ms] [ERROR] Failed to load resource: net::ERR_CONNECTION_CLOSED @ https://via.placeholder.com/300x200?text=No+Image:0
[   45020ms] [ERROR] Failed to load resource: net::ERR_CONNECTION_CLOSED @ https://via.placeholder.com/300x200?text=No+Image:0
[   45117ms] [ERROR] Failed to load resource: net::ERR_CONNECTION_CLOSED @ https://via.placeholder.com/300x200?text=No+Image:0
[   45212ms] [ERROR] Failed to load resource: net::ERR_CONNECTION_CLOSED @ https://via.placeholder.com/300x200?text=No+Image:0
[   45313ms] [ERROR] Failed to load resource: net::ERR_CONNECTION_CLOSED @ https://via.placeholder.com/300x200?text=No+Image:0
[   45402ms] [ERROR] Failed to load resource: net::ERR_CONNECTION_CLOSED @ https://via.placeholder.com/300x200?text=No+Image:0
[   45496ms] [ERROR] Failed to load resource: net::ERR_CONNECTION_CLOSED @ https://via.placeholder.com/300x200?text=No+Image:0
[   45585ms] [ERROR] Failed to load resource: net::ERR_CONNECTION_CLOSED @ https://via.placeholder.com/300x200?text=No+Image:0
[   45689ms] [ERROR] Failed to load resource: net::ERR_CONNECTION_CLOSED @ https://via.placeholder.com/300x200?text=No+Image:0
[   45789ms] [ERROR] Failed to load resource: net::ERR_CONNECTION_CLOSED @ https://via.placeholder.com/300x200?text=No+Image:0
[   45880ms] [ERROR] Failed to load resource: net::ERR_CONNECTION_CLOSED @ https://via.placeholder.com/300x200?text=No+Image:0
[   45974ms] [ERROR] Failed to load resource: net::ERR_CONNECTION_CLOSED @ https://via.placeholder.com/300x200?text=No+Image:0
[   46065ms] [ERROR] Failed to load resource: net::ERR_CONNECTION_CLOSED @ https://via.placeholder.com/300x200?text=No+Image:0
[   46155ms] [ERROR] Failed to load resource: net::ERR_CONNECTION_CLOSED @ https://via.placeholder.com/300x200?text=No+Image:0
[   46249ms] [ERROR] Failed to load resource: net::ERR_CONNECTION_CLOSED @ https://via.placeholder.com/300x200?text=No+Image:0
[   46343ms] [ERROR] Failed to load resource: net::ERR_CONNECTION_CLOSED @ https://via.placeholder.com/300x200?text=No+Image:0
[   46439ms] [ERROR] Failed to load resource: net::ERR_CONNECTION_CLOSED @ https://via.placeholder.com/300x200?text=No+Image:0
[   46536ms] [ERROR] Failed to load resource: net::ERR_CONNECTION_CLOSED @ https://via.placeholder.com/300x200?text=No+Image:0
[   46626ms] [ERROR] Failed to load resource: net::ERR_CONNECTION_CLOSED @ https://via.placeholder.com/300x200?text=No+Image:0
[   46717ms] [ERROR] Failed to load resource: net::ERR_CONNECTION_CLOSED @ https://via.placeholder.com/300x200?text=No+Image:0
[   46816ms] [ERROR] Failed to load resource: net::ERR_CONNECTION_CLOSED @ https://via.placeholder.com/300x200?text=No+Image:0
[   46910ms] [ERROR] Failed to load resource: net::ERR_CONNECTION_CLOSED @ https://via.placeholder.com/300x200?text=No+Image:0
[   47000ms] [ERROR] Failed to load resource: net::ERR_CONNECTION_CLOSED @ https://via.placeholder.com/300x200?text=No+Image:0
[   47101ms] [ERROR] Failed to load resource: net::ERR_CONNECTION_CLOSED @ https://via.placeholder.com/300x200?text=No+Image:0
[   47195ms] [ERROR] Failed to load resource: net::ERR_CONNECTION_CLOSED @ https://via.placeholder.com/300x200?text=No+Image:0
[   47291ms] [ERROR] Failed to load resource: net::ERR_CONNECTION_CLOSED @ https://via.placeholder.com/300x200?text=No+Image:0
[   47382ms] [ERROR] Failed to load resource: net::ERR_CONNECTION_CLOSED @ https://via.placeholder.com/300x200?text=No+Image:0
[   47476ms] [ERROR] Failed to load resource: net::ERR_CONNECTION_CLOSED @ https://via.placeholder.com/300x200?text=No+Image:0
[   47573ms] [ERROR] Failed to load resource: net::ERR_CONNECTION_CLOSED @ https://via.placeholder.com/300x200?text=No+Image:0
[   47665ms] [ERROR] Failed to load resource: net::ERR_CONNECTION_CLOSED @ https://via.placeholder.com/300x200?text=No+Image:0
[   47760ms] [ERROR] Failed to load resource: net::ERR_CONNECTION_CLOSED @ https://via.placeholder.com/300x200?text=No+Image:0
[   47862ms] [ERROR] Failed to load resource: net::ERR_CONNECTION_CLOSED @ https://via.placeholder.com/300x200?text=No+Image:0
[   47958ms] [ERROR] Failed to load resource: net::ERR_CONNECTION_CLOSED @ https://via.placeholder.com/300x200?text=No+Image:0
[   48052ms] [ERROR] Failed to load resource: net::ERR_CONNECTION_CLOSED @ https://via.placeholder.com/300x200?text=No+Image:0
[   48144ms] [ERROR] Failed to load resource: net::ERR_CONNECTION_CLOSED @ https://via.placeholder.com/300x200?text=No+Image:0
[   48240ms] [ERROR] Failed to load resource: net::ERR_CONNECTION_CLOSED @ https://via.placeholder.com/300x200?text=No+Image:0
[   48341ms] [ERROR] Failed to load resource: net::ERR_CONNECTION_CLOSED @ https://via.placeholder.com/300x200?text=No+Image:0
[   48441ms] [ERROR] Failed to load resource: net::ERR_CONNECTION_CLOSED @ https://via.placeholder.com/300x200?text=No+Image:0
[   48537ms] [ERROR] Failed to load resource: net::ERR_CONNECTION_CLOSED @ https://via.placeholder.com/300x200?text=No+Image:0
[   48635ms] [ERROR] Failed to load resource: net::ERR_CONNECTION_CLOSED @ https://via.placeholder.com/300x200?text=No+Image:0
[   48726ms] [ERROR] Failed to load resource: net::ERR_CONNECTION_CLOSED @ https://via.placeholder.com/300x200?text=No+Image:0
[   48818ms] [ERROR] Failed to load resource: net::ERR_CONNECTION_CLOSED @ https://via.placeholder.com/300x200?text=No+Image:0
[   48906ms] [ERROR] Failed to load resource: net::ERR_CONNECTION_CLOSED @ https://via.placeholder.com/300x200?text=No+Image:0
[   48997ms] [ERROR] Failed to load resource: net::ERR_CONNECTION_CLOSED @ https://via.placeholder.com/300x200?text=No+Image:0
[   49089ms] [ERROR] Failed to load resource: net::ERR_CONNECTION_CLOSED @ https://via.placeholder.com/300x200?text=No+Image:0
[   49180ms] [ERROR] Failed to load resource: net::ERR_CONNECTION_CLOSED @ https://via.placeholder.com/300x200?text=No+Image:0
[   49272ms] [ERROR] Failed to load resource: net::ERR_CONNECTION_CLOSED @ https://via.placeholder.com/300x200?text=No+Image:0
[   49368ms] [ERROR] Failed to load resource: net::ERR_CONNECTION_CLOSED @ https://via.placeholder.com/300x200?text=No+Image:0
[   49465ms] [ERROR] Failed to load resource: net::ERR_CONNECTION_CLOSED @ https://via.placeholder.com/300x200?text=No+Image:0
[   49567ms] [ERROR] Failed to load resource: net::ERR_CONNECTION_CLOSED @ https://via.placeholder.com/300x200?text=No+Image:0
[   49657ms] [ERROR] Failed to load resource: net::ERR_CONNECTION_CLOSED @ https://via.placeholder.com/300x200?text=No+Image:0
[   49749ms] [ERROR] Failed to load resource: net::ERR_CONNECTION_CLOSED @ https://via.placeholder.com/300x200?text=No+Image:0
[   49844ms] [ERROR] Failed to load resource: net::ERR_CONNECTION_CLOSED @ https://via.placeholder.com/300x200?text=No+Image:0
[   49935ms] [ERROR] Failed to load resource: net::ERR_CONNECTION_CLOSED @ https://via.placeholder.com/300x200?text=No+Image:0
[   50027ms] [ERROR] Failed to load resource: net::ERR_CONNECTION_CLOSED @ https://via.placeholder.com/300x200?text=No+Image:0
[   50119ms] [ERROR] Failed to load resource: net::ERR_CONNECTION_CLOSED @ https://via.placeholder.com/300x200?text=No+Image:0
[   50215ms] [ERROR] Failed to load resource: net::ERR_CONNECTION_CLOSED @ https://via.placeholder.com/300x200?text=No+Image:0
[   50311ms] [ERROR] Failed to load resource: net::ERR_CONNECTION_CLOSED @ https://via.placeholder.com/300x200?text=No+Image:0
[   50403ms] [ERROR] Failed to load resource: net::ERR_CONNECTION_CLOSED @ https://via.placeholder.com/300x200?text=No+Image:0
[   50493ms] [ERROR] Failed to load resource: net::ERR_CONNECTION_CLOSED @ https://via.placeholder.com/300x200?text=No+Image:0
[   50584ms] [ERROR] Failed to load resource: net::ERR_CONNECTION_CLOSED @ https://via.placeholder.com/300x200?text=No+Image:0
[   50676ms] [ERROR] Failed to load resource: net::ERR_CONNECTION_CLOSED @ https://via.placeholder.com/300x200?text=No+Image:0
[   50772ms] [ERROR] Failed to load resource: net::ERR_CONNECTION_CLOSED @ https://via.placeholder.com/300x200?text=No+Image:0
[   50867ms] [ERROR] Failed to load resource: net::ERR_CONNECTION_CLOSED @ https://via.placeholder.com/300x200?text=No+Image:0
[   50967ms] [ERROR] Failed to load resource: net::ERR_CONNECTION_CLOSED @ https://via.placeholder.com/300x200?text=No+Image:0
[   51062ms] [ERROR] Failed to load resource: net::ERR_CONNECTION_CLOSED @ https://via.placeholder.com/300x200?text=No+Image:0
[   51159ms] [ERROR] Failed to load resource: net::ERR_CONNECTION_CLOSED @ https://via.placeholder.com/300x200?text=No+Image:0
[   51256ms] [ERROR] Failed to load resource: net::ERR_CONNECTION_CLOSED @ https://via.placeholder.com/300x200?text=No+Image:0
[   51349ms] [ERROR] Failed to load resource: net::ERR_CONNECTION_CLOSED @ https://via.placeholder.com/300x200?text=No+Image:0
[   51441ms] [ERROR] Failed to load resource: net::ERR_CONNECTION_CLOSED @ https://via.placeholder.com/300x200?text=No+Image:0
[   51536ms] [ERROR] Failed to load resource: net::ERR_CONNECTION_CLOSED @ https://via.placeholder.com/300x200?text=No+Image:0
[   51630ms] [ERROR] Failed to load resource: net::ERR_CONNECTION_CLOSED @ https://via.placeholder.com/300x200?text=No+Image:0
[   51723ms] [ERROR] Failed to load resource: net::ERR_CONNECTION_CLOSED @ https://via.placeholder.com/300x200?text=No+Image:0
[   51819ms] [ERROR] Failed to load resource: net::ERR_CONNECTION_CLOSED @ https://via.placeholder.com/300x200?text=No+Image:0
[   51913ms] [ERROR] Failed to load resource: net::ERR_CONNECTION_CLOSED @ https://via.placeholder.com/300x200?text=No+Image:0
[   52007ms] [ERROR] Failed to load resource: net::ERR_CONNECTION_CLOSED @ https://via.placeholder.com/300x200?text=No+Image:0
[   52101ms] [ERROR] Failed to load resource: net::ERR_CONNECTION_CLOSED @ https://via.placeholder.com/300x200?text=No+Image:0
[   52190ms] [ERROR] Failed to load resource: net::ERR_CONNECTION_CLOSED @ https://via.placeholder.com/300x200?text=No+Image:0
[   52285ms] [ERROR] Failed to load resource: net::ERR_CONNECTION_CLOSED @ https://via.placeholder.com/300x200?text=No+Image:0
[   52388ms] [ERROR] Failed to load resource: net::ERR_CONNECTION_CLOSED @ https://via.placeholder.com/300x200?text=No+Image:0
[   52481ms] [ERROR] Failed to load resource: net::ERR_CONNECTION_CLOSED @ https://via.placeholder.com/300x200?text=No+Image:0
[   52571ms] [ERROR] Failed to load resource: net::ERR_CONNECTION_CLOSED @ https://via.placeholder.com/300x200?text=No+Image:0
[   52661ms] [ERROR] Failed to load resource: net::ERR_CONNECTION_CLOSED @ https://via.placeholder.com/300x200?text=No+Image:0
[   52755ms] [ERROR] Failed to load resource: net::ERR_CONNECTION_CLOSED @ https://via.placeholder.com/300x200?text=No+Image:0
[   52849ms] [ERROR] Failed to load resource: net::ERR_CONNECTION_CLOSED @ https://via.placeholder.com/300x200?text=No+Image:0
[   52940ms] [ERROR] Failed to load resource: net::ERR_CONNECTION_CLOSED @ https://via.placeholder.com/300x200?text=No+Image:0
[   53034ms] [ERROR] Failed to load resource: net::ERR_CONNECTION_CLOSED @ https://via.placeholder.com/300x200?text=No+Image:0
[   53124ms] [ERROR] Failed to load resource: net::ERR_CONNECTION_CLOSED @ https://via.placeholder.com/300x200?text=No+Image:0
[   53214ms] [ERROR] Failed to load resource: net::ERR_CONNECTION_CLOSED @ https://via.placeholder.com/300x200?text=No+Image:0
[   53306ms] [ERROR] Failed to load resource: net::ERR_CONNECTION_CLOSED @ https://via.placeholder.com/300x200?text=No+Image:0
[   53399ms] [ERROR] Failed to load resource: net::ERR_CONNECTION_CLOSED @ https://via.placeholder.com/300x200?text=No+Image:0
[   53489ms] [ERROR] Failed to load resource: net::ERR_CONNECTION_CLOSED @ https://via.placeholder.com/300x200?text=No+Image:0
[   53581ms] [ERROR] Failed to load resource: net::ERR_CONNECTION_CLOSED @ https://via.placeholder.com/300x200?text=No+Image:0
[   53676ms] [ERROR] Failed to load resource: net::ERR_CONNECTION_CLOSED @ https://via.placeholder.com/300x200?text=No+Image:0
[   53765ms] [ERROR] Failed to load resource: net::ERR_CONNECTION_CLOSED @ https://via.placeholder.com/300x200?text=No+Image:0
[   53862ms] [ERROR] Failed to load resource: net::ERR_CONNECTION_CLOSED @ https://via.placeholder.com/300x200?text=No+Image:0
[   53957ms] [ERROR] Failed to load resource: net::ERR_CONNECTION_CLOSED @ https://via.placeholder.com/300x200?text=No+Image:0
[   54050ms] [ERROR] Failed to load resource: net::ERR_CONNECTION_CLOSED @ https://via.placeholder.com/300x200?text=No+Image:0
[   54141ms] [ERROR] Failed to load resource: net::ERR_CONNECTION_CLOSED @ https://via.placeholder.com/300x200?text=No+Image:0
[   54234ms] [ERROR] Failed to load resource: net::ERR_CONNECTION_CLOSED @ https://via.placeholder.com/300x200?text=No+Image:0
[   54328ms] [ERROR] Failed to load resource: net::ERR_CONNECTION_CLOSED @ https://via.placeholder.com/300x200?text=No+Image:0
[   54421ms] [ERROR] Failed to load resource: net::ERR_CONNECTION_CLOSED @ https://via.placeholder.com/300x200?text=No+Image:0
[   54515ms] [ERROR] Failed to load resource: net::ERR_CONNECTION_CLOSED @ https://via.placeholder.com/300x200?text=No+Image:0
[   54611ms] [ERROR] Failed to load resource: net::ERR_CONNECTION_CLOSED @ https://via.placeholder.com/300x200?text=No+Image:0
[   54701ms] [ERROR] Failed to load resource: net::ERR_CONNECTION_CLOSED @ https://via.placeholder.com/300x200?text=No+Image:0
[   54788ms] [ERROR] Failed to load resource: net::ERR_CONNECTION_CLOSED @ https://via.placeholder.com/300x200?text=No+Image:0
[   54891ms] [ERROR] Failed to load resource: net::ERR_CONNECTION_CLOSED @ https://via.placeholder.com/300x200?text=No+Image:0
[   54984ms] [ERROR] Failed to load resource: net::ERR_CONNECTION_CLOSED @ https://via.placeholder.com/300x200?text=No+Image:0
[   55075ms] [ERROR] Failed to load resource: net::ERR_CONNECTION_CLOSED @ https://via.placeholder.com/300x200?text=No+Image:0
[   55174ms] [ERROR] Failed to load resource: net::ERR_CONNECTION_CLOSED @ https://via.placeholder.com/300x200?text=No+Image:0
[   55271ms] [ERROR] Failed to load resource: net::ERR_CONNECTION_CLOSED @ https://via.placeholder.com/300x200?text=No+Image:0
[   55370ms] [ERROR] Failed to load resource: net::ERR_CONNECTION_CLOSED @ https://via.placeholder.com/300x200?text=No+Image:0
[   55460ms] [ERROR] Failed to load resource: net::ERR_CONNECTION_CLOSED @ https://via.placeholder.com/300x200?text=No+Image:0
[   55551ms] [ERROR] Failed to load resource: net::ERR_CONNECTION_CLOSED @ https://via.placeholder.com/300x200?text=No+Image:0
[   55644ms] [ERROR] Failed to load resource: net::ERR_CONNECTION_CLOSED @ https://via.placeholder.com/300x200?text=No+Image:0
[   55737ms] [ERROR] Failed to load resource: net::ERR_CONNECTION_CLOSED @ https://via.placeholder.com/300x200?text=No+Image:0
[   55832ms] [ERROR] Failed to load resource: net::ERR_CONNECTION_CLOSED @ https://via.placeholder.com/300x200?text=No+Image:0
[   55925ms] [ERROR] Failed to load resource: net::ERR_CONNECTION_CLOSED @ https://via.placeholder.com/300x200?text=No+Image:0
[   56022ms] [ERROR] Failed to load resource: net::ERR_CONNECTION_CLOSED @ https://via.placeholder.com/300x200?text=No+Image:0
[   56115ms] [ERROR] Failed to load resource: net::ERR_CONNECTION_CLOSED @ https://via.placeholder.com/300x200?text=No+Image:0
[   56211ms] [ERROR] Failed to load resource: net::ERR_CONNECTION_CLOSED @ https://via.placeholder.com/300x200?text=No+Image:0
[   56305ms] [ERROR] Failed to load resource: net::ERR_CONNECTION_CLOSED @ https://via.placeholder.com/300x200?text=No+Image:0
[   56396ms] [ERROR] Failed to load resource: net::ERR_CONNECTION_CLOSED @ https://via.placeholder.com/300x200?text=No+Image:0
[   56500ms] [ERROR] Failed to load resource: net::ERR_CONNECTION_CLOSED @ https://via.placeholder.com/300x200?text=No+Image:0
[   56589ms] [ERROR] Failed to load resource: net::ERR_CONNECTION_CLOSED @ https://via.placeholder.com/300x200?text=No+Image:0
[   56686ms] [ERROR] Failed to load resource: net::ERR_CONNECTION_CLOSED @ https://via.placeholder.com/300x200?text=No+Image:0
[   56779ms] [ERROR] Failed to load resource: net::ERR_CONNECTION_CLOSED @ https://via.placeholder.com/300x200?text=No+Image:0
[   56876ms] [ERROR] Failed to load resource: net::ERR_CONNECTION_CLOSED @ https://via.placeholder.com/300x200?text=No+Image:0
[   56969ms] [ERROR] Failed to load resource: net::ERR_CONNECTION_CLOSED @ https://via.placeholder.com/300x200?text=No+Image:0
[   57064ms] [ERROR] Failed to load resource: net::ERR_CONNECTION_CLOSED @ https://via.placeholder.com/300x200?text=No+Image:0
[   57154ms] [ERROR] Failed to load resource: net::ERR_CONNECTION_CLOSED @ https://via.placeholder.com/300x200?text=No+Image:0
[   57245ms] [ERROR] Failed to load resource: net::ERR_CONNECTION_CLOSED @ https://via.placeholder.com/300x200?text=No+Image:0
[   57337ms] [ERROR] Failed to load resource: net::ERR_CONNECTION_CLOSED @ https://via.placeholder.com/300x200?text=No+Image:0
[   57431ms] [ERROR] Failed to load resource: net::ERR_CONNECTION_CLOSED @ https://via.placeholder.com/300x200?text=No+Image:0
[   57525ms] [ERROR] Failed to load resource: net::ERR_CONNECTION_CLOSED @ https://via.placeholder.com/300x200?text=No+Image:0
[   57626ms] [ERROR] Failed to load resource: net::ERR_CONNECTION_CLOSED @ https://via.placeholder.com/300x200?text=No+Image:0
[   57720ms] [ERROR] Failed to load resource: net::ERR_CONNECTION_CLOSED @ https://via.placeholder.com/300x200?text=No+Image:0
[   57812ms] [ERROR] Failed to load resource: net::ERR_CONNECTION_CLOSED @ https://via.placeholder.com/300x200?text=No+Image:0
[   57908ms] [ERROR] Failed to load resource: net::ERR_CONNECTION_CLOSED @ https://via.placeholder.com/300x200?text=No+Image:0
[   58007ms] [ERROR] Failed to load resource: net::ERR_CONNECTION_CLOSED @ https://via.placeholder.com/300x200?text=No+Image:0
[   58097ms] [ERROR] Failed to load resource: net::ERR_CONNECTION_CLOSED @ https://via.placeholder.com/300x200?text=No+Image:0
[   58190ms] [ERROR] Failed to load resource: net::ERR_CONNECTION_CLOSED @ https://via.placeholder.com/300x200?text=No+Image:0
[   58307ms] [ERROR] Failed to load resource: net::ERR_CONNECTION_CLOSED @ https://via.placeholder.com/300x200?text=No+Image:0
[   58401ms] [ERROR] Failed to load resource: net::ERR_CONNECTION_CLOSED @ https://via.placeholder.com/300x200?text=No+Image:0
[   58491ms] [ERROR] Failed to load resource: net::ERR_CONNECTION_CLOSED @ https://via.placeholder.com/300x200?text=No+Image:0
[   58641ms] [ERROR] Failed to load resource: net::ERR_CONNECTION_CLOSED @ https://via.placeholder.com/300x200?text=No+Image:0
[   58736ms] [ERROR] Failed to load resource: net::ERR_CONNECTION_CLOSED @ https://via.placeholder.com/300x200?text=No+Image:0
[   58829ms] [ERROR] Failed to load resource: net::ERR_CONNECTION_CLOSED @ https://via.placeholder.com/300x200?text=No+Image:0
[   58976ms] [ERROR] Failed to load resource: net::ERR_CONNECTION_CLOSED @ https://via.placeholder.com/300x200?text=No+Image:0
[   59066ms] [ERROR] Failed to load resource: net::ERR_CONNECTION_CLOSED @ https://via.placeholder.com/300x200?text=No+Image:0
[   59160ms] [ERROR] Failed to load resource: net::ERR_CONNECTION_CLOSED @ https://via.placeholder.com/300x200?text=No+Image:0
[   59262ms] [ERROR] Failed to load resource: net::ERR_CONNECTION_CLOSED @ https://via.placeholder.com/300x200?text=No+Image:0
[   59355ms] [ERROR] Failed to load resource: net::ERR_CONNECTION_CLOSED @ https://via.placeholder.com/300x200?text=No+Image:0
[   59446ms] [ERROR] Failed to load resource: net::ERR_CONNECTION_CLOSED @ https://via.placeholder.com/300x200?text=No+Image:0
[   59570ms] [ERROR] Failed to load resource: net::ERR_CONNECTION_CLOSED @ https://via.placeholder.com/300x200?text=No+Image:0
[   59661ms] [ERROR] Failed to load resource: net::ERR_CONNECTION_CLOSED @ https://via.placeholder.com/300x200?text=No+Image:0
[   59756ms] [ERROR] Failed to load resource: net::ERR_CONNECTION_CLOSED @ https://via.placeholder.com/300x200?text=No+Image:0
[   59855ms] [ERROR] Failed to load resource: net::ERR_CONNECTION_CLOSED @ https://via.placeholder.com/300x200?text=No+Image:0
[   59951ms] [ERROR] Failed to load resource: net::ERR_CONNECTION_CLOSED @ https://via.placeholder.com/300x200?text=No+Image:0
[   60042ms] [ERROR] Failed to load resource: net::ERR_CONNECTION_CLOSED @ https://via.placeholder.com/300x200?text=No+Image:0
[   60135ms] [ERROR] Failed to load resource: net::ERR_CONNECTION_CLOSED @ https://via.placeholder.com/300x200?text=No+Image:0
[   60225ms] [ERROR] Failed to load resource: net::ERR_CONNECTION_CLOSED @ https://via.placeholder.com/300x200?text=No+Image:0
[   60325ms] [ERROR] Failed to load resource: net::ERR_CONNECTION_CLOSED @ https://via.placeholder.com/300x200?text=No+Image:0
[   60419ms] [ERROR] Failed to load resource: net::ERR_CONNECTION_CLOSED @ https://via.placeholder.com/300x200?text=No+Image:0
[   60511ms] [ERROR] Failed to load resource: net::ERR_CONNECTION_CLOSED @ https://via.placeholder.com/300x200?text=No+Image:0
[   60604ms] [ERROR] Failed to load resource: net::ERR_CONNECTION_CLOSED @ https://via.placeholder.com/300x200?text=No+Image:0
[   60696ms] [ERROR] Failed to load resource: net::ERR_CONNECTION_CLOSED @ https://via.placeholder.com/300x200?text=No+Image:0
[   60784ms] [ERROR] Failed to load resource: net::ERR_CONNECTION_CLOSED @ https://via.placeholder.com/300x200?text=No+Image:0
[   60881ms] [ERROR] Failed to load resource: net::ERR_CONNECTION_CLOSED @ https://via.placeholder.com/300x200?text=No+Image:0
[   60975ms] [ERROR] Failed to load resource: net::ERR_CONNECTION_CLOSED @ https://via.placeholder.com/300x200?text=No+Image:0
[   61066ms] [ERROR] Failed to load resource: net::ERR_CONNECTION_CLOSED @ https://via.placeholder.com/300x200?text=No+Image:0
[   61157ms] [ERROR] Failed to load resource: net::ERR_CONNECTION_CLOSED @ https://via.placeholder.com/300x200?text=No+Image:0
[   61256ms] [ERROR] Failed to load resource: net::ERR_CONNECTION_CLOSED @ https://via.placeholder.com/300x200?text=No+Image:0
[   61352ms] [ERROR] Failed to load resource: net::ERR_CONNECTION_CLOSED @ https://via.placeholder.com/300x200?text=No+Image:0
[   61448ms] [ERROR] Failed to load resource: net::ERR_CONNECTION_CLOSED @ https://via.placeholder.com/300x200?text=No+Image:0
[   61541ms] [ERROR] Failed to load resource: net::ERR_CONNECTION_CLOSED @ https://via.placeholder.com/300x200?text=No+Image:0
[   61640ms] [ERROR] Failed to load resource: net::ERR_CONNECTION_CLOSED @ https://via.placeholder.com/300x200?text=No+Image:0
[   61729ms] [ERROR] Failed to load resource: net::ERR_CONNECTION_CLOSED @ https://via.placeholder.com/300x200?text=No+Image:0
[   61827ms] [ERROR] Failed to load resource: net::ERR_CONNECTION_CLOSED @ https://via.placeholder.com/300x200?text=No+Image:0
[   61921ms] [ERROR] Failed to load resource: net::ERR_CONNECTION_CLOSED @ https://via.placeholder.com/300x200?text=No+Image:0
[   62018ms] [ERROR] Failed to load resource: net::ERR_CONNECTION_CLOSED @ https://via.placeholder.com/300x200?text=No+Image:0
[   62109ms] [ERROR] Failed to load resource: net::ERR_CONNECTION_CLOSED @ https://via.placeholder.com/300x200?text=No+Image:0
[   62200ms] [ERROR] Failed to load resource: net::ERR_CONNECTION_CLOSED @ https://via.placeholder.com/300x200?text=No+Image:0
[   62293ms] [ERROR] Failed to load resource: net::ERR_CONNECTION_CLOSED @ https://via.placeholder.com/300x200?text=No+Image:0
[   62387ms] [ERROR] Failed to load resource: net::ERR_CONNECTION_CLOSED @ https://via.placeholder.com/300x200?text=No+Image:0
[   62481ms] [ERROR] Failed to load resource: net::ERR_CONNECTION_CLOSED @ https://via.placeholder.com/300x200?text=No+Image:0
[   62573ms] [ERROR] Failed to load resource: net::ERR_CONNECTION_CLOSED @ https://via.placeholder.com/300x200?text=No+Image:0
[   62670ms] [ERROR] Failed to load resource: net::ERR_CONNECTION_CLOSED @ https://via.placeholder.com/300x200?text=No+Image:0
[   62765ms] [ERROR] Failed to load resource: net::ERR_CONNECTION_CLOSED @ https://via.placeholder.com/300x200?text=No+Image:0
[   62860ms] [ERROR] Failed to load resource: net::ERR_CONNECTION_CLOSED @ https://via.placeholder.com/300x200?text=No+Image:0
[   62954ms] [ERROR] Failed to load resource: net::ERR_CONNECTION_CLOSED @ https://via.placeholder.com/300x200?text=No+Image:0
[   63043ms] [ERROR] Failed to load resource: net::ERR_CONNECTION_CLOSED @ https://via.placeholder.com/300x200?text=No+Image:0
[   63146ms] [ERROR] Failed to load resource: net::ERR_CONNECTION_CLOSED @ https://via.placeholder.com/300x200?text=No+Image:0
[   63242ms] [ERROR] Failed to load resource: net::ERR_CONNECTION_CLOSED @ https://via.placeholder.com/300x200?text=No+Image:0
[   63335ms] [ERROR] Failed to load resource: net::ERR_CONNECTION_CLOSED @ https://via.placeholder.com/300x200?text=No+Image:0
[   63439ms] [ERROR] Failed to load resource: net::ERR_CONNECTION_CLOSED @ https://via.placeholder.com/300x200?text=No+Image:0
[   63531ms] [ERROR] Failed to load resource: net::ERR_CONNECTION_CLOSED @ https://via.placeholder.com/300x200?text=No+Image:0
[   63624ms] [ERROR] Failed to load resource: net::ERR_CONNECTION_CLOSED @ https://via.placeholder.com/300x200?text=No+Image:0
[   63718ms] [ERROR] Failed to load resource: net::ERR_CONNECTION_CLOSED @ https://via.placeholder.com/300x200?text=No+Image:0
[   63812ms] [ERROR] Failed to load resource: net::ERR_CONNECTION_CLOSED @ https://via.placeholder.com/300x200?text=No+Image:0
[   63905ms] [ERROR] Failed to load resource: net::ERR_CONNECTION_CLOSED @ https://via.placeholder.com/300x200?text=No+Image:0
[   63998ms] [ERROR] Failed to load resource: net::ERR_CONNECTION_CLOSED @ https://via.placeholder.com/300x200?text=No+Image:0
[   64094ms] [ERROR] Failed to load resource: net::ERR_CONNECTION_CLOSED @ https://via.placeholder.com/300x200?text=No+Image:0
[   64188ms] [ERROR] Failed to load resource: net::ERR_CONNECTION_CLOSED @ https://via.placeholder.com/300x200?text=No+Image:0
[   64278ms] [ERROR] Failed to load resource: net::ERR_CONNECTION_CLOSED @ https://via.placeholder.com/300x200?text=No+Image:0
[   64378ms] [ERROR] Failed to load resource: net::ERR_CONNECTION_CLOSED @ https://via.placeholder.com/300x200?text=No+Image:0
[   64467ms] [ERROR] Failed to load resource: net::ERR_CONNECTION_CLOSED @ https://via.placeholder.com/300x200?text=No+Image:0
[   64559ms] [ERROR] Failed to load resource: net::ERR_CONNECTION_CLOSED @ https://via.placeholder.com/300x200?text=No+Image:0
[   64653ms] [ERROR] Failed to load resource: net::ERR_CONNECTION_CLOSED @ https://via.placeholder.com/300x200?text=No+Image:0
[   64746ms] [ERROR] Failed to load resource: net::ERR_CONNECTION_CLOSED @ https://via.placeholder.com/300x200?text=No+Image:0
[   64838ms] [ERROR] Failed to load resource: net::ERR_CONNECTION_CLOSED @ https://via.placeholder.com/300x200?text=No+Image:0
[   64933ms] [ERROR] Failed to load resource: net::ERR_CONNECTION_CLOSED @ https://via.placeholder.com/300x200?text=No+Image:0
[   65025ms] [ERROR] Failed to load resource: net::ERR_CONNECTION_CLOSED @ https://via.placeholder.com/300x200?text=No+Image:0
[   65117ms] [ERROR] Failed to load resource: net::ERR_CONNECTION_CLOSED @ https://via.placeholder.com/300x200?text=No+Image:0
[   65211ms] [ERROR] Failed to load resource: net::ERR_CONNECTION_CLOSED @ https://via.placeholder.com/300x200?text=No+Image:0
[   65315ms] [ERROR] Failed to load resource: net::ERR_CONNECTION_CLOSED @ https://via.placeholder.com/300x200?text=No+Image:0
[   65406ms] [ERROR] Failed to load resource: net::ERR_CONNECTION_CLOSED @ https://via.placeholder.com/300x200?text=No+Image:0
[   65498ms] [ERROR] Failed to load resource: net::ERR_CONNECTION_CLOSED @ https://via.placeholder.com/300x200?text=No+Image:0
[   65585ms] [ERROR] Failed to load resource: net::ERR_CONNECTION_CLOSED @ https://via.placeholder.com/300x200?text=No+Image:0
[   65681ms] [ERROR] Failed to load resource: net::ERR_CONNECTION_CLOSED @ https://via.placeholder.com/300x200?text=No+Image:0
[   65779ms] [ERROR] Failed to load resource: net::ERR_CONNECTION_CLOSED @ https://via.placeholder.com/300x200?text=No+Image:0
[   65883ms] [ERROR] Failed to load resource: net::ERR_CONNECTION_CLOSED @ https://via.placeholder.com/300x200?text=No+Image:0
[   65977ms] [ERROR] Failed to load resource: net::ERR_CONNECTION_CLOSED @ https://via.placeholder.com/300x200?text=No+Image:0
[   66076ms] [ERROR] Failed to load resource: net::ERR_CONNECTION_CLOSED @ https://via.placeholder.com/300x200?text=No+Image:0
[   66170ms] [ERROR] Failed to load resource: net::ERR_CONNECTION_CLOSED @ https://via.placeholder.com/300x200?text=No+Image:0
[   66262ms] [ERROR] Failed to load resource: net::ERR_CONNECTION_CLOSED @ https://via.placeholder.com/300x200?text=No+Image:0
[   66367ms] [ERROR] Failed to load resource: net::ERR_CONNECTION_CLOSED @ https://via.placeholder.com/300x200?text=No+Image:0
[   66466ms] [ERROR] Failed to load resource: net::ERR_CONNECTION_CLOSED @ https://via.placeholder.com/300x200?text=No+Image:0
[   66567ms] [ERROR] Failed to load resource: net::ERR_CONNECTION_CLOSED @ https://via.placeholder.com/300x200?text=No+Image:0
[   66662ms] [ERROR] Failed to load resource: net::ERR_CONNECTION_CLOSED @ https://via.placeholder.com/300x200?text=No+Image:0
[   66758ms] [ERROR] Failed to load resource: net::ERR_CONNECTION_CLOSED @ https://via.placeholder.com/300x200?text=No+Image:0
[   66868ms] [ERROR] Failed to load resource: net::ERR_CONNECTION_CLOSED @ https://via.placeholder.com/300x200?text=No+Image:0
[   66967ms] [ERROR] Failed to load resource: net::ERR_CONNECTION_CLOSED @ https://via.placeholder.com/300x200?text=No+Image:0
[   67062ms] [ERROR] Failed to load resource: net::ERR_CONNECTION_CLOSED @ https://via.placeholder.com/300x200?text=No+Image:0
[   67157ms] [ERROR] Failed to load resource: net::ERR_CONNECTION_CLOSED @ https://via.placeholder.com/300x200?text=No+Image:0
[   67249ms] [ERROR] Failed to load resource: net::ERR_CONNECTION_CLOSED @ https://via.placeholder.com/300x200?text=No+Image:0
[   67345ms] [ERROR] Failed to load resource: net::ERR_CONNECTION_CLOSED @ https://via.placeholder.com/300x200?text=No+Image:0
[   67436ms] [ERROR] Failed to load resource: net::ERR_CONNECTION_CLOSED @ https://via.placeholder.com/300x200?text=No+Image:0
[   67529ms] [ERROR] Failed to load resource: net::ERR_CONNECTION_CLOSED @ https://via.placeholder.com/300x200?text=No+Image:0
[   67619ms] [ERROR] Failed to load resource: net::ERR_CONNECTION_CLOSED @ https://via.placeholder.com/300x200?text=No+Image:0
[   67714ms] [ERROR] Failed to load resource: net::ERR_CONNECTION_CLOSED @ https://via.placeholder.com/300x200?text=No+Image:0
[   67808ms] [ERROR] Failed to load resource: net::ERR_CONNECTION_CLOSED @ https://via.placeholder.com/300x200?text=No+Image:0
[   67906ms] [ERROR] Failed to load resource: net::ERR_CONNECTION_CLOSED @ https://via.placeholder.com/300x200?text=No+Image:0
[   68002ms] [ERROR] Failed to load resource: net::ERR_CONNECTION_CLOSED @ https://via.placeholder.com/300x200?text=No+Image:0
[   68100ms] [ERROR] Failed to load resource: net::ERR_CONNECTION_CLOSED @ https://via.placeholder.com/300x200?text=No+Image:0
[   68198ms] [ERROR] Failed to load resource: net::ERR_CONNECTION_CLOSED @ https://via.placeholder.com/300x200?text=No+Image:0
[   68293ms] [ERROR] Failed to load resource: net::ERR_CONNECTION_CLOSED @ https://via.placeholder.com/300x200?text=No+Image:0
[   68394ms] [ERROR] Failed to load resource: net::ERR_CONNECTION_CLOSED @ https://via.placeholder.com/300x200?text=No+Image:0
[   68486ms] [ERROR] Failed to load resource: net::ERR_CONNECTION_CLOSED @ https://via.placeholder.com/300x200?text=No+Image:0
[   68579ms] [ERROR] Failed to load resource: net::ERR_CONNECTION_CLOSED @ https://via.placeholder.com/300x200?text=No+Image:0
[   68670ms] [ERROR] Failed to load resource: net::ERR_CONNECTION_CLOSED @ https://via.placeholder.com/300x200?text=No+Image:0
[   68762ms] [ERROR] Failed to load resource: net::ERR_CONNECTION_CLOSED @ https://via.placeholder.com/300x200?text=No+Image:0
[   68868ms] [ERROR] Failed to load resource: net::ERR_CONNECTION_CLOSED @ https://via.placeholder.com/300x200?text=No+Image:0
[   68964ms] [ERROR] Failed to load resource: net::ERR_CONNECTION_CLOSED @ https://via.placeholder.com/300x200?text=No+Image:0
[   69072ms] [ERROR] Failed to load resource: net::ERR_CONNECTION_CLOSED @ https://via.placeholder.com/300x200?text=No+Image:0
[   69165ms] [ERROR] Failed to load resource: net::ERR_CONNECTION_CLOSED @ https://via.placeholder.com/300x200?text=No+Image:0
[   69260ms] [ERROR] Failed to load resource: net::ERR_CONNECTION_CLOSED @ https://via.placeholder.com/300x200?text=No+Image:0
[   69358ms] [ERROR] Failed to load resource: net::ERR_CONNECTION_CLOSED @ https://via.placeholder.com/300x200?text=No+Image:0
[   69454ms] [ERROR] Failed to load resource: net::ERR_CONNECTION_CLOSED @ https://via.placeholder.com/300x200?text=No+Image:0
[   69546ms] [ERROR] Failed to load resource: net::ERR_CONNECTION_CLOSED @ https://via.placeholder.com/300x200?text=No+Image:0
[   69637ms] [ERROR] Failed to load resource: net::ERR_CONNECTION_CLOSED @ https://via.placeholder.com/300x200?text=No+Image:0
[   69729ms] [ERROR] Failed to load resource: net::ERR_CONNECTION_CLOSED @ https://via.placeholder.com/300x200?text=No+Image:0
[   69819ms] [ERROR] Failed to load resource: net::ERR_CONNECTION_CLOSED @ https://via.placeholder.com/300x200?text=No+Image:0
[   69920ms] [ERROR] Failed to load resource: net::ERR_CONNECTION_CLOSED @ https://via.placeholder.com/300x200?text=No+Image:0
[   70014ms] [ERROR] Failed to load resource: net::ERR_CONNECTION_CLOSED @ https://via.placeholder.com/300x200?text=No+Image:0
[   70106ms] [ERROR] Failed to load resource: net::ERR_CONNECTION_CLOSED @ https://via.placeholder.com/300x200?text=No+Image:0
[   70198ms] [ERROR] Failed to load resource: net::ERR_CONNECTION_CLOSED @ https://via.placeholder.com/300x200?text=No+Image:0
[   70289ms] [ERROR] Failed to load resource: net::ERR_CONNECTION_CLOSED @ https://via.placeholder.com/300x200?text=No+Image:0
[   70385ms] [ERROR] Failed to load resource: net::ERR_CONNECTION_CLOSED @ https://via.placeholder.com/300x200?text=No+Image:0
[   70473ms] [ERROR] Failed to load resource: net::ERR_CONNECTION_CLOSED @ https://via.placeholder.com/300x200?text=No+Image:0
[   70569ms] [ERROR] Failed to load resource: net::ERR_CONNECTION_CLOSED @ https://via.placeholder.com/300x200?text=No+Image:0
[   70661ms] [ERROR] Failed to load resource: net::ERR_CONNECTION_CLOSED @ https://via.placeholder.com/300x200?text=No+Image:0
[   70757ms] [ERROR] Failed to load resource: net::ERR_CONNECTION_CLOSED @ https://via.placeholder.com/300x200?text=No+Image:0
[   70850ms] [ERROR] Failed to load resource: net::ERR_CONNECTION_CLOSED @ https://via.placeholder.com/300x200?text=No+Image:0
[   70940ms] [ERROR] Failed to load resource: net::ERR_CONNECTION_CLOSED @ https://via.placeholder.com/300x200?text=No+Image:0
[   71036ms] [ERROR] Failed to load resource: net::ERR_CONNECTION_CLOSED @ https://via.placeholder.com/300x200?text=No+Image:0
[   71131ms] [ERROR] Failed to load resource: net::ERR_CONNECTION_CLOSED @ https://via.placeholder.com/300x200?text=No+Image:0
[   71224ms] [ERROR] Failed to load resource: net::ERR_CONNECTION_CLOSED @ https://via.placeholder.com/300x200?text=No+Image:0
[   71320ms] [ERROR] Failed to load resource: net::ERR_CONNECTION_CLOSED @ https://via.placeholder.com/300x200?text=No+Image:0
[   71413ms] [ERROR] Failed to load resource: net::ERR_CONNECTION_CLOSED @ https://via.placeholder.com/300x200?text=No+Image:0
[   71517ms] [ERROR] Failed to load resource: net::ERR_CONNECTION_CLOSED @ https://via.placeholder.com/300x200?text=No+Image:0
[   71609ms] [ERROR] Failed to load resource: net::ERR_CONNECTION_CLOSED @ https://via.placeholder.com/300x200?text=No+Image:0
[   71700ms] [ERROR] Failed to load resource: net::ERR_CONNECTION_CLOSED @ https://via.placeholder.com/300x200?text=No+Image:0
[   71793ms] [ERROR] Failed to load resource: net::ERR_CONNECTION_CLOSED @ https://via.placeholder.com/300x200?text=No+Image:0
[   71890ms] [ERROR] Failed to load resource: net::ERR_CONNECTION_CLOSED @ https://via.placeholder.com/300x200?text=No+Image:0
[   71981ms] [ERROR] Failed to load resource: net::ERR_CONNECTION_CLOSED @ https://via.placeholder.com/300x200?text=No+Image:0
[   72075ms] [ERROR] Failed to load resource: net::ERR_CONNECTION_CLOSED @ https://via.placeholder.com/300x200?text=No+Image:0
[   72168ms] [ERROR] Failed to load resource: net::ERR_CONNECTION_CLOSED @ https://via.placeholder.com/300x200?text=No+Image:0
[   72264ms] [ERROR] Failed to load resource: net::ERR_CONNECTION_CLOSED @ https://via.placeholder.com/300x200?text=No+Image:0
[   72371ms] [ERROR] Failed to load resource: net::ERR_CONNECTION_CLOSED @ https://via.placeholder.com/300x200?text=No+Image:0
[   72461ms] [ERROR] Failed to load resource: net::ERR_CONNECTION_CLOSED @ https://via.placeholder.com/300x200?text=No+Image:0
[   72555ms] [ERROR] Failed to load resource: net::ERR_CONNECTION_CLOSED @ https://via.placeholder.com/300x200?text=No+Image:0
[   72647ms] [ERROR] Failed to load resource: net::ERR_CONNECTION_CLOSED @ https://via.placeholder.com/300x200?text=No+Image:0
[   72738ms] [ERROR] Failed to load resource: net::ERR_CONNECTION_CLOSED @ https://via.placeholder.com/300x200?text=No+Image:0
[   72829ms] [ERROR] Failed to load resource: net::ERR_CONNECTION_CLOSED @ https://via.placeholder.com/300x200?text=No+Image:0
[   72922ms] [ERROR] Failed to load resource: net::ERR_CONNECTION_CLOSED @ https://via.placeholder.com/300x200?text=No+Image:0
[   73015ms] [ERROR] Failed to load resource: net::ERR_CONNECTION_CLOSED @ https://via.placeholder.com/300x200?text=No+Image:0
[   73110ms] [ERROR] Failed to load resource: net::ERR_CONNECTION_CLOSED @ https://via.placeholder.com/300x200?text=No+Image:0
[   73203ms] [ERROR] Failed to load resource: net::ERR_CONNECTION_CLOSED @ https://via.placeholder.com/300x200?text=No+Image:0
[   73300ms] [ERROR] Failed to load resource: net::ERR_CONNECTION_CLOSED @ https://via.placeholder.com/300x200?text=No+Image:0
[   73395ms] [ERROR] Failed to load resource: net::ERR_CONNECTION_CLOSED @ https://via.placeholder.com/300x200?text=No+Image:0
[   73485ms] [ERROR] Failed to load resource: net::ERR_CONNECTION_CLOSED @ https://via.placeholder.com/300x200?text=No+Image:0
[   73579ms] [ERROR] Failed to load resource: net::ERR_CONNECTION_CLOSED @ https://via.placeholder.com/300x200?text=No+Image:0
[   73672ms] [ERROR] Failed to load resource: net::ERR_CONNECTION_CLOSED @ https://via.placeholder.com/300x200?text=No+Image:0
[   73764ms] [ERROR] Failed to load resource: net::ERR_CONNECTION_CLOSED @ https://via.placeholder.com/300x200?text=No+Image:0
[   73865ms] [ERROR] Failed to load resource: net::ERR_CONNECTION_CLOSED @ https://via.placeholder.com/300x200?text=No+Image:0
[   73960ms] [ERROR] Failed to load resource: net::ERR_CONNECTION_CLOSED @ https://via.placeholder.com/300x200?text=No+Image:0
[   74054ms] [ERROR] Failed to load resource: net::ERR_CONNECTION_CLOSED @ https://via.placeholder.com/300x200?text=No+Image:0
[   74145ms] [ERROR] Failed to load resource: net::ERR_CONNECTION_CLOSED @ https://via.placeholder.com/300x200?text=No+Image:0
[   74240ms] [ERROR] Failed to load resource: net::ERR_CONNECTION_CLOSED @ https://via.placeholder.com/300x200?text=No+Image:0
[   74342ms] [ERROR] Failed to load resource: net::ERR_CONNECTION_CLOSED @ https://via.placeholder.com/300x200?text=No+Image:0
[   74440ms] [ERROR] Failed to load resource: net::ERR_CONNECTION_CLOSED @ https://via.placeholder.com/300x200?text=No+Image:0
[   74528ms] [ERROR] Failed to load resource: net::ERR_CONNECTION_CLOSED @ https://via.placeholder.com/300x200?text=No+Image:0
[   74619ms] [ERROR] Failed to load resource: net::ERR_CONNECTION_CLOSED @ https://via.placeholder.com/300x200?text=No+Image:0
[   74715ms] [ERROR] Failed to load resource: net::ERR_CONNECTION_CLOSED @ https://via.placeholder.com/300x200?text=No+Image:0
[   74811ms] [ERROR] Failed to load resource: net::ERR_CONNECTION_CLOSED @ https://via.placeholder.com/300x200?text=No+Image:0
[   74909ms] [ERROR] Failed to load resource: net::ERR_CONNECTION_CLOSED @ https://via.placeholder.com/300x200?text=No+Image:0
[   75004ms] [ERROR] Failed to load resource: net::ERR_CONNECTION_CLOSED @ https://via.placeholder.com/300x200?text=No+Image:0
[   75101ms] [ERROR] Failed to load resource: net::ERR_CONNECTION_CLOSED @ https://via.placeholder.com/300x200?text=No+Image:0
[   75192ms] [ERROR] Failed to load resource: net::ERR_CONNECTION_CLOSED @ https://via.placeholder.com/300x200?text=No+Image:0
[   75287ms] [ERROR] Failed to load resource: net::ERR_CONNECTION_CLOSED @ https://via.placeholder.com/300x200?text=No+Image:0
[   75389ms] [ERROR] Failed to load resource: net::ERR_CONNECTION_CLOSED @ https://via.placeholder.com/300x200?text=No+Image:0
[   75479ms] [ERROR] Failed to load resource: net::ERR_CONNECTION_CLOSED @ https://via.placeholder.com/300x200?text=No+Image:0
[   75571ms] [ERROR] Failed to load resource: net::ERR_CONNECTION_CLOSED @ https://via.placeholder.com/300x200?text=No+Image:0
[   75662ms] [ERROR] Failed to load resource: net::ERR_CONNECTION_CLOSED @ https://via.placeholder.com/300x200?text=No+Image:0
[   75758ms] [ERROR] Failed to load resource: net::ERR_CONNECTION_CLOSED @ https://via.placeholder.com/300x200?text=No+Image:0
[   75850ms] [ERROR] Failed to load resource: net::ERR_CONNECTION_CLOSED @ https://via.placeholder.com/300x200?text=No+Image:0
[   75943ms] [ERROR] Failed to load resource: net::ERR_CONNECTION_CLOSED @ https://via.placeholder.com/300x200?text=No+Image:0
[   76036ms] [ERROR] Failed to load resource: net::ERR_CONNECTION_CLOSED @ https://via.placeholder.com/300x200?text=No+Image:0
[   76128ms] [ERROR] Failed to load resource: net::ERR_CONNECTION_CLOSED @ https://via.placeholder.com/300x200?text=No+Image:0
[   76220ms] [ERROR] Failed to load resource: net::ERR_CONNECTION_CLOSED @ https://via.placeholder.com/300x200?text=No+Image:0
[   76312ms] [ERROR] Failed to load resource: net::ERR_CONNECTION_CLOSED @ https://via.placeholder.com/300x200?text=No+Image:0
[   76414ms] [ERROR] Failed to load resource: net::ERR_CONNECTION_CLOSED @ https://via.placeholder.com/300x200?text=No+Image:0
[   76507ms] [ERROR] Failed to load resource: net::ERR_CONNECTION_CLOSED @ https://via.placeholder.com/300x200?text=No+Image:0
[   76602ms] [ERROR] Failed to load resource: net::ERR_CONNECTION_CLOSED @ https://via.placeholder.com/300x200?text=No+Image:0
[   76698ms] [ERROR] Failed to load resource: net::ERR_CONNECTION_CLOSED @ https://via.placeholder.com/300x200?text=No+Image:0
[   76799ms] [ERROR] Failed to load resource: net::ERR_CONNECTION_CLOSED @ https://via.placeholder.com/300x200?text=No+Image:0
[   76898ms] [ERROR] Failed to load resource: net::ERR_CONNECTION_CLOSED @ https://via.placeholder.com/300x200?text=No+Image:0
[   76989ms] [ERROR] Failed to load resource: net::ERR_CONNECTION_CLOSED @ https://via.placeholder.com/300x200?text=No+Image:0
[   77084ms] [ERROR] Failed to load resource: net::ERR_CONNECTION_CLOSED @ https://via.placeholder.com/300x200?text=No+Image:0
[   77176ms] [ERROR] Failed to load resource: net::ERR_CONNECTION_CLOSED @ https://via.placeholder.com/300x200?text=No+Image:0
[   77272ms] [ERROR] Failed to load resource: net::ERR_CONNECTION_CLOSED @ https://via.placeholder.com/300x200?text=No+Image:0
[   77367ms] [ERROR] Failed to load resource: net::ERR_CONNECTION_CLOSED @ https://via.placeholder.com/300x200?text=No+Image:0
[   77460ms] [ERROR] Failed to load resource: net::ERR_CONNECTION_CLOSED @ https://via.placeholder.com/300x200?text=No+Image:0
[   77552ms] [ERROR] Failed to load resource: net::ERR_CONNECTION_CLOSED @ https://via.placeholder.com/300x200?text=No+Image:0
[   77640ms] [ERROR] Failed to load resource: net::ERR_CONNECTION_CLOSED @ https://via.placeholder.com/300x200?text=No+Image:0
[   77730ms] [ERROR] Failed to load resource: net::ERR_CONNECTION_CLOSED @ https://via.placeholder.com/300x200?text=No+Image:0
[   77829ms] [ERROR] Failed to load resource: net::ERR_CONNECTION_CLOSED @ https://via.placeholder.com/300x200?text=No+Image:0
[   77930ms] [ERROR] Failed to load resource: net::ERR_CONNECTION_CLOSED @ https://via.placeholder.com/300x200?text=No+Image:0
[   78018ms] [ERROR] Failed to load resource: net::ERR_CONNECTION_CLOSED @ https://via.placeholder.com/300x200?text=No+Image:0
[   78114ms] [ERROR] Failed to load resource: net::ERR_CONNECTION_CLOSED @ https://via.placeholder.com/300x200?text=No+Image:0
[   78212ms] [ERROR] Failed to load resource: net::ERR_CONNECTION_CLOSED @ https://via.placeholder.com/300x200?text=No+Image:0
[   78302ms] [ERROR] Failed to load resource: net::ERR_CONNECTION_CLOSED @ https://via.placeholder.com/300x200?text=No+Image:0
[   78399ms] [ERROR] Failed to load resource: net::ERR_CONNECTION_CLOSED @ https://via.placeholder.com/300x200?text=No+Image:0
[   78497ms] [ERROR] Failed to load resource: net::ERR_CONNECTION_CLOSED @ https://via.placeholder.com/300x200?text=No+Image:0
[   78589ms] [ERROR] Failed to load resource: net::ERR_CONNECTION_CLOSED @ https://via.placeholder.com/300x200?text=No+Image:0
[   78680ms] [ERROR] Failed to load resource: net::ERR_CONNECTION_CLOSED @ https://via.placeholder.com/300x200?text=No+Image:0
[   78774ms] [ERROR] Failed to load resource: net::ERR_CONNECTION_CLOSED @ https://via.placeholder.com/300x200?text=No+Image:0
[   78874ms] [ERROR] Failed to load resource: net::ERR_CONNECTION_CLOSED @ https://via.placeholder.com/300x200?text=No+Image:0
[   78966ms] [ERROR] Failed to load resource: net::ERR_CONNECTION_CLOSED @ https://via.placeholder.com/300x200?text=No+Image:0
[   79061ms] [ERROR] Failed to load resource: net::ERR_CONNECTION_CLOSED @ https://via.placeholder.com/300x200?text=No+Image:0
[   79158ms] [ERROR] Failed to load resource: net::ERR_CONNECTION_CLOSED @ https://via.placeholder.com/300x200?text=No+Image:0
[   79252ms] [ERROR] Failed to load resource: net::ERR_CONNECTION_CLOSED @ https://via.placeholder.com/300x200?text=No+Image:0
[   79353ms] [ERROR] Failed to load resource: net::ERR_CONNECTION_CLOSED @ https://via.placeholder.com/300x200?text=No+Image:0
[   79441ms] [ERROR] Failed to load resource: net::ERR_CONNECTION_CLOSED @ https://via.placeholder.com/300x200?text=No+Image:0
[   79535ms] [ERROR] Failed to load resource: net::ERR_CONNECTION_CLOSED @ https://via.placeholder.com/300x200?text=No+Image:0
[   79631ms] [ERROR] Failed to load resource: net::ERR_CONNECTION_CLOSED @ https://via.placeholder.com/300x200?text=No+Image:0
[   79726ms] [ERROR] Failed to load resource: net::ERR_CONNECTION_CLOSED @ https://via.placeholder.com/300x200?text=No+Image:0
[   79817ms] [ERROR] Failed to load resource: net::ERR_CONNECTION_CLOSED @ https://via.placeholder.com/300x200?text=No+Image:0
[   79916ms] [ERROR] Failed to load resource: net::ERR_CONNECTION_CLOSED @ https://via.placeholder.com/300x200?text=No+Image:0
[   80010ms] [ERROR] Failed to load resource: net::ERR_CONNECTION_CLOSED @ https://via.placeholder.com/300x200?text=No+Image:0
[   80122ms] [ERROR] Failed to load resource: net::ERR_CONNECTION_CLOSED @ https://via.placeholder.com/300x200?text=No+Image:0
[   80215ms] [ERROR] Failed to load resource: net::ERR_CONNECTION_CLOSED @ https://via.placeholder.com/300x200?text=No+Image:0
[   80307ms] [ERROR] Failed to load resource: net::ERR_CONNECTION_CLOSED @ https://via.placeholder.com/300x200?text=No+Image:0
[   80398ms] [ERROR] Failed to load resource: net::ERR_CONNECTION_CLOSED @ https://via.placeholder.com/300x200?text=No+Image:0
[   80489ms] [ERROR] Failed to load resource: net::ERR_CONNECTION_CLOSED @ https://via.placeholder.com/300x200?text=No+Image:0
[   80588ms] [ERROR] Failed to load resource: net::ERR_CONNECTION_CLOSED @ https://via.placeholder.com/300x200?text=No+Image:0
[   80689ms] [ERROR] Failed to load resource: net::ERR_CONNECTION_CLOSED @ https://via.placeholder.com/300x200?text=No+Image:0
[   80790ms] [ERROR] Failed to load resource: net::ERR_CONNECTION_CLOSED @ https://via.placeholder.com/300x200?text=No+Image:0
[   80881ms] [ERROR] Failed to load resource: net::ERR_CONNECTION_CLOSED @ https://via.placeholder.com/300x200?text=No+Image:0
[   80978ms] [ERROR] Failed to load resource: net::ERR_CONNECTION_CLOSED @ https://via.placeholder.com/300x200?text=No+Image:0
[   81071ms] [ERROR] Failed to load resource: net::ERR_CONNECTION_CLOSED @ https://via.placeholder.com/300x200?text=No+Image:0
[   81167ms] [ERROR] Failed to load resource: net::ERR_CONNECTION_CLOSED @ https://via.placeholder.com/300x200?text=No+Image:0
[   81259ms] [ERROR] Failed to load resource: net::ERR_CONNECTION_CLOSED @ https://via.placeholder.com/300x200?text=No+Image:0
[   81357ms] [ERROR] Failed to load resource: net::ERR_CONNECTION_CLOSED @ https://via.placeholder.com/300x200?text=No+Image:0
[   81453ms] [ERROR] Failed to load resource: net::ERR_CONNECTION_CLOSED @ https://via.placeholder.com/300x200?text=No+Image:0
[   81547ms] [ERROR] Failed to load resource: net::ERR_CONNECTION_CLOSED @ https://via.placeholder.com/300x200?text=No+Image:0
[   81641ms] [ERROR] Failed to load resource: net::ERR_CONNECTION_CLOSED @ https://via.placeholder.com/300x200?text=No+Image:0
[   81733ms] [ERROR] Failed to load resource: net::ERR_CONNECTION_CLOSED @ https://via.placeholder.com/300x200?text=No+Image:0
[   81833ms] [ERROR] Failed to load resource: net::ERR_CONNECTION_CLOSED @ https://via.placeholder.com/300x200?text=No+Image:0
[   81927ms] [ERROR] Failed to load resource: net::ERR_CONNECTION_CLOSED @ https://via.placeholder.com/300x200?text=No+Image:0
[   82019ms] [ERROR] Failed to load resource: net::ERR_CONNECTION_CLOSED @ https://via.placeholder.com/300x200?text=No+Image:0
[   82114ms] [ERROR] Failed to load resource: net::ERR_CONNECTION_CLOSED @ https://via.placeholder.com/300x200?text=No+Image:0
[   82204ms] [ERROR] Failed to load resource: net::ERR_CONNECTION_CLOSED @ https://via.placeholder.com/300x200?text=No+Image:0
[   82297ms] [ERROR] Failed to load resource: net::ERR_CONNECTION_CLOSED @ https://via.placeholder.com/300x200?text=No+Image:0
[   82399ms] [ERROR] Failed to load resource: net::ERR_CONNECTION_CLOSED @ https://via.placeholder.com/300x200?text=No+Image:0
[   82490ms] [ERROR] Failed to load resource: net::ERR_CONNECTION_CLOSED @ https://via.placeholder.com/300x200?text=No+Image:0
[   82584ms] [ERROR] Failed to load resource: net::ERR_CONNECTION_CLOSED @ https://via.placeholder.com/300x200?text=No+Image:0
[   82681ms] [ERROR] Failed to load resource: net::ERR_CONNECTION_CLOSED @ https://via.placeholder.com/300x200?text=No+Image:0
[   82777ms] [ERROR] Failed to load resource: net::ERR_CONNECTION_CLOSED @ https://via.placeholder.com/300x200?text=No+Image:0
[   82873ms] [ERROR] Failed to load resource: net::ERR_CONNECTION_CLOSED @ https://via.placeholder.com/300x200?text=No+Image:0
[   82967ms] [ERROR] Failed to load resource: net::ERR_CONNECTION_CLOSED @ https://via.placeholder.com/300x200?text=No+Image:0
[   83059ms] [ERROR] Failed to load resource: net::ERR_CONNECTION_CLOSED @ https://via.placeholder.com/300x200?text=No+Image:0
[   83163ms] [ERROR] Failed to load resource: net::ERR_CONNECTION_CLOSED @ https://via.placeholder.com/300x200?text=No+Image:0
[   83257ms] [ERROR] Failed to load resource: net::ERR_CONNECTION_CLOSED @ https://via.placeholder.com/300x200?text=No+Image:0
[   83359ms] [ERROR] Failed to load resource: net::ERR_CONNECTION_CLOSED @ https://via.placeholder.com/300x200?text=No+Image:0
[   83452ms] [ERROR] Failed to load resource: net::ERR_CONNECTION_CLOSED @ https://via.placeholder.com/300x200?text=No+Image:0
[   83548ms] [ERROR] Failed to load resource: net::ERR_CONNECTION_CLOSED @ https://via.placeholder.com/300x200?text=No+Image:0
[   83641ms] [ERROR] Failed to load resource: net::ERR_CONNECTION_CLOSED @ https://via.placeholder.com/300x200?text=No+Image:0
[   83735ms] [ERROR] Failed to load resource: net::ERR_CONNECTION_CLOSED @ https://via.placeholder.com/300x200?text=No+Image:0
[   83837ms] [ERROR] Failed to load resource: net::ERR_CONNECTION_CLOSED @ https://via.placeholder.com/300x200?text=No+Image:0
[   83929ms] [ERROR] Failed to load resource: net::ERR_CONNECTION_CLOSED @ https://via.placeholder.com/300x200?text=No+Image:0
[   84019ms] [ERROR] Failed to load resource: net::ERR_CONNECTION_CLOSED @ https://via.placeholder.com/300x200?text=No+Image:0
[   84116ms] [ERROR] Failed to load resource: net::ERR_CONNECTION_CLOSED @ https://via.placeholder.com/300x200?text=No+Image:0
[   84209ms] [ERROR] Failed to load resource: net::ERR_CONNECTION_CLOSED @ https://via.placeholder.com/300x200?text=No+Image:0
[   84307ms] [ERROR] Failed to load resource: net::ERR_CONNECTION_CLOSED @ https://via.placeholder.com/300x200?text=No+Image:0
[   84406ms] [ERROR] Failed to load resource: net::ERR_CONNECTION_CLOSED @ https://via.placeholder.com/300x200?text=No+Image:0
[   84502ms] [ERROR] Failed to load resource: net::ERR_CONNECTION_CLOSED @ https://via.placeholder.com/300x200?text=No+Image:0
[   84594ms] [ERROR] Failed to load resource: net::ERR_CONNECTION_CLOSED @ https://via.placeholder.com/300x200?text=No+Image:0
[   84711ms] [ERROR] Failed to load resource: net::ERR_CONNECTION_CLOSED @ https://via.placeholder.com/300x200?text=No+Image:0
[   84808ms] [ERROR] Failed to load resource: net::ERR_CONNECTION_CLOSED @ https://via.placeholder.com/300x200?text=No+Image:0
[   84904ms] [ERROR] Failed to load resource: net::ERR_CONNECTION_CLOSED @ https://via.placeholder.com/300x200?text=No+Image:0
[   84995ms] [ERROR] Failed to load resource: net::ERR_CONNECTION_CLOSED @ https://via.placeholder.com/300x200?text=No+Image:0
[   85089ms] [ERROR] Failed to load resource: net::ERR_CONNECTION_CLOSED @ https://via.placeholder.com/300x200?text=No+Image:0
[   85180ms] [ERROR] Failed to load resource: net::ERR_CONNECTION_CLOSED @ https://via.placeholder.com/300x200?text=No+Image:0
[   85278ms] [ERROR] Failed to load resource: net::ERR_CONNECTION_CLOSED @ https://via.placeholder.com/300x200?text=No+Image:0
[   85381ms] [ERROR] Failed to load resource: net::ERR_CONNECTION_CLOSED @ https://via.placeholder.com/300x200?text=No+Image:0
[   85473ms] [ERROR] Failed to load resource: net::ERR_CONNECTION_CLOSED @ https://via.placeholder.com/300x200?text=No+Image:0
[   85565ms] [ERROR] Failed to load resource: net::ERR_CONNECTION_CLOSED @ https://via.placeholder.com/300x200?text=No+Image:0
[   85655ms] [ERROR] Failed to load resource: net::ERR_CONNECTION_CLOSED @ https://via.placeholder.com/300x200?text=No+Image:0
[   85749ms] [ERROR] Failed to load resource: net::ERR_CONNECTION_CLOSED @ https://via.placeholder.com/300x200?text=No+Image:0
[   85856ms] [ERROR] Failed to load resource: net::ERR_CONNECTION_CLOSED @ https://via.placeholder.com/300x200?text=No+Image:0
[   85943ms] [ERROR] Failed to load resource: net::ERR_CONNECTION_CLOSED @ https://via.placeholder.com/300x200?text=No+Image:0
[   86033ms] [ERROR] Failed to load resource: net::ERR_CONNECTION_CLOSED @ https://via.placeholder.com/300x200?text=No+Image:0
[   86128ms] [ERROR] Failed to load resource: net::ERR_CONNECTION_CLOSED @ https://via.placeholder.com/300x200?text=No+Image:0
[   86216ms] [ERROR] Failed to load resource: net::ERR_CONNECTION_CLOSED @ https://via.placeholder.com/300x200?text=No+Image:0
[   86311ms] [ERROR] Failed to load resource: net::ERR_CONNECTION_CLOSED @ https://via.placeholder.com/300x200?text=No+Image:0
[   86408ms] [ERROR] Failed to load resource: net::ERR_CONNECTION_CLOSED @ https://via.placeholder.com/300x200?text=No+Image:0
[   86502ms] [ERROR] Failed to load resource: net::ERR_CONNECTION_CLOSED @ https://via.placeholder.com/300x200?text=No+Image:0
[   86653ms] [ERROR] Failed to load resource: net::ERR_CONNECTION_CLOSED @ https://via.placeholder.com/300x200?text=No+Image:0
[   86742ms] [ERROR] Failed to load resource: net::ERR_CONNECTION_CLOSED @ https://via.placeholder.com/300x200?text=No+Image:0
[   86840ms] [ERROR] Failed to load resource: net::ERR_CONNECTION_CLOSED @ https://via.placeholder.com/300x200?text=No+Image:0
[   86933ms] [ERROR] Failed to load resource: net::ERR_CONNECTION_CLOSED @ https://via.placeholder.com/300x200?text=No+Image:0
[   87029ms] [ERROR] Failed to load resource: net::ERR_CONNECTION_CLOSED @ https://via.placeholder.com/300x200?text=No+Image:0
[   87144ms] [ERROR] Failed to load resource: net::ERR_CONNECTION_CLOSED @ https://via.placeholder.com/300x200?text=No+Image:0
[   87237ms] [ERROR] Failed to load resource: net::ERR_CONNECTION_CLOSED @ https://via.placeholder.com/300x200?text=No+Image:0
[   87330ms] [ERROR] Failed to load resource: net::ERR_CONNECTION_CLOSED @ https://via.placeholder.com/300x200?text=No+Image:0
[   87429ms] [ERROR] Failed to load resource: net::ERR_CONNECTION_CLOSED @ https://via.placeholder.com/300x200?text=No+Image:0
[   87519ms] [ERROR] Failed to load resource: net::ERR_CONNECTION_CLOSED @ https://via.placeholder.com/300x200?text=No+Image:0
[   87614ms] [ERROR] Failed to load resource: net::ERR_CONNECTION_CLOSED @ https://via.placeholder.com/300x200?text=No+Image:0
[   87705ms] [ERROR] Failed to load resource: net::ERR_CONNECTION_CLOSED @ https://via.placeholder.com/300x200?text=No+Image:0
[   87800ms] [ERROR] Failed to load resource: net::ERR_CONNECTION_CLOSED @ https://via.placeholder.com/300x200?text=No+Image:0
[   87888ms] [ERROR] Failed to load resource: net::ERR_CONNECTION_CLOSED @ https://via.placeholder.com/300x200?text=No+Image:0
[   87979ms] [ERROR] Failed to load resource: net::ERR_CONNECTION_CLOSED @ https://via.placeholder.com/300x200?text=No+Image:0
[   88069ms] [ERROR] Failed to load resource: net::ERR_CONNECTION_CLOSED @ https://via.placeholder.com/300x200?text=No+Image:0
[   88160ms] [ERROR] Failed to load resource: net::ERR_CONNECTION_CLOSED @ https://via.placeholder.com/300x200?text=No+Image:0
[   88249ms] [ERROR] Failed to load resource: net::ERR_CONNECTION_CLOSED @ https://via.placeholder.com/300x200?text=No+Image:0
[   88345ms] [ERROR] Failed to load resource: net::ERR_CONNECTION_CLOSED @ https://via.placeholder.com/300x200?text=No+Image:0
[   88433ms] [ERROR] Failed to load resource: net::ERR_CONNECTION_CLOSED @ https://via.placeholder.com/300x200?text=No+Image:0
[   88525ms] [ERROR] Failed to load resource: net::ERR_CONNECTION_CLOSED @ https://via.placeholder.com/300x200?text=No+Image:0
[   88620ms] [ERROR] Failed to load resource: net::ERR_CONNECTION_CLOSED @ https://via.placeholder.com/300x200?text=No+Image:0
[   88715ms] [ERROR] Failed to load resource: net::ERR_CONNECTION_CLOSED @ https://via.placeholder.com/300x200?text=No+Image:0
[   88808ms] [ERROR] Failed to load resource: net::ERR_CONNECTION_CLOSED @ https://via.placeholder.com/300x200?text=No+Image:0
[   88908ms] [ERROR] Failed to load resource: net::ERR_CONNECTION_CLOSED @ https://via.placeholder.com/300x200?text=No+Image:0
[   88995ms] [ERROR] Failed to load resource: net::ERR_CONNECTION_CLOSED @ https://via.placeholder.com/300x200?text=No+Image:0
[   89087ms] [ERROR] Failed to load resource: net::ERR_CONNECTION_CLOSED @ https://via.placeholder.com/300x200?text=No+Image:0
[   89178ms] [ERROR] Failed to load resource: net::ERR_CONNECTION_CLOSED @ https://via.placeholder.com/300x200?text=No+Image:0
[   89276ms] [ERROR] Failed to load resource: net::ERR_CONNECTION_CLOSED @ https://via.placeholder.com/300x200?text=No+Image:0
[   89372ms] [ERROR] Failed to load resource: net::ERR_CONNECTION_CLOSED @ https://via.placeholder.com/300x200?text=No+Image:0
[   89461ms] [ERROR] Failed to load resource: net::ERR_CONNECTION_CLOSED @ https://via.placeholder.com/300x200?text=No+Image:0
[   89557ms] [ERROR] Failed to load resource: net::ERR_CONNECTION_CLOSED @ https://via.placeholder.com/300x200?text=No+Image:0
[   89649ms] [ERROR] Failed to load resource: net::ERR_CONNECTION_CLOSED @ https://via.placeholder.com/300x200?text=No+Image:0
[   89744ms] [ERROR] Failed to load resource: net::ERR_CONNECTION_CLOSED @ https://via.placeholder.com/300x200?text=No+Image:0
[   89836ms] [ERROR] Failed to load resource: net::ERR_CONNECTION_CLOSED @ https://via.placeholder.com/300x200?text=No+Image:0
[   89935ms] [ERROR] Failed to load resource: net::ERR_CONNECTION_CLOSED @ https://via.placeholder.com/300x200?text=No+Image:0
[   90028ms] [ERROR] Failed to load resource: net::ERR_CONNECTION_CLOSED @ https://via.placeholder.com/300x200?text=No+Image:0
[   90119ms] [ERROR] Failed to load resource: net::ERR_CONNECTION_CLOSED @ https://via.placeholder.com/300x200?text=No+Image:0
[   90210ms] [ERROR] Failed to load resource: net::ERR_CONNECTION_CLOSED @ https://via.placeholder.com/300x200?text=No+Image:0
[   90305ms] [ERROR] Failed to load resource: net::ERR_CONNECTION_CLOSED @ https://via.placeholder.com/300x200?text=No+Image:0
[   90399ms] [ERROR] Failed to load resource: net::ERR_CONNECTION_CLOSED @ https://via.placeholder.com/300x200?text=No+Image:0
[   90494ms] [ERROR] Failed to load resource: net::ERR_CONNECTION_CLOSED @ https://via.placeholder.com/300x200?text=No+Image:0
[   90586ms] [ERROR] Failed to load resource: net::ERR_CONNECTION_CLOSED @ https://via.placeholder.com/300x200?text=No+Image:0
[   90682ms] [ERROR] Failed to load resource: net::ERR_CONNECTION_CLOSED @ https://via.placeholder.com/300x200?text=No+Image:0
[   90773ms] [ERROR] Failed to load resource: net::ERR_CONNECTION_CLOSED @ https://via.placeholder.com/300x200?text=No+Image:0
[   90871ms] [ERROR] Failed to load resource: net::ERR_CONNECTION_CLOSED @ https://via.placeholder.com/300x200?text=No+Image:0
[   90995ms] [ERROR] Failed to load resource: net::ERR_CONNECTION_CLOSED @ https://via.placeholder.com/300x200?text=No+Image:0
[   91106ms] [ERROR] Failed to load resource: net::ERR_CONNECTION_CLOSED @ https://via.placeholder.com/300x200?text=No+Image:0
[   91207ms] [ERROR] Failed to load resource: net::ERR_CONNECTION_CLOSED @ https://via.placeholder.com/300x200?text=No+Image:0
[   91303ms] [ERROR] Failed to load resource: net::ERR_CONNECTION_CLOSED @ https://via.placeholder.com/300x200?text=No+Image:0
[   91397ms] [ERROR] Failed to load resource: net::ERR_CONNECTION_CLOSED @ https://via.placeholder.com/300x200?text=No+Image:0
[   91496ms] [ERROR] Failed to load resource: net::ERR_CONNECTION_CLOSED @ https://via.placeholder.com/300x200?text=No+Image:0
[   91590ms] [ERROR] Failed to load resource: net::ERR_CONNECTION_CLOSED @ https://via.placeholder.com/300x200?text=No+Image:0
[   91685ms] [ERROR] Failed to load resource: net::ERR_CONNECTION_CLOSED @ https://via.placeholder.com/300x200?text=No+Image:0
[   91777ms] [ERROR] Failed to load resource: net::ERR_CONNECTION_CLOSED @ https://via.placeholder.com/300x200?text=No+Image:0
[   91865ms] [ERROR] Failed to load resource: net::ERR_CONNECTION_CLOSED @ https://via.placeholder.com/300x200?text=No+Image:0
[   91960ms] [ERROR] Failed to load resource: net::ERR_CONNECTION_CLOSED @ https://via.placeholder.com/300x200?text=No+Image:0
[   92058ms] [ERROR] Failed to load resource: net::ERR_CONNECTION_CLOSED @ https://via.placeholder.com/300x200?text=No+Image:0
[   92154ms] [ERROR] Failed to load resource: net::ERR_CONNECTION_CLOSED @ https://via.placeholder.com/300x200?text=No+Image:0
[   92245ms] [ERROR] Failed to load resource: net::ERR_CONNECTION_CLOSED @ https://via.placeholder.com/300x200?text=No+Image:0
[   92343ms] [ERROR] Failed to load resource: net::ERR_CONNECTION_CLOSED @ https://via.placeholder.com/300x200?text=No+Image:0
[   92432ms] [ERROR] Failed to load resource: net::ERR_CONNECTION_CLOSED @ https://via.placeholder.com/300x200?text=No+Image:0
[   92522ms] [ERROR] Failed to load resource: net::ERR_CONNECTION_CLOSED @ https://via.placeholder.com/300x200?text=No+Image:0
[   92615ms] [ERROR] Failed to load resource: net::ERR_CONNECTION_CLOSED @ https://via.placeholder.com/300x200?text=No+Image:0
[   92706ms] [ERROR] Failed to load resource: net::ERR_CONNECTION_CLOSED @ https://via.placeholder.com/300x200?text=No+Image:0
[   92800ms] [ERROR] Failed to load resource: net::ERR_CONNECTION_CLOSED @ https://via.placeholder.com/300x200?text=No+Image:0
[   92891ms] [ERROR] Failed to load resource: net::ERR_CONNECTION_CLOSED @ https://via.placeholder.com/300x200?text=No+Image:0
[   92995ms] [ERROR] Failed to load resource: net::ERR_CONNECTION_CLOSED @ https://via.placeholder.com/300x200?text=No+Image:0
[   93091ms] [ERROR] Failed to load resource: net::ERR_CONNECTION_CLOSED @ https://via.placeholder.com/300x200?text=No+Image:0
[   93183ms] [ERROR] Failed to load resource: net::ERR_CONNECTION_CLOSED @ https://via.placeholder.com/300x200?text=No+Image:0
[   93276ms] [ERROR] Failed to load resource: net::ERR_CONNECTION_CLOSED @ https://via.placeholder.com/300x200?text=No+Image:0
[   93367ms] [ERROR] Failed to load resource: net::ERR_CONNECTION_CLOSED @ https://via.placeholder.com/300x200?text=No+Image:0
[   93460ms] [ERROR] Failed to load resource: net::ERR_CONNECTION_CLOSED @ https://via.placeholder.com/300x200?text=No+Image:0
[   93558ms] [ERROR] Failed to load resource: net::ERR_CONNECTION_CLOSED @ https://via.placeholder.com/300x200?text=No+Image:0
[   93652ms] [ERROR] Failed to load resource: net::ERR_CONNECTION_CLOSED @ https://via.placeholder.com/300x200?text=No+Image:0
[   93739ms] [ERROR] Failed to load resource: net::ERR_CONNECTION_CLOSED @ https://via.placeholder.com/300x200?text=No+Image:0
[   93833ms] [ERROR] Failed to load resource: net::ERR_CONNECTION_CLOSED @ https://via.placeholder.com/300x200?text=No+Image:0
[   93926ms] [ERROR] Failed to load resource: net::ERR_CONNECTION_CLOSED @ https://via.placeholder.com/300x200?text=No+Image:0
[   94019ms] [ERROR] Failed to load resource: net::ERR_CONNECTION_CLOSED @ https://via.placeholder.com/300x200?text=No+Image:0
[   94117ms] [ERROR] Failed to load resource: net::ERR_CONNECTION_CLOSED @ https://via.placeholder.com/300x200?text=No+Image:0
[   94217ms] [ERROR] Failed to load resource: net::ERR_CONNECTION_CLOSED @ https://via.placeholder.com/300x200?text=No+Image:0
[   94306ms] [ERROR] Failed to load resource: net::ERR_CONNECTION_CLOSED @ https://via.placeholder.com/300x200?text=No+Image:0
[   94398ms] [ERROR] Failed to load resource: net::ERR_CONNECTION_CLOSED @ https://via.placeholder.com/300x200?text=No+Image:0
[   94498ms] [ERROR] Failed to load resource: net::ERR_CONNECTION_CLOSED @ https://via.placeholder.com/300x200?text=No+Image:0
[   94591ms] [ERROR] Failed to load resource: net::ERR_CONNECTION_CLOSED @ https://via.placeholder.com/300x200?text=No+Image:0
[   94689ms] [ERROR] Failed to load resource: net::ERR_CONNECTION_CLOSED @ https://via.placeholder.com/300x200?text=No+Image:0
[   94777ms] [ERROR] Failed to load resource: net::ERR_CONNECTION_CLOSED @ https://via.placeholder.com/300x200?text=No+Image:0
[   94870ms] [ERROR] Failed to load resource: net::ERR_CONNECTION_CLOSED @ https://via.placeholder.com/300x200?text=No+Image:0
[   94959ms] [ERROR] Failed to load resource: net::ERR_CONNECTION_CLOSED @ https://via.placeholder.com/300x200?text=No+Image:0
[   95050ms] [ERROR] Failed to load resource: net::ERR_CONNECTION_CLOSED @ https://via.placeholder.com/300x200?text=No+Image:0
[   95145ms] [ERROR] Failed to load resource: net::ERR_CONNECTION_CLOSED @ https://via.placeholder.com/300x200?text=No+Image:0
[   95240ms] [ERROR] Failed to load resource: net::ERR_CONNECTION_CLOSED @ https://via.placeholder.com/300x200?text=No+Image:0
[   95330ms] [ERROR] Failed to load resource: net::ERR_CONNECTION_CLOSED @ https://via.placeholder.com/300x200?text=No+Image:0
[   95419ms] [ERROR] Failed to load resource: net::ERR_CONNECTION_CLOSED @ https://via.placeholder.com/300x200?text=No+Image:0
[   95522ms] [ERROR] Failed to load resource: net::ERR_CONNECTION_CLOSED @ https://via.placeholder.com/300x200?text=No+Image:0
[   95616ms] [ERROR] Failed to load resource: net::ERR_CONNECTION_CLOSED @ https://via.placeholder.com/300x200?text=No+Image:0
[   95714ms] [ERROR] Failed to load resource: net::ERR_CONNECTION_CLOSED @ https://via.placeholder.com/300x200?text=No+Image:0
[   95808ms] [ERROR] Failed to load resource: net::ERR_CONNECTION_CLOSED @ https://via.placeholder.com/300x200?text=No+Image:0
[   95903ms] [ERROR] Failed to load resource: net::ERR_CONNECTION_CLOSED @ https://via.placeholder.com/300x200?text=No+Image:0
[   96002ms] [ERROR] Failed to load resource: net::ERR_CONNECTION_CLOSED @ https://via.placeholder.com/300x200?text=No+Image:0
[   96097ms] [ERROR] Failed to load resource: net::ERR_CONNECTION_CLOSED @ https://via.placeholder.com/300x200?text=No+Image:0
[   96186ms] [ERROR] Failed to load resource: net::ERR_CONNECTION_CLOSED @ https://via.placeholder.com/300x200?text=No+Image:0
[   96287ms] [ERROR] Failed to load resource: net::ERR_CONNECTION_CLOSED @ https://via.placeholder.com/300x200?text=No+Image:0
[   96385ms] [ERROR] Failed to load resource: net::ERR_CONNECTION_CLOSED @ https://via.placeholder.com/300x200?text=No+Image:0
[   96481ms] [ERROR] Failed to load resource: net::ERR_CONNECTION_CLOSED @ https://via.placeholder.com/300x200?text=No+Image:0
[   96582ms] [ERROR] Failed to load resource: net::ERR_CONNECTION_CLOSED @ https://via.placeholder.com/300x200?text=No+Image:0
[   96700ms] [ERROR] Failed to load resource: net::ERR_CONNECTION_CLOSED @ https://via.placeholder.com/300x200?text=No+Image:0
[   96796ms] [ERROR] Failed to load resource: net::ERR_CONNECTION_CLOSED @ https://via.placeholder.com/300x200?text=No+Image:0
[   96887ms] [ERROR] Failed to load resource: net::ERR_CONNECTION_CLOSED @ https://via.placeholder.com/300x200?text=No+Image:0
[   96990ms] [ERROR] Failed to load resource: net::ERR_CONNECTION_CLOSED @ https://via.placeholder.com/300x200?text=No+Image:0
[   97084ms] [ERROR] Failed to load resource: net::ERR_CONNECTION_CLOSED @ https://via.placeholder.com/300x200?text=No+Image:0
[   97181ms] [ERROR] Failed to load resource: net::ERR_CONNECTION_CLOSED @ https://via.placeholder.com/300x200?text=No+Image:0
[   97272ms] [ERROR] Failed to load resource: net::ERR_CONNECTION_CLOSED @ https://via.placeholder.com/300x200?text=No+Image:0
[   97365ms] [ERROR] Failed to load resource: net::ERR_CONNECTION_CLOSED @ https://via.placeholder.com/300x200?text=No+Image:0
[   97456ms] [ERROR] Failed to load resource: net::ERR_CONNECTION_CLOSED @ https://via.placeholder.com/300x200?text=No+Image:0
[   97550ms] [ERROR] Failed to load resource: net::ERR_CONNECTION_CLOSED @ https://via.placeholder.com/300x200?text=No+Image:0
[   97645ms] [ERROR] Failed to load resource: net::ERR_CONNECTION_CLOSED @ https://via.placeholder.com/300x200?text=No+Image:0
[   97733ms] [ERROR] Failed to load resource: net::ERR_CONNECTION_CLOSED @ https://via.placeholder.com/300x200?text=No+Image:0
[   97840ms] [ERROR] Failed to load resource: net::ERR_CONNECTION_CLOSED @ https://via.placeholder.com/300x200?text=No+Image:0
[   97945ms] [ERROR] Failed to load resource: net::ERR_CONNECTION_CLOSED @ https://via.placeholder.com/300x200?text=No+Image:0
[   98046ms] [ERROR] Failed to load resource: net::ERR_CONNECTION_CLOSED @ https://via.placeholder.com/300x200?text=No+Image:0
[   98138ms] [ERROR] Failed to load resource: net::ERR_CONNECTION_CLOSED @ https://via.placeholder.com/300x200?text=No+Image:0
[   98233ms] [ERROR] Failed to load resource: net::ERR_CONNECTION_CLOSED @ https://via.placeholder.com/300x200?text=No+Image:0
[   98329ms] [ERROR] Failed to load resource: net::ERR_CONNECTION_CLOSED @ https://via.placeholder.com/300x200?text=No+Image:0
[   98445ms] [ERROR] Failed to load resource: net::ERR_CONNECTION_CLOSED @ https://via.placeholder.com/300x200?text=No+Image:0
[   98545ms] [ERROR] Failed to load resource: net::ERR_CONNECTION_CLOSED @ https://via.placeholder.com/300x200?text=No+Image:0
[   98671ms] [ERROR] Failed to load resource: net::ERR_CONNECTION_CLOSED @ https://via.placeholder.com/300x200?text=No+Image:0
[   98776ms] [ERROR] Failed to load resource: net::ERR_CONNECTION_CLOSED @ https://via.placeholder.com/300x200?text=No+Image:0
[   98869ms] [ERROR] Failed to load resource: net::ERR_CONNECTION_CLOSED @ https://via.placeholder.com/300x200?text=No+Image:0
[   98960ms] [ERROR] Failed to load resource: net::ERR_CONNECTION_CLOSED @ https://via.placeholder.com/300x200?text=No+Image:0
[   99049ms] [ERROR] Failed to load resource: net::ERR_CONNECTION_CLOSED @ https://via.placeholder.com/300x200?text=No+Image:0
[   99142ms] [ERROR] Failed to load resource: net::ERR_CONNECTION_CLOSED @ https://via.placeholder.com/300x200?text=No+Image:0
[   99237ms] [ERROR] Failed to load resource: net::ERR_CONNECTION_CLOSED @ https://via.placeholder.com/300x200?text=No+Image:0
[   99326ms] [ERROR] Failed to load resource: net::ERR_CONNECTION_CLOSED @ https://via.placeholder.com/300x200?text=No+Image:0
[   99427ms] [ERROR] Failed to load resource: net::ERR_CONNECTION_CLOSED @ https://via.placeholder.com/300x200?text=No+Image:0
[   99524ms] [ERROR] Failed to load resource: net::ERR_CONNECTION_CLOSED @ https://via.placeholder.com/300x200?text=No+Image:0
[   99622ms] [ERROR] Failed to load resource: net::ERR_CONNECTION_CLOSED @ https://via.placeholder.com/300x200?text=No+Image:0
[   99715ms] [ERROR] Failed to load resource: net::ERR_CONNECTION_CLOSED @ https://via.placeholder.com/300x200?text=No+Image:0
[   99803ms] [ERROR] Failed to load resource: net::ERR_CONNECTION_CLOSED @ https://via.placeholder.com/300x200?text=No+Image:0
[   99910ms] [ERROR] Failed to load resource: net::ERR_CONNECTION_CLOSED @ https://via.placeholder.com/300x200?text=No+Image:0
[  100008ms] [ERROR] Failed to load resource: net::ERR_CONNECTION_CLOSED @ https://via.placeholder.com/300x200?text=No+Image:0
[  100097ms] [ERROR] Failed to load resource: net::ERR_CONNECTION_CLOSED @ https://via.placeholder.com/300x200?text=No+Image:0
[  100192ms] [ERROR] Failed to load resource: net::ERR_CONNECTION_CLOSED @ https://via.placeholder.com/300x200?text=No+Image:0
[  100285ms] [ERROR] Failed to load resource: net::ERR_CONNECTION_CLOSED @ https://via.placeholder.com/300x200?text=No+Image:0
[  100378ms] [ERROR] Failed to load resource: net::ERR_CONNECTION_CLOSED @ https://via.placeholder.com/300x200?text=No+Image:0
[  100469ms] [ERROR] Failed to load resource: net::ERR_CONNECTION_CLOSED @ https://via.placeholder.com/300x200?text=No+Image:0
[  100567ms] [ERROR] Failed to load resource: net::ERR_CONNECTION_CLOSED @ https://via.placeholder.com/300x200?text=No+Image:0
[  100661ms] [ERROR] Failed to load resource: net::ERR_CONNECTION_CLOSED @ https://via.placeholder.com/300x200?text=No+Image:0
[  100751ms] [ERROR] Failed to load resource: net::ERR_CONNECTION_CLOSED @ https://via.placeholder.com/300x200?text=No+Image:0
[  100846ms] [ERROR] Failed to load resource: net::ERR_CONNECTION_CLOSED @ https://via.placeholder.com/300x200?text=No+Image:0
[  100940ms] [ERROR] Failed to load resource: net::ERR_CONNECTION_CLOSED @ https://via.placeholder.com/300x200?text=No+Image:0
[  101038ms] [ERROR] Failed to load resource: net::ERR_CONNECTION_CLOSED @ https://via.placeholder.com/300x200?text=No+Image:0
[  101134ms] [ERROR] Failed to load resource: net::ERR_CONNECTION_CLOSED @ https://via.placeholder.com/300x200?text=No+Image:0
[  101224ms] [ERROR] Failed to load resource: net::ERR_CONNECTION_CLOSED @ https://via.placeholder.com/300x200?text=No+Image:0
[  101320ms] [ERROR] Failed to load resource: net::ERR_CONNECTION_CLOSED @ https://via.placeholder.com/300x200?text=No+Image:0
[  101408ms] [ERROR] Failed to load resource: net::ERR_CONNECTION_CLOSED @ https://via.placeholder.com/300x200?text=No+Image:0
[  101508ms] [ERROR] Failed to load resource: net::ERR_CONNECTION_CLOSED @ https://via.placeholder.com/300x200?text=No+Image:0
[  101606ms] [ERROR] Failed to load resource: net::ERR_CONNECTION_CLOSED @ https://via.placeholder.com/300x200?text=No+Image:0
[  101700ms] [ERROR] Failed to load resource: net::ERR_CONNECTION_CLOSED @ https://via.placeholder.com/300x200?text=No+Image:0
[  101797ms] [ERROR] Failed to load resource: net::ERR_CONNECTION_CLOSED @ https://via.placeholder.com/300x200?text=No+Image:0
[  101890ms] [ERROR] Failed to load resource: net::ERR_CONNECTION_CLOSED @ https://via.placeholder.com/300x200?text=No+Image:0
[  101982ms] [ERROR] Failed to load resource: net::ERR_CONNECTION_CLOSED @ https://via.placeholder.com/300x200?text=No+Image:0
[  102081ms] [ERROR] Failed to load resource: net::ERR_CONNECTION_CLOSED @ https://via.placeholder.com/300x200?text=No+Image:0
[  102174ms] [ERROR] Failed to load resource: net::ERR_CONNECTION_CLOSED @ https://via.placeholder.com/300x200?text=No+Image:0
[  102267ms] [ERROR] Failed to load resource: net::ERR_CONNECTION_CLOSED @ https://via.placeholder.com/300x200?text=No+Image:0
[  102359ms] [ERROR] Failed to load resource: net::ERR_CONNECTION_CLOSED @ https://via.placeholder.com/300x200?text=No+Image:0
[  102457ms] [ERROR] Failed to load resource: net::ERR_CONNECTION_CLOSED @ https://via.placeholder.com/300x200?text=No+Image:0
[  102552ms] [ERROR] Failed to load resource: net::ERR_CONNECTION_CLOSED @ https://via.placeholder.com/300x200?text=No+Image:0
[  102645ms] [ERROR] Failed to load resource: net::ERR_CONNECTION_CLOSED @ https://via.placeholder.com/300x200?text=No+Image:0
[  102740ms] [ERROR] Failed to load resource: net::ERR_CONNECTION_CLOSED @ https://via.placeholder.com/300x200?text=No+Image:0
[  102835ms] [ERROR] Failed to load resource: net::ERR_CONNECTION_CLOSED @ https://via.placeholder.com/300x200?text=No+Image:0
[  102923ms] [ERROR] Failed to load resource: net::ERR_CONNECTION_CLOSED @ https://via.placeholder.com/300x200?text=No+Image:0
[  103015ms] [ERROR] Failed to load resource: net::ERR_CONNECTION_CLOSED @ https://via.placeholder.com/300x200?text=No+Image:0
[  103107ms] [ERROR] Failed to load resource: net::ERR_CONNECTION_CLOSED @ https://via.placeholder.com/300x200?text=No+Image:0
[  103199ms] [ERROR] Failed to load resource: net::ERR_CONNECTION_CLOSED @ https://via.placeholder.com/300x200?text=No+Image:0
[  103293ms] [ERROR] Failed to load resource: net::ERR_CONNECTION_CLOSED @ https://via.placeholder.com/300x200?text=No+Image:0
[  103388ms] [ERROR] Failed to load resource: net::ERR_CONNECTION_CLOSED @ https://via.placeholder.com/300x200?text=No+Image:0
[  103477ms] [ERROR] Failed to load resource: net::ERR_CONNECTION_CLOSED @ https://via.placeholder.com/300x200?text=No+Image:0
[  103574ms] [ERROR] Failed to load resource: net::ERR_CONNECTION_CLOSED @ https://via.placeholder.com/300x200?text=No+Image:0
[  103670ms] [ERROR] Failed to load resource: net::ERR_CONNECTION_CLOSED @ https://via.placeholder.com/300x200?text=No+Image:0
[  103764ms] [ERROR] Failed to load resource: net::ERR_CONNECTION_CLOSED @ https://via.placeholder.com/300x200?text=No+Image:0
[  103861ms] [ERROR] Failed to load resource: net::ERR_CONNECTION_CLOSED @ https://via.placeholder.com/300x200?text=No+Image:0
[  103953ms] [ERROR] Failed to load resource: net::ERR_CONNECTION_CLOSED @ https://via.placeholder.com/300x200?text=No+Image:0
[  104052ms] [ERROR] Failed to load resource: net::ERR_CONNECTION_CLOSED @ https://via.placeholder.com/300x200?text=No+Image:0
[  104147ms] [ERROR] Failed to load resource: net::ERR_CONNECTION_CLOSED @ https://via.placeholder.com/300x200?text=No+Image:0
[  104234ms] [ERROR] Failed to load resource: net::ERR_CONNECTION_CLOSED @ https://via.placeholder.com/300x200?text=No+Image:0
[  104328ms] [ERROR] Failed to load resource: net::ERR_CONNECTION_CLOSED @ https://via.placeholder.com/300x200?text=No+Image:0
[  104417ms] [ERROR] Failed to load resource: net::ERR_CONNECTION_CLOSED @ https://via.placeholder.com/300x200?text=No+Image:0
[  104511ms] [ERROR] Failed to load resource: net::ERR_CONNECTION_CLOSED @ https://via.placeholder.com/300x200?text=No+Image:0
[  104608ms] [ERROR] Failed to load resource: net::ERR_CONNECTION_CLOSED @ https://via.placeholder.com/300x200?text=No+Image:0
[  104699ms] [ERROR] Failed to load resource: net::ERR_CONNECTION_CLOSED @ https://via.placeholder.com/300x200?text=No+Image:0
[  104795ms] [ERROR] Failed to load resource: net::ERR_CONNECTION_CLOSED @ https://via.placeholder.com/300x200?text=No+Image:0
[  104891ms] [ERROR] Failed to load resource: net::ERR_CONNECTION_CLOSED @ https://via.placeholder.com/300x200?text=No+Image:0
[  104990ms] [ERROR] Failed to load resource: net::ERR_CONNECTION_CLOSED @ https://via.placeholder.com/300x200?text=No+Image:0
[  105080ms] [ERROR] Failed to load resource: net::ERR_CONNECTION_CLOSED @ https://via.placeholder.com/300x200?text=No+Image:0
[  105178ms] [ERROR] Failed to load resource: net::ERR_CONNECTION_CLOSED @ https://via.placeholder.com/300x200?text=No+Image:0
[  105276ms] [ERROR] Failed to load resource: net::ERR_CONNECTION_CLOSED @ https://via.placeholder.com/300x200?text=No+Image:0
[  105371ms] [ERROR] Failed to load resource: net::ERR_CONNECTION_CLOSED @ https://via.placeholder.com/300x200?text=No+Image:0
[  105462ms] [ERROR] Failed to load resource: net::ERR_CONNECTION_CLOSED @ https://via.placeholder.com/300x200?text=No+Image:0
[  105557ms] [ERROR] Failed to load resource: net::ERR_CONNECTION_CLOSED @ https://via.placeholder.com/300x200?text=No+Image:0
[  105653ms] [ERROR] Failed to load resource: net::ERR_CONNECTION_CLOSED @ https://via.placeholder.com/300x200?text=No+Image:0
[  105746ms] [ERROR] Failed to load resource: net::ERR_CONNECTION_CLOSED @ https://via.placeholder.com/300x200?text=No+Image:0
[  105844ms] [ERROR] Failed to load resource: net::ERR_CONNECTION_CLOSED @ https://via.placeholder.com/300x200?text=No+Image:0
[  105938ms] [ERROR] Failed to load resource: net::ERR_CONNECTION_CLOSED @ https://via.placeholder.com/300x200?text=No+Image:0
[  106040ms] [ERROR] Failed to load resource: net::ERR_CONNECTION_CLOSED @ https://via.placeholder.com/300x200?text=No+Image:0
[  106130ms] [ERROR] Failed to load resource: net::ERR_CONNECTION_CLOSED @ https://via.placeholder.com/300x200?text=No+Image:0
[  106226ms] [ERROR] Failed to load resource: net::ERR_CONNECTION_CLOSED @ https://via.placeholder.com/300x200?text=No+Image:0
[  106357ms] [ERROR] Failed to load resource: net::ERR_CONNECTION_CLOSED @ https://via.placeholder.com/300x200?text=No+Image:0
[  106451ms] [ERROR] Failed to load resource: net::ERR_CONNECTION_CLOSED @ https://via.placeholder.com/300x200?text=No+Image:0
[  106541ms] [ERROR] Failed to load resource: net::ERR_CONNECTION_CLOSED @ https://via.placeholder.com/300x200?text=No+Image:0
[  106630ms] [ERROR] Failed to load resource: net::ERR_CONNECTION_CLOSED @ https://via.placeholder.com/300x200?text=No+Image:0
[  106722ms] [ERROR] Failed to load resource: net::ERR_CONNECTION_CLOSED @ https://via.placeholder.com/300x200?text=No+Image:0
[  106816ms] [ERROR] Failed to load resource: net::ERR_CONNECTION_CLOSED @ https://via.placeholder.com/300x200?text=No+Image:0
[  106906ms] [ERROR] Failed to load resource: net::ERR_CONNECTION_CLOSED @ https://via.placeholder.com/300x200?text=No+Image:0
[  107001ms] [ERROR] Failed to load resource: net::ERR_CONNECTION_CLOSED @ https://via.placeholder.com/300x200?text=No+Image:0
[  107106ms] [ERROR] Failed to load resource: net::ERR_CONNECTION_CLOSED @ https://via.placeholder.com/300x200?text=No+Image:0
[  107202ms] [ERROR] Failed to load resource: net::ERR_CONNECTION_CLOSED @ https://via.placeholder.com/300x200?text=No+Image:0
[  107290ms] [ERROR] Failed to load resource: net::ERR_CONNECTION_CLOSED @ https://via.placeholder.com/300x200?text=No+Image:0
[  107380ms] [ERROR] Failed to load resource: net::ERR_CONNECTION_CLOSED @ https://via.placeholder.com/300x200?text=No+Image:0
[  107482ms] [ERROR] Failed to load resource: net::ERR_CONNECTION_CLOSED @ https://via.placeholder.com/300x200?text=No+Image:0
[  107576ms] [ERROR] Failed to load resource: net::ERR_CONNECTION_CLOSED @ https://via.placeholder.com/300x200?text=No+Image:0
[  107673ms] [ERROR] Failed to load resource: net::ERR_CONNECTION_CLOSED @ https://via.placeholder.com/300x200?text=No+Image:0
[  107763ms] [ERROR] Failed to load resource: net::ERR_CONNECTION_CLOSED @ https://via.placeholder.com/300x200?text=No+Image:0
[  107864ms] [ERROR] Failed to load resource: net::ERR_CONNECTION_CLOSED @ https://via.placeholder.com/300x200?text=No+Image:0
[  107957ms] [ERROR] Failed to load resource: net::ERR_CONNECTION_CLOSED @ https://via.placeholder.com/300x200?text=No+Image:0
[  108054ms] [ERROR] Failed to load resource: net::ERR_CONNECTION_CLOSED @ https://via.placeholder.com/300x200?text=No+Image:0
[  108145ms] [ERROR] Failed to load resource: net::ERR_CONNECTION_CLOSED @ https://via.placeholder.com/300x200?text=No+Image:0
[  108238ms] [ERROR] Failed to load resource: net::ERR_CONNECTION_CLOSED @ https://via.placeholder.com/300x200?text=No+Image:0
[  108331ms] [ERROR] Failed to load resource: net::ERR_CONNECTION_CLOSED @ https://via.placeholder.com/300x200?text=No+Image:0
[  108426ms] [ERROR] Failed to load resource: net::ERR_CONNECTION_CLOSED @ https://via.placeholder.com/300x200?text=No+Image:0
[  108520ms] [ERROR] Failed to load resource: net::ERR_CONNECTION_CLOSED @ https://via.placeholder.com/300x200?text=No+Image:0
[  108608ms] [ERROR] Failed to load resource: net::ERR_CONNECTION_CLOSED @ https://via.placeholder.com/300x200?text=No+Image:0
[  108701ms] [ERROR] Failed to load resource: net::ERR_CONNECTION_CLOSED @ https://via.placeholder.com/300x200?text=No+Image:0
[  108794ms] [ERROR] Failed to load resource: net::ERR_CONNECTION_CLOSED @ https://via.placeholder.com/300x200?text=No+Image:0
[  108885ms] [ERROR] Failed to load resource: net::ERR_CONNECTION_CLOSED @ https://via.placeholder.com/300x200?text=No+Image:0
[  108981ms] [ERROR] Failed to load resource: net::ERR_CONNECTION_CLOSED @ https://via.placeholder.com/300x200?text=No+Image:0
[  109082ms] [ERROR] Failed to load resource: net::ERR_CONNECTION_CLOSED @ https://via.placeholder.com/300x200?text=No+Image:0
[  109174ms] [ERROR] Failed to load resource: net::ERR_CONNECTION_CLOSED @ https://via.placeholder.com/300x200?text=No+Image:0
[  109266ms] [ERROR] Failed to load resource: net::ERR_CONNECTION_CLOSED @ https://via.placeholder.com/300x200?text=No+Image:0
[  109355ms] [ERROR] Failed to load resource: net::ERR_CONNECTION_CLOSED @ https://via.placeholder.com/300x200?text=No+Image:0
[  109446ms] [ERROR] Failed to load resource: net::ERR_CONNECTION_CLOSED @ https://via.placeholder.com/300x200?text=No+Image:0
[  109539ms] [ERROR] Failed to load resource: net::ERR_CONNECTION_CLOSED @ https://via.placeholder.com/300x200?text=No+Image:0
[  109626ms] [ERROR] Failed to load resource: net::ERR_CONNECTION_CLOSED @ https://via.placeholder.com/300x200?text=No+Image:0
[  109718ms] [ERROR] Failed to load resource: net::ERR_CONNECTION_CLOSED @ https://via.placeholder.com/300x200?text=No+Image:0
[  109814ms] [ERROR] Failed to load resource: net::ERR_CONNECTION_CLOSED @ https://via.placeholder.com/300x200?text=No+Image:0
[  109906ms] [ERROR] Failed to load resource: net::ERR_CONNECTION_CLOSED @ https://via.placeholder.com/300x200?text=No+Image:0
[  110000ms] [ERROR] Failed to load resource: net::ERR_CONNECTION_CLOSED @ https://via.placeholder.com/300x200?text=No+Image:0
[  110094ms] [ERROR] Failed to load resource: net::ERR_CONNECTION_CLOSED @ https://via.placeholder.com/300x200?text=No+Image:0
[  110182ms] [ERROR] Failed to load resource: net::ERR_CONNECTION_CLOSED @ https://via.placeholder.com/300x200?text=No+Image:0
[  110274ms] [ERROR] Failed to load resource: net::ERR_CONNECTION_CLOSED @ https://via.placeholder.com/300x200?text=No+Image:0
[  110366ms] [ERROR] Failed to load resource: net::ERR_CONNECTION_CLOSED @ https://via.placeholder.com/300x200?text=No+Image:0
[  110458ms] [ERROR] Failed to load resource: net::ERR_CONNECTION_CLOSED @ https://via.placeholder.com/300x200?text=No+Image:0
[  110547ms] [ERROR] Failed to load resource: net::ERR_CONNECTION_CLOSED @ https://via.placeholder.com/300x200?text=No+Image:0
[  110643ms] [ERROR] Failed to load resource: net::ERR_CONNECTION_CLOSED @ https://via.placeholder.com/300x200?text=No+Image:0
[  110740ms] [ERROR] Failed to load resource: net::ERR_CONNECTION_CLOSED @ https://via.placeholder.com/300x200?text=No+Image:0
[  110838ms] [ERROR] Failed to load resource: net::ERR_CONNECTION_CLOSED @ https://via.placeholder.com/300x200?text=No+Image:0
[  110931ms] [ERROR] Failed to load resource: net::ERR_CONNECTION_CLOSED @ https://via.placeholder.com/300x200?text=No+Image:0
[  111025ms] [ERROR] Failed to load resource: net::ERR_CONNECTION_CLOSED @ https://via.placeholder.com/300x200?text=No+Image:0
[  111118ms] [ERROR] Failed to load resource: net::ERR_CONNECTION_CLOSED @ https://via.placeholder.com/300x200?text=No+Image:0
[  111210ms] [ERROR] Failed to load resource: net::ERR_CONNECTION_CLOSED @ https://via.placeholder.com/300x200?text=No+Image:0
[  111307ms] [ERROR] Failed to load resource: net::ERR_CONNECTION_CLOSED @ https://via.placeholder.com/300x200?text=No+Image:0
[  111400ms] [ERROR] Failed to load resource: net::ERR_CONNECTION_CLOSED @ https://via.placeholder.com/300x200?text=No+Image:0
[  111494ms] [ERROR] Failed to load resource: net::ERR_CONNECTION_CLOSED @ https://via.placeholder.com/300x200?text=No+Image:0
[  111591ms] [ERROR] Failed to load resource: net::ERR_CONNECTION_CLOSED @ https://via.placeholder.com/300x200?text=No+Image:0
[  111680ms] [ERROR] Failed to load resource: net::ERR_CONNECTION_CLOSED @ https://via.placeholder.com/300x200?text=No+Image:0
[  111782ms] [ERROR] Failed to load resource: net::ERR_CONNECTION_CLOSED @ https://via.placeholder.com/300x200?text=No+Image:0
[  111883ms] [ERROR] Failed to load resource: net::ERR_CONNECTION_CLOSED @ https://via.placeholder.com/300x200?text=No+Image:0
[  111979ms] [ERROR] Failed to load resource: net::ERR_CONNECTION_CLOSED @ https://via.placeholder.com/300x200?text=No+Image:0
[  112077ms] [ERROR] Failed to load resource: net::ERR_CONNECTION_CLOSED @ https://via.placeholder.com/300x200?text=No+Image:0
[  112168ms] [ERROR] Failed to load resource: net::ERR_CONNECTION_CLOSED @ https://via.placeholder.com/300x200?text=No+Image:0
[  112261ms] [ERROR] Failed to load resource: net::ERR_CONNECTION_CLOSED @ https://via.placeholder.com/300x200?text=No+Image:0
[  112364ms] [ERROR] Failed to load resource: net::ERR_CONNECTION_CLOSED @ https://via.placeholder.com/300x200?text=No+Image:0
[  112459ms] [ERROR] Failed to load resource: net::ERR_CONNECTION_CLOSED @ https://via.placeholder.com/300x200?text=No+Image:0
[  112564ms] [ERROR] Failed to load resource: net::ERR_CONNECTION_CLOSED @ https://via.placeholder.com/300x200?text=No+Image:0
[  112656ms] [ERROR] Failed to load resource: net::ERR_CONNECTION_CLOSED @ https://via.placeholder.com/300x200?text=No+Image:0
[  112752ms] [ERROR] Failed to load resource: net::ERR_CONNECTION_CLOSED @ https://via.placeholder.com/300x200?text=No+Image:0
[  112845ms] [ERROR] Failed to load resource: net::ERR_CONNECTION_CLOSED @ https://via.placeholder.com/300x200?text=No+Image:0
[  112939ms] [ERROR] Failed to load resource: net::ERR_CONNECTION_CLOSED @ https://via.placeholder.com/300x200?text=No+Image:0
[  113038ms] [ERROR] Failed to load resource: net::ERR_CONNECTION_CLOSED @ https://via.placeholder.com/300x200?text=No+Image:0
[  113135ms] [ERROR] Failed to load resource: net::ERR_CONNECTION_CLOSED @ https://via.placeholder.com/300x200?text=No+Image:0
[  113223ms] [ERROR] Failed to load resource: net::ERR_CONNECTION_CLOSED @ https://via.placeholder.com/300x200?text=No+Image:0
[  113318ms] [ERROR] Failed to load resource: net::ERR_CONNECTION_CLOSED @ https://via.placeholder.com/300x200?text=No+Image:0
[  113407ms] [ERROR] Failed to load resource: net::ERR_CONNECTION_CLOSED @ https://via.placeholder.com/300x200?text=No+Image:0
[  113501ms] [ERROR] Failed to load resource: net::ERR_CONNECTION_CLOSED @ https://via.placeholder.com/300x200?text=No+Image:0
[  113591ms] [ERROR] Failed to load resource: net::ERR_CONNECTION_CLOSED @ https://via.placeholder.com/300x200?text=No+Image:0
[  113683ms] [ERROR] Failed to load resource: net::ERR_CONNECTION_CLOSED @ https://via.placeholder.com/300x200?text=No+Image:0
[  113777ms] [ERROR] Failed to load resource: net::ERR_CONNECTION_CLOSED @ https://via.placeholder.com/300x200?text=No+Image:0
[  113871ms] [ERROR] Failed to load resource: net::ERR_CONNECTION_CLOSED @ https://via.placeholder.com/300x200?text=No+Image:0
[  113965ms] [ERROR] Failed to load resource: net::ERR_CONNECTION_CLOSED @ https://via.placeholder.com/300x200?text=No+Image:0
[  114061ms] [ERROR] Failed to load resource: net::ERR_CONNECTION_CLOSED @ https://via.placeholder.com/300x200?text=No+Image:0
[  114162ms] [ERROR] Failed to load resource: net::ERR_CONNECTION_CLOSED @ https://via.placeholder.com/300x200?text=No+Image:0
[  114259ms] [ERROR] Failed to load resource: net::ERR_CONNECTION_CLOSED @ https://via.placeholder.com/300x200?text=No+Image:0
[  114353ms] [ERROR] Failed to load resource: net::ERR_CONNECTION_CLOSED @ https://via.placeholder.com/300x200?text=No+Image:0
[  114449ms] [ERROR] Failed to load resource: net::ERR_CONNECTION_CLOSED @ https://via.placeholder.com/300x200?text=No+Image:0
[  114545ms] [ERROR] Failed to load resource: net::ERR_CONNECTION_CLOSED @ https://via.placeholder.com/300x200?text=No+Image:0
[  114639ms] [ERROR] Failed to load resource: net::ERR_CONNECTION_CLOSED @ https://via.placeholder.com/300x200?text=No+Image:0
[  114735ms] [ERROR] Failed to load resource: net::ERR_CONNECTION_CLOSED @ https://via.placeholder.com/300x200?text=No+Image:0
[  114835ms] [ERROR] Failed to load resource: net::ERR_CONNECTION_CLOSED @ https://via.placeholder.com/300x200?text=No+Image:0
[  114929ms] [ERROR] Failed to load resource: net::ERR_CONNECTION_CLOSED @ https://via.placeholder.com/300x200?text=No+Image:0
[  115025ms] [ERROR] Failed to load resource: net::ERR_CONNECTION_CLOSED @ https://via.placeholder.com/300x200?text=No+Image:0
[  115114ms] [ERROR] Failed to load resource: net::ERR_CONNECTION_CLOSED @ https://via.placeholder.com/300x200?text=No+Image:0
[  115206ms] [ERROR] Failed to load resource: net::ERR_CONNECTION_CLOSED @ https://via.placeholder.com/300x200?text=No+Image:0
[  115300ms] [ERROR] Failed to load resource: net::ERR_CONNECTION_CLOSED @ https://via.placeholder.com/300x200?text=No+Image:0
[  115394ms] [ERROR] Failed to load resource: net::ERR_CONNECTION_CLOSED @ https://via.placeholder.com/300x200?text=No+Image:0
[  115487ms] [ERROR] Failed to load resource: net::ERR_CONNECTION_CLOSED @ https://via.placeholder.com/300x200?text=No+Image:0
[  115591ms] [ERROR] Failed to load resource: net::ERR_CONNECTION_CLOSED @ https://via.placeholder.com/300x200?text=No+Image:0
[  115702ms] [ERROR] Failed to load resource: net::ERR_CONNECTION_CLOSED @ https://via.placeholder.com/300x200?text=No+Image:0
[  115799ms] [ERROR] Failed to load resource: net::ERR_CONNECTION_CLOSED @ https://via.placeholder.com/300x200?text=No+Image:0
[  115892ms] [ERROR] Failed to load resource: net::ERR_CONNECTION_CLOSED @ https://via.placeholder.com/300x200?text=No+Image:0
[  115987ms] [ERROR] Failed to load resource: net::ERR_CONNECTION_CLOSED @ https://via.placeholder.com/300x200?text=No+Image:0
[  116091ms] [ERROR] Failed to load resource: net::ERR_CONNECTION_CLOSED @ https://via.placeholder.com/300x200?text=No+Image:0
[  116188ms] [ERROR] Failed to load resource: net::ERR_CONNECTION_CLOSED @ https://via.placeholder.com/300x200?text=No+Image:0
[  116283ms] [ERROR] Failed to load resource: net::ERR_CONNECTION_CLOSED @ https://via.placeholder.com/300x200?text=No+Image:0
[  116373ms] [ERROR] Failed to load resource: net::ERR_CONNECTION_CLOSED @ https://via.placeholder.com/300x200?text=No+Image:0
[  116467ms] [ERROR] Failed to load resource: net::ERR_CONNECTION_CLOSED @ https://via.placeholder.com/300x200?text=No+Image:0
[  116557ms] [ERROR] Failed to load resource: net::ERR_CONNECTION_CLOSED @ https://via.placeholder.com/300x200?text=No+Image:0
[  116644ms] [ERROR] Failed to load resource: net::ERR_CONNECTION_CLOSED @ https://via.placeholder.com/300x200?text=No+Image:0
[  116734ms] [ERROR] Failed to load resource: net::ERR_CONNECTION_CLOSED @ https://via.placeholder.com/300x200?text=No+Image:0
[  116842ms] [ERROR] Failed to load resource: net::ERR_CONNECTION_CLOSED @ https://via.placeholder.com/300x200?text=No+Image:0
[  116936ms] [ERROR] Failed to load resource: net::ERR_CONNECTION_CLOSED @ https://via.placeholder.com/300x200?text=No+Image:0
[  117027ms] [ERROR] Failed to load resource: net::ERR_CONNECTION_CLOSED @ https://via.placeholder.com/300x200?text=No+Image:0
[  117117ms] [ERROR] Failed to load resource: net::ERR_CONNECTION_CLOSED @ https://via.placeholder.com/300x200?text=No+Image:0
[  117219ms] [ERROR] Failed to load resource: net::ERR_CONNECTION_CLOSED @ https://via.placeholder.com/300x200?text=No+Image:0
[  117311ms] [ERROR] Failed to load resource: net::ERR_CONNECTION_CLOSED @ https://via.placeholder.com/300x200?text=No+Image:0
[  117400ms] [ERROR] Failed to load resource: net::ERR_CONNECTION_CLOSED @ https://via.placeholder.com/300x200?text=No+Image:0
[  117494ms] [ERROR] Failed to load resource: net::ERR_CONNECTION_CLOSED @ https://via.placeholder.com/300x200?text=No+Image:0
[  117592ms] [ERROR] Failed to load resource: net::ERR_CONNECTION_CLOSED @ https://via.placeholder.com/300x200?text=No+Image:0
[  117686ms] [ERROR] Failed to load resource: net::ERR_CONNECTION_CLOSED @ https://via.placeholder.com/300x200?text=No+Image:0
[  117784ms] [ERROR] Failed to load resource: net::ERR_CONNECTION_CLOSED @ https://via.placeholder.com/300x200?text=No+Image:0
[  117877ms] [ERROR] Failed to load resource: net::ERR_CONNECTION_CLOSED @ https://via.placeholder.com/300x200?text=No+Image:0
[  117969ms] [ERROR] Failed to load resource: net::ERR_CONNECTION_CLOSED @ https://via.placeholder.com/300x200?text=No+Image:0
[  118067ms] [ERROR] Failed to load resource: net::ERR_CONNECTION_CLOSED @ https://via.placeholder.com/300x200?text=No+Image:0
[  118159ms] [ERROR] Failed to load resource: net::ERR_CONNECTION_CLOSED @ https://via.placeholder.com/300x200?text=No+Image:0
[  118251ms] [ERROR] Failed to load resource: net::ERR_CONNECTION_CLOSED @ https://via.placeholder.com/300x200?text=No+Image:0
[  118351ms] [ERROR] Failed to load resource: net::ERR_CONNECTION_CLOSED @ https://via.placeholder.com/300x200?text=No+Image:0
[  118443ms] [ERROR] Failed to load resource: net::ERR_CONNECTION_CLOSED @ https://via.placeholder.com/300x200?text=No+Image:0
[  118545ms] [ERROR] Failed to load resource: net::ERR_CONNECTION_CLOSED @ https://via.placeholder.com/300x200?text=No+Image:0
[  118635ms] [ERROR] Failed to load resource: net::ERR_CONNECTION_CLOSED @ https://via.placeholder.com/300x200?text=No+Image:0
[  118726ms] [ERROR] Failed to load resource: net::ERR_CONNECTION_CLOSED @ https://via.placeholder.com/300x200?text=No+Image:0
[  118821ms] [ERROR] Failed to load resource: net::ERR_CONNECTION_CLOSED @ https://via.placeholder.com/300x200?text=No+Image:0
[  118912ms] [ERROR] Failed to load resource: net::ERR_CONNECTION_CLOSED @ https://via.placeholder.com/300x200?text=No+Image:0
[  119005ms] [ERROR] Failed to load resource: net::ERR_CONNECTION_CLOSED @ https://via.placeholder.com/300x200?text=No+Image:0
[  119096ms] [ERROR] Failed to load resource: net::ERR_CONNECTION_CLOSED @ https://via.placeholder.com/300x200?text=No+Image:0
[  119188ms] [ERROR] Failed to load resource: net::ERR_CONNECTION_CLOSED @ https://via.placeholder.com/300x200?text=No+Image:0
[  119288ms] [ERROR] Failed to load resource: net::ERR_CONNECTION_CLOSED @ https://via.placeholder.com/300x200?text=No+Image:0
[  119381ms] [ERROR] Failed to load resource: net::ERR_CONNECTION_CLOSED @ https://via.placeholder.com/300x200?text=No+Image:0
[  119471ms] [ERROR] Failed to load resource: net::ERR_CONNECTION_CLOSED @ https://via.placeholder.com/300x200?text=No+Image:0
[  119574ms] [ERROR] Failed to load resource: net::ERR_CONNECTION_CLOSED @ https://via.placeholder.com/300x200?text=No+Image:0
[  119669ms] [ERROR] Failed to load resource: net::ERR_CONNECTION_CLOSED @ https://via.placeholder.com/300x200?text=No+Image:0
[  119762ms] [ERROR] Failed to load resource: net::ERR_CONNECTION_CLOSED @ https://via.placeholder.com/300x200?text=No+Image:0
[  119854ms] [ERROR] Failed to load resource: net::ERR_CONNECTION_CLOSED @ https://via.placeholder.com/300x200?text=No+Image:0
[  119947ms] [ERROR] Failed to load resource: net::ERR_CONNECTION_CLOSED @ https://via.placeholder.com/300x200?text=No+Image:0
[  120055ms] [ERROR] Failed to load resource: net::ERR_CONNECTION_CLOSED @ https://via.placeholder.com/300x200?text=No+Image:0
[  120148ms] [ERROR] Failed to load resource: net::ERR_CONNECTION_CLOSED @ https://via.placeholder.com/300x200?text=No+Image:0
[  120238ms] [ERROR] Failed to load resource: net::ERR_CONNECTION_CLOSED @ https://via.placeholder.com/300x200?text=No+Image:0
[  120334ms] [ERROR] Failed to load resource: net::ERR_CONNECTION_CLOSED @ https://via.placeholder.com/300x200?text=No+Image:0
[  120432ms] [ERROR] Failed to load resource: net::ERR_CONNECTION_CLOSED @ https://via.placeholder.com/300x200?text=No+Image:0
[  120531ms] [ERROR] Failed to load resource: net::ERR_CONNECTION_CLOSED @ https://via.placeholder.com/300x200?text=No+Image:0
[  120631ms] [ERROR] Failed to load resource: net::ERR_CONNECTION_CLOSED @ https://via.placeholder.com/300x200?text=No+Image:0
[  120726ms] [ERROR] Failed to load resource: net::ERR_CONNECTION_CLOSED @ https://via.placeholder.com/300x200?text=No+Image:0
[  120822ms] [ERROR] Failed to load resource: net::ERR_CONNECTION_CLOSED @ https://via.placeholder.com/300x200?text=No+Image:0
[  120920ms] [ERROR] Failed to load resource: net::ERR_CONNECTION_CLOSED @ https://via.placeholder.com/300x200?text=No+Image:0
[  121015ms] [ERROR] Failed to load resource: net::ERR_CONNECTION_CLOSED @ https://via.placeholder.com/300x200?text=No+Image:0
[  121104ms] [ERROR] Failed to load resource: net::ERR_CONNECTION_CLOSED @ https://via.placeholder.com/300x200?text=No+Image:0
[  121198ms] [ERROR] Failed to load resource: net::ERR_CONNECTION_CLOSED @ https://via.placeholder.com/300x200?text=No+Image:0
[  121301ms] [ERROR] Failed to load resource: net::ERR_CONNECTION_CLOSED @ https://via.placeholder.com/300x200?text=No+Image:0
[  121390ms] [ERROR] Failed to load resource: net::ERR_CONNECTION_CLOSED @ https://via.placeholder.com/300x200?text=No+Image:0
[  121479ms] [ERROR] Failed to load resource: net::ERR_CONNECTION_CLOSED @ https://via.placeholder.com/300x200?text=No+Image:0
[  121576ms] [ERROR] Failed to load resource: net::ERR_CONNECTION_CLOSED @ https://via.placeholder.com/300x200?text=No+Image:0
[  121669ms] [ERROR] Failed to load resource: net::ERR_CONNECTION_CLOSED @ https://via.placeholder.com/300x200?text=No+Image:0
[  121765ms] [ERROR] Failed to load resource: net::ERR_CONNECTION_CLOSED @ https://via.placeholder.com/300x200?text=No+Image:0
[  121861ms] [ERROR] Failed to load resource: net::ERR_CONNECTION_CLOSED @ https://via.placeholder.com/300x200?text=No+Image:0
[  121951ms] [ERROR] Failed to load resource: net::ERR_CONNECTION_CLOSED @ https://via.placeholder.com/300x200?text=No+Image:0
[  122054ms] [ERROR] Failed to load resource: net::ERR_CONNECTION_CLOSED @ https://via.placeholder.com/300x200?text=No+Image:0
[  122147ms] [ERROR] Failed to load resource: net::ERR_CONNECTION_CLOSED @ https://via.placeholder.com/300x200?text=No+Image:0
[  122242ms] [ERROR] Failed to load resource: net::ERR_CONNECTION_CLOSED @ https://via.placeholder.com/300x200?text=No+Image:0
[  122334ms] [ERROR] Failed to load resource: net::ERR_CONNECTION_CLOSED @ https://via.placeholder.com/300x200?text=No+Image:0
[  122424ms] [ERROR] Failed to load resource: net::ERR_CONNECTION_CLOSED @ https://via.placeholder.com/300x200?text=No+Image:0
[  122519ms] [ERROR] Failed to load resource: net::ERR_CONNECTION_CLOSED @ https://via.placeholder.com/300x200?text=No+Image:0
[  122616ms] [ERROR] Failed to load resource: net::ERR_CONNECTION_CLOSED @ https://via.placeholder.com/300x200?text=No+Image:0
[  122707ms] [ERROR] Failed to load resource: net::ERR_CONNECTION_CLOSED @ https://via.placeholder.com/300x200?text=No+Image:0
[  122800ms] [ERROR] Failed to load resource: net::ERR_CONNECTION_CLOSED @ https://via.placeholder.com/300x200?text=No+Image:0
[  122893ms] [ERROR] Failed to load resource: net::ERR_CONNECTION_CLOSED @ https://via.placeholder.com/300x200?text=No+Image:0
[  122984ms] [ERROR] Failed to load resource: net::ERR_CONNECTION_CLOSED @ https://via.placeholder.com/300x200?text=No+Image:0
[  123073ms] [ERROR] Failed to load resource: net::ERR_CONNECTION_CLOSED @ https://via.placeholder.com/300x200?text=No+Image:0
[  123165ms] [ERROR] Failed to load resource: net::ERR_CONNECTION_CLOSED @ https://via.placeholder.com/300x200?text=No+Image:0
[  123264ms] [ERROR] Failed to load resource: net::ERR_CONNECTION_CLOSED @ https://via.placeholder.com/300x200?text=No+Image:0
[  123356ms] [ERROR] Failed to load resource: net::ERR_CONNECTION_CLOSED @ https://via.placeholder.com/300x200?text=No+Image:0
[  123448ms] [ERROR] Failed to load resource: net::ERR_CONNECTION_CLOSED @ https://via.placeholder.com/300x200?text=No+Image:0
[  123550ms] [ERROR] Failed to load resource: net::ERR_CONNECTION_CLOSED @ https://via.placeholder.com/300x200?text=No+Image:0
[  123637ms] [ERROR] Failed to load resource: net::ERR_CONNECTION_CLOSED @ https://via.placeholder.com/300x200?text=No+Image:0
[  123728ms] [ERROR] Failed to load resource: net::ERR_CONNECTION_CLOSED @ https://via.placeholder.com/300x200?text=No+Image:0
[  123822ms] [ERROR] Failed to load resource: net::ERR_CONNECTION_CLOSED @ https://via.placeholder.com/300x200?text=No+Image:0
[  123910ms] [ERROR] Failed to load resource: net::ERR_CONNECTION_CLOSED @ https://via.placeholder.com/300x200?text=No+Image:0
[  124007ms] [ERROR] Failed to load resource: net::ERR_CONNECTION_CLOSED @ https://via.placeholder.com/300x200?text=No+Image:0
[  124099ms] [ERROR] Failed to load resource: net::ERR_CONNECTION_CLOSED @ https://via.placeholder.com/300x200?text=No+Image:0
[  124192ms] [ERROR] Failed to load resource: net::ERR_CONNECTION_CLOSED @ https://via.placeholder.com/300x200?text=No+Image:0
[  124303ms] [ERROR] Failed to load resource: net::ERR_CONNECTION_CLOSED @ https://via.placeholder.com/300x200?text=No+Image:0
[  124400ms] [ERROR] Failed to load resource: net::ERR_CONNECTION_CLOSED @ https://via.placeholder.com/300x200?text=No+Image:0
[  124493ms] [ERROR] Failed to load resource: net::ERR_CONNECTION_CLOSED @ https://via.placeholder.com/300x200?text=No+Image:0
[  124592ms] [ERROR] Failed to load resource: net::ERR_CONNECTION_CLOSED @ https://via.placeholder.com/300x200?text=No+Image:0
[  124688ms] [ERROR] Failed to load resource: net::ERR_CONNECTION_CLOSED @ https://via.placeholder.com/300x200?text=No+Image:0
[  124780ms] [ERROR] Failed to load resource: net::ERR_CONNECTION_CLOSED @ https://via.placeholder.com/300x200?text=No+Image:0
[  124879ms] [ERROR] Failed to load resource: net::ERR_CONNECTION_CLOSED @ https://via.placeholder.com/300x200?text=No+Image:0
[  124973ms] [ERROR] Failed to load resource: net::ERR_CONNECTION_CLOSED @ https://via.placeholder.com/300x200?text=No+Image:0
[  125073ms] [ERROR] Failed to load resource: net::ERR_CONNECTION_CLOSED @ https://via.placeholder.com/300x200?text=No+Image:0
[  125167ms] [ERROR] Failed to load resource: net::ERR_CONNECTION_CLOSED @ https://via.placeholder.com/300x200?text=No+Image:0
[  125260ms] [ERROR] Failed to load resource: net::ERR_CONNECTION_CLOSED @ https://via.placeholder.com/300x200?text=No+Image:0
[  125354ms] [ERROR] Failed to load resource: net::ERR_CONNECTION_CLOSED @ https://via.placeholder.com/300x200?text=No+Image:0
[  125441ms] [ERROR] Failed to load resource: net::ERR_CONNECTION_CLOSED @ https://via.placeholder.com/300x200?text=No+Image:0
[  125533ms] [ERROR] Failed to load resource: net::ERR_CONNECTION_CLOSED @ https://via.placeholder.com/300x200?text=No+Image:0
[  125630ms] [ERROR] Failed to load resource: net::ERR_CONNECTION_CLOSED @ https://via.placeholder.com/300x200?text=No+Image:0
[  125729ms] [ERROR] Failed to load resource: net::ERR_CONNECTION_CLOSED @ https://via.placeholder.com/300x200?text=No+Image:0
[  125836ms] [ERROR] Failed to load resource: net::ERR_CONNECTION_CLOSED @ https://via.placeholder.com/300x200?text=No+Image:0
[  125925ms] [ERROR] Failed to load resource: net::ERR_CONNECTION_CLOSED @ https://via.placeholder.com/300x200?text=No+Image:0
[  126024ms] [ERROR] Failed to load resource: net::ERR_CONNECTION_CLOSED @ https://via.placeholder.com/300x200?text=No+Image:0
[  126125ms] [ERROR] Failed to load resource: net::ERR_CONNECTION_CLOSED @ https://via.placeholder.com/300x200?text=No+Image:0
[  126220ms] [ERROR] Failed to load resource: net::ERR_CONNECTION_CLOSED @ https://via.placeholder.com/300x200?text=No+Image:0
[  126318ms] [ERROR] Failed to load resource: net::ERR_CONNECTION_CLOSED @ https://via.placeholder.com/300x200?text=No+Image:0
[  126410ms] [ERROR] Failed to load resource: net::ERR_CONNECTION_CLOSED @ https://via.placeholder.com/300x200?text=No+Image:0
[  126510ms] [ERROR] Failed to load resource: net::ERR_CONNECTION_CLOSED @ https://via.placeholder.com/300x200?text=No+Image:0
[  126611ms] [ERROR] Failed to load resource: net::ERR_CONNECTION_CLOSED @ https://via.placeholder.com/300x200?text=No+Image:0
[  126706ms] [ERROR] Failed to load resource: net::ERR_CONNECTION_CLOSED @ https://via.placeholder.com/300x200?text=No+Image:0
[  126800ms] [ERROR] Failed to load resource: net::ERR_CONNECTION_CLOSED @ https://via.placeholder.com/300x200?text=No+Image:0
[  126897ms] [ERROR] Failed to load resource: net::ERR_CONNECTION_CLOSED @ https://via.placeholder.com/300x200?text=No+Image:0
[  126989ms] [ERROR] Failed to load resource: net::ERR_CONNECTION_CLOSED @ https://via.placeholder.com/300x200?text=No+Image:0
[  127082ms] [ERROR] Failed to load resource: net::ERR_CONNECTION_CLOSED @ https://via.placeholder.com/300x200?text=No+Image:0
[  127175ms] [ERROR] Failed to load resource: net::ERR_CONNECTION_CLOSED @ https://via.placeholder.com/300x200?text=No+Image:0
[  127269ms] [ERROR] Failed to load resource: net::ERR_CONNECTION_CLOSED @ https://via.placeholder.com/300x200?text=No+Image:0
[  127359ms] [ERROR] Failed to load resource: net::ERR_CONNECTION_CLOSED @ https://via.placeholder.com/300x200?text=No+Image:0
[  127452ms] [ERROR] Failed to load resource: net::ERR_CONNECTION_CLOSED @ https://via.placeholder.com/300x200?text=No+Image:0
[  127557ms] [ERROR] Failed to load resource: net::ERR_CONNECTION_CLOSED @ https://via.placeholder.com/300x200?text=No+Image:0
[  127652ms] [ERROR] Failed to load resource: net::ERR_CONNECTION_CLOSED @ https://via.placeholder.com/300x200?text=No+Image:0
[  127742ms] [ERROR] Failed to load resource: net::ERR_CONNECTION_CLOSED @ https://via.placeholder.com/300x200?text=No+Image:0
[  127833ms] [ERROR] Failed to load resource: net::ERR_CONNECTION_CLOSED @ https://via.placeholder.com/300x200?text=No+Image:0
[  127920ms] [ERROR] Failed to load resource: net::ERR_CONNECTION_CLOSED @ https://via.placeholder.com/300x200?text=No+Image:0
[  128010ms] [ERROR] Failed to load resource: net::ERR_CONNECTION_CLOSED @ https://via.placeholder.com/300x200?text=No+Image:0
[  128108ms] [ERROR] Failed to load resource: net::ERR_CONNECTION_CLOSED @ https://via.placeholder.com/300x200?text=No+Image:0
[  128205ms] [ERROR] Failed to load resource: net::ERR_CONNECTION_CLOSED @ https://via.placeholder.com/300x200?text=No+Image:0
[  128300ms] [ERROR] Failed to load resource: net::ERR_CONNECTION_CLOSED @ https://via.placeholder.com/300x200?text=No+Image:0
[  128395ms] [ERROR] Failed to load resource: net::ERR_CONNECTION_CLOSED @ https://via.placeholder.com/300x200?text=No+Image:0
[  128486ms] [ERROR] Failed to load resource: net::ERR_CONNECTION_CLOSED @ https://via.placeholder.com/300x200?text=No+Image:0
[  128585ms] [ERROR] Failed to load resource: net::ERR_CONNECTION_CLOSED @ https://via.placeholder.com/300x200?text=No+Image:0
[  128678ms] [ERROR] Failed to load resource: net::ERR_CONNECTION_CLOSED @ https://via.placeholder.com/300x200?text=No+Image:0
[  128769ms] [ERROR] Failed to load resource: net::ERR_CONNECTION_CLOSED @ https://via.placeholder.com/300x200?text=No+Image:0
[  128864ms] [ERROR] Failed to load resource: net::ERR_CONNECTION_CLOSED @ https://via.placeholder.com/300x200?text=No+Image:0
[  128957ms] [ERROR] Failed to load resource: net::ERR_CONNECTION_CLOSED @ https://via.placeholder.com/300x200?text=No+Image:0
[  129053ms] [ERROR] Failed to load resource: net::ERR_CONNECTION_CLOSED @ https://via.placeholder.com/300x200?text=No+Image:0
[  129145ms] [ERROR] Failed to load resource: net::ERR_CONNECTION_CLOSED @ https://via.placeholder.com/300x200?text=No+Image:0
[  129233ms] [ERROR] Failed to load resource: net::ERR_CONNECTION_CLOSED @ https://via.placeholder.com/300x200?text=No+Image:0
[  129327ms] [ERROR] Failed to load resource: net::ERR_CONNECTION_CLOSED @ https://via.placeholder.com/300x200?text=No+Image:0
[  129420ms] [ERROR] Failed to load resource: net::ERR_CONNECTION_CLOSED @ https://via.placeholder.com/300x200?text=No+Image:0
[  129513ms] [ERROR] Failed to load resource: net::ERR_CONNECTION_CLOSED @ https://via.placeholder.com/300x200?text=No+Image:0
[  129604ms] [ERROR] Failed to load resource: net::ERR_CONNECTION_CLOSED @ https://via.placeholder.com/300x200?text=No+Image:0
[  129695ms] [ERROR] Failed to load resource: net::ERR_CONNECTION_CLOSED @ https://via.placeholder.com/300x200?text=No+Image:0
[  129789ms] [ERROR] Failed to load resource: net::ERR_CONNECTION_CLOSED @ https://via.placeholder.com/300x200?text=No+Image:0
[  129881ms] [ERROR] Failed to load resource: net::ERR_CONNECTION_CLOSED @ https://via.placeholder.com/300x200?text=No+Image:0
[  129969ms] [ERROR] Failed to load resource: net::ERR_CONNECTION_CLOSED @ https://via.placeholder.com/300x200?text=No+Image:0
[  130069ms] [ERROR] Failed to load resource: net::ERR_CONNECTION_CLOSED @ https://via.placeholder.com/300x200?text=No+Image:0
[  130165ms] [ERROR] Failed to load resource: net::ERR_CONNECTION_CLOSED @ https://via.placeholder.com/300x200?text=No+Image:0
[  130256ms] [ERROR] Failed to load resource: net::ERR_CONNECTION_CLOSED @ https://via.placeholder.com/300x200?text=No+Image:0
[  130348ms] [ERROR] Failed to load resource: net::ERR_CONNECTION_CLOSED @ https://via.placeholder.com/300x200?text=No+Image:0
[  130442ms] [ERROR] Failed to load resource: net::ERR_CONNECTION_CLOSED @ https://via.placeholder.com/300x200?text=No+Image:0
[  130539ms] [ERROR] Failed to load resource: net::ERR_CONNECTION_CLOSED @ https://via.placeholder.com/300x200?text=No+Image:0
[  130632ms] [ERROR] Failed to load resource: net::ERR_CONNECTION_CLOSED @ https://via.placeholder.com/300x200?text=No+Image:0
[  130724ms] [ERROR] Failed to load resource: net::ERR_CONNECTION_CLOSED @ https://via.placeholder.com/300x200?text=No+Image:0
[  130819ms] [ERROR] Failed to load resource: net::ERR_CONNECTION_CLOSED @ https://via.placeholder.com/300x200?text=No+Image:0
[  130914ms] [ERROR] Failed to load resource: net::ERR_CONNECTION_CLOSED @ https://via.placeholder.com/300x200?text=No+Image:0
[  131006ms] [ERROR] Failed to load resource: net::ERR_CONNECTION_CLOSED @ https://via.placeholder.com/300x200?text=No+Image:0
[  131107ms] [ERROR] Failed to load resource: net::ERR_CONNECTION_CLOSED @ https://via.placeholder.com/300x200?text=No+Image:0
[  131204ms] [ERROR] Failed to load resource: net::ERR_CONNECTION_CLOSED @ https://via.placeholder.com/300x200?text=No+Image:0
[  131294ms] [ERROR] Failed to load resource: net::ERR_CONNECTION_CLOSED @ https://via.placeholder.com/300x200?text=No+Image:0
[  131392ms] [ERROR] Failed to load resource: net::ERR_CONNECTION_CLOSED @ https://via.placeholder.com/300x200?text=No+Image:0
[  131500ms] [ERROR] Failed to load resource: net::ERR_CONNECTION_CLOSED @ https://via.placeholder.com/300x200?text=No+Image:0
[  131590ms] [ERROR] Failed to load resource: net::ERR_CONNECTION_CLOSED @ https://via.placeholder.com/300x200?text=No+Image:0
[  131682ms] [ERROR] Failed to load resource: net::ERR_CONNECTION_CLOSED @ https://via.placeholder.com/300x200?text=No+Image:0
[  131776ms] [ERROR] Failed to load resource: net::ERR_CONNECTION_CLOSED @ https://via.placeholder.com/300x200?text=No+Image:0
[  131874ms] [ERROR] Failed to load resource: net::ERR_CONNECTION_CLOSED @ https://via.placeholder.com/300x200?text=No+Image:0
[  131967ms] [ERROR] Failed to load resource: net::ERR_CONNECTION_CLOSED @ https://via.placeholder.com/300x200?text=No+Image:0
[  132061ms] [ERROR] Failed to load resource: net::ERR_CONNECTION_CLOSED @ https://via.placeholder.com/300x200?text=No+Image:0
[  132154ms] [ERROR] Failed to load resource: net::ERR_CONNECTION_CLOSED @ https://via.placeholder.com/300x200?text=No+Image:0
[  132255ms] [ERROR] Failed to load resource: net::ERR_CONNECTION_CLOSED @ https://via.placeholder.com/300x200?text=No+Image:0
[  132350ms] [ERROR] Failed to load resource: net::ERR_CONNECTION_CLOSED @ https://via.placeholder.com/300x200?text=No+Image:0
[  132441ms] [ERROR] Failed to load resource: net::ERR_CONNECTION_CLOSED @ https://via.placeholder.com/300x200?text=No+Image:0
[  132540ms] [ERROR] Failed to load resource: net::ERR_CONNECTION_CLOSED @ https://via.placeholder.com/300x200?text=No+Image:0
[  132631ms] [ERROR] Failed to load resource: net::ERR_CONNECTION_CLOSED @ https://via.placeholder.com/300x200?text=No+Image:0
[  132729ms] [ERROR] Failed to load resource: net::ERR_CONNECTION_CLOSED @ https://via.placeholder.com/300x200?text=No+Image:0
[  132819ms] [ERROR] Failed to load resource: net::ERR_CONNECTION_CLOSED @ https://via.placeholder.com/300x200?text=No+Image:0
[  132915ms] [ERROR] Failed to load resource: net::ERR_CONNECTION_CLOSED @ https://via.placeholder.com/300x200?text=No+Image:0
[  133006ms] [ERROR] Failed to load resource: net::ERR_CONNECTION_CLOSED @ https://via.placeholder.com/300x200?text=No+Image:0
[  133107ms] [ERROR] Failed to load resource: net::ERR_CONNECTION_CLOSED @ https://via.placeholder.com/300x200?text=No+Image:0
[  133205ms] [ERROR] Failed to load resource: net::ERR_CONNECTION_CLOSED @ https://via.placeholder.com/300x200?text=No+Image:0
[  133299ms] [ERROR] Failed to load resource: net::ERR_CONNECTION_CLOSED @ https://via.placeholder.com/300x200?text=No+Image:0
[  133389ms] [ERROR] Failed to load resource: net::ERR_CONNECTION_CLOSED @ https://via.placeholder.com/300x200?text=No+Image:0
[  133482ms] [ERROR] Failed to load resource: net::ERR_CONNECTION_CLOSED @ https://via.placeholder.com/300x200?text=No+Image:0
[  133588ms] [ERROR] Failed to load resource: net::ERR_CONNECTION_CLOSED @ https://via.placeholder.com/300x200?text=No+Image:0
[  133684ms] [ERROR] Failed to load resource: net::ERR_CONNECTION_CLOSED @ https://via.placeholder.com/300x200?text=No+Image:0
[  133775ms] [ERROR] Failed to load resource: net::ERR_CONNECTION_CLOSED @ https://via.placeholder.com/300x200?text=No+Image:0
[  133866ms] [ERROR] Failed to load resource: net::ERR_CONNECTION_CLOSED @ https://via.placeholder.com/300x200?text=No+Image:0
[  133960ms] [ERROR] Failed to load resource: net::ERR_CONNECTION_CLOSED @ https://via.placeholder.com/300x200?text=No+Image:0
[  134061ms] [ERROR] Failed to load resource: net::ERR_CONNECTION_CLOSED @ https://via.placeholder.com/300x200?text=No+Image:0
[  134157ms] [ERROR] Failed to load resource: net::ERR_CONNECTION_CLOSED @ https://via.placeholder.com/300x200?text=No+Image:0
[  134261ms] [ERROR] Failed to load resource: net::ERR_CONNECTION_CLOSED @ https://via.placeholder.com/300x200?text=No+Image:0
[  134351ms] [ERROR] Failed to load resource: net::ERR_CONNECTION_CLOSED @ https://via.placeholder.com/300x200?text=No+Image:0
[  134447ms] [ERROR] Failed to load resource: net::ERR_CONNECTION_CLOSED @ https://via.placeholder.com/300x200?text=No+Image:0
[  134551ms] [ERROR] Failed to load resource: net::ERR_CONNECTION_CLOSED @ https://via.placeholder.com/300x200?text=No+Image:0
[  134657ms] [ERROR] Failed to load resource: net::ERR_CONNECTION_CLOSED @ https://via.placeholder.com/300x200?text=No+Image:0
[  134755ms] [ERROR] Failed to load resource: net::ERR_CONNECTION_CLOSED @ https://via.placeholder.com/300x200?text=No+Image:0
[  134851ms] [ERROR] Failed to load resource: net::ERR_CONNECTION_CLOSED @ https://via.placeholder.com/300x200?text=No+Image:0
[  134944ms] [ERROR] Failed to load resource: net::ERR_CONNECTION_CLOSED @ https://via.placeholder.com/300x200?text=No+Image:0
[  135046ms] [ERROR] Failed to load resource: net::ERR_CONNECTION_CLOSED @ https://via.placeholder.com/300x200?text=No+Image:0
[  135142ms] [ERROR] Failed to load resource: net::ERR_CONNECTION_CLOSED @ https://via.placeholder.com/300x200?text=No+Image:0
[  135241ms] [ERROR] Failed to load resource: net::ERR_CONNECTION_CLOSED @ https://via.placeholder.com/300x200?text=No+Image:0
[  135340ms] [ERROR] Failed to load resource: net::ERR_CONNECTION_CLOSED @ https://via.placeholder.com/300x200?text=No+Image:0
[  135434ms] [ERROR] Failed to load resource: net::ERR_CONNECTION_CLOSED @ https://via.placeholder.com/300x200?text=No+Image:0
[  135529ms] [ERROR] Failed to load resource: net::ERR_CONNECTION_CLOSED @ https://via.placeholder.com/300x200?text=No+Image:0
[  135627ms] [ERROR] Failed to load resource: net::ERR_CONNECTION_CLOSED @ https://via.placeholder.com/300x200?text=No+Image:0
[  135722ms] [ERROR] Failed to load resource: net::ERR_CONNECTION_CLOSED @ https://via.placeholder.com/300x200?text=No+Image:0
[  135817ms] [ERROR] Failed to load resource: net::ERR_CONNECTION_CLOSED @ https://via.placeholder.com/300x200?text=No+Image:0
[  135904ms] [ERROR] Failed to load resource: net::ERR_CONNECTION_CLOSED @ https://via.placeholder.com/300x200?text=No+Image:0
[  135995ms] [ERROR] Failed to load resource: net::ERR_CONNECTION_CLOSED @ https://via.placeholder.com/300x200?text=No+Image:0
[  136094ms] [ERROR] Failed to load resource: net::ERR_CONNECTION_CLOSED @ https://via.placeholder.com/300x200?text=No+Image:0
[  136192ms] [ERROR] Failed to load resource: net::ERR_CONNECTION_CLOSED @ https://via.placeholder.com/300x200?text=No+Image:0
[  136286ms] [ERROR] Failed to load resource: net::ERR_CONNECTION_CLOSED @ https://via.placeholder.com/300x200?text=No+Image:0
[  136384ms] [ERROR] Failed to load resource: net::ERR_CONNECTION_CLOSED @ https://via.placeholder.com/300x200?text=No+Image:0
[  136474ms] [ERROR] Failed to load resource: net::ERR_CONNECTION_CLOSED @ https://via.placeholder.com/300x200?text=No+Image:0
[  136575ms] [ERROR] Failed to load resource: net::ERR_CONNECTION_CLOSED @ https://via.placeholder.com/300x200?text=No+Image:0
[  136665ms] [ERROR] Failed to load resource: net::ERR_CONNECTION_CLOSED @ https://via.placeholder.com/300x200?text=No+Image:0
[  136764ms] [ERROR] Failed to load resource: net::ERR_CONNECTION_CLOSED @ https://via.placeholder.com/300x200?text=No+Image:0
[  136856ms] [ERROR] Failed to load resource: net::ERR_CONNECTION_CLOSED @ https://via.placeholder.com/300x200?text=No+Image:0
[  136946ms] [ERROR] Failed to load resource: net::ERR_CONNECTION_CLOSED @ https://via.placeholder.com/300x200?text=No+Image:0
[  137035ms] [ERROR] Failed to load resource: net::ERR_CONNECTION_CLOSED @ https://via.placeholder.com/300x200?text=No+Image:0
[  137136ms] [ERROR] Failed to load resource: net::ERR_CONNECTION_CLOSED @ https://via.placeholder.com/300x200?text=No+Image:0
[  137230ms] [ERROR] Failed to load resource: net::ERR_CONNECTION_CLOSED @ https://via.placeholder.com/300x200?text=No+Image:0
[  137327ms] [ERROR] Failed to load resource: net::ERR_CONNECTION_CLOSED @ https://via.placeholder.com/300x200?text=No+Image:0
[  137417ms] [ERROR] Failed to load resource: net::ERR_CONNECTION_CLOSED @ https://via.placeholder.com/300x200?text=No+Image:0
[  137507ms] [ERROR] Failed to load resource: net::ERR_CONNECTION_CLOSED @ https://via.placeholder.com/300x200?text=No+Image:0
[  137603ms] [ERROR] Failed to load resource: net::ERR_CONNECTION_CLOSED @ https://via.placeholder.com/300x200?text=No+Image:0
[  137694ms] [ERROR] Failed to load resource: net::ERR_CONNECTION_CLOSED @ https://via.placeholder.com/300x200?text=No+Image:0
[  137783ms] [ERROR] Failed to load resource: net::ERR_CONNECTION_CLOSED @ https://via.placeholder.com/300x200?text=No+Image:0
[  137876ms] [ERROR] Failed to load resource: net::ERR_CONNECTION_CLOSED @ https://via.placeholder.com/300x200?text=No+Image:0
[  137965ms] [ERROR] Failed to load resource: net::ERR_CONNECTION_CLOSED @ https://via.placeholder.com/300x200?text=No+Image:0
[  138068ms] [ERROR] Failed to load resource: net::ERR_CONNECTION_CLOSED @ https://via.placeholder.com/300x200?text=No+Image:0
[  138157ms] [ERROR] Failed to load resource: net::ERR_CONNECTION_CLOSED @ https://via.placeholder.com/300x200?text=No+Image:0
[  138252ms] [ERROR] Failed to load resource: net::ERR_CONNECTION_CLOSED @ https://via.placeholder.com/300x200?text=No+Image:0
[  138347ms] [ERROR] Failed to load resource: net::ERR_CONNECTION_CLOSED @ https://via.placeholder.com/300x200?text=No+Image:0
[  138440ms] [ERROR] Failed to load resource: net::ERR_CONNECTION_CLOSED @ https://via.placeholder.com/300x200?text=No+Image:0
[  138533ms] [ERROR] Failed to load resource: net::ERR_CONNECTION_CLOSED @ https://via.placeholder.com/300x200?text=No+Image:0
[  138624ms] [ERROR] Failed to load resource: net::ERR_CONNECTION_CLOSED @ https://via.placeholder.com/300x200?text=No+Image:0
[  138721ms] [ERROR] Failed to load resource: net::ERR_CONNECTION_CLOSED @ https://via.placeholder.com/300x200?text=No+Image:0
[  138816ms] [ERROR] Failed to load resource: net::ERR_CONNECTION_CLOSED @ https://via.placeholder.com/300x200?text=No+Image:0
[  138909ms] [ERROR] Failed to load resource: net::ERR_CONNECTION_CLOSED @ https://via.placeholder.com/300x200?text=No+Image:0
[  139001ms] [ERROR] Failed to load resource: net::ERR_CONNECTION_CLOSED @ https://via.placeholder.com/300x200?text=No+Image:0
[  139100ms] [ERROR] Failed to load resource: net::ERR_CONNECTION_CLOSED @ https://via.placeholder.com/300x200?text=No+Image:0
[  139195ms] [ERROR] Failed to load resource: net::ERR_CONNECTION_CLOSED @ https://via.placeholder.com/300x200?text=No+Image:0
[  139286ms] [ERROR] Failed to load resource: net::ERR_CONNECTION_CLOSED @ https://via.placeholder.com/300x200?text=No+Image:0
[  139381ms] [ERROR] Failed to load resource: net::ERR_CONNECTION_CLOSED @ https://via.placeholder.com/300x200?text=No+Image:0
[  139473ms] [ERROR] Failed to load resource: net::ERR_CONNECTION_CLOSED @ https://via.placeholder.com/300x200?text=No+Image:0
[  139570ms] [ERROR] Failed to load resource: net::ERR_CONNECTION_CLOSED @ https://via.placeholder.com/300x200?text=No+Image:0
[  139663ms] [ERROR] Failed to load resource: net::ERR_CONNECTION_CLOSED @ https://via.placeholder.com/300x200?text=No+Image:0
[  139811ms] [ERROR] Failed to load resource: net::ERR_CONNECTION_CLOSED @ https://via.placeholder.com/300x200?text=No+Image:0
[  139903ms] [ERROR] Failed to load resource: net::ERR_CONNECTION_CLOSED @ https://via.placeholder.com/300x200?text=No+Image:0
[  139998ms] [ERROR] Failed to load resource: net::ERR_CONNECTION_CLOSED @ https://via.placeholder.com/300x200?text=No+Image:0
[  140102ms] [ERROR] Failed to load resource: net::ERR_CONNECTION_CLOSED @ https://via.placeholder.com/300x200?text=No+Image:0
[  140192ms] [ERROR] Failed to load resource: net::ERR_CONNECTION_CLOSED @ https://via.placeholder.com/300x200?text=No+Image:0
[  140285ms] [ERROR] Failed to load resource: net::ERR_CONNECTION_CLOSED @ https://via.placeholder.com/300x200?text=No+Image:0
[  140397ms] [ERROR] Failed to load resource: net::ERR_CONNECTION_CLOSED @ https://via.placeholder.com/300x200?text=No+Image:0
[  140492ms] [ERROR] Failed to load resource: net::ERR_CONNECTION_CLOSED @ https://via.placeholder.com/300x200?text=No+Image:0
[  140585ms] [ERROR] Failed to load resource: net::ERR_CONNECTION_CLOSED @ https://via.placeholder.com/300x200?text=No+Image:0
[  140678ms] [ERROR] Failed to load resource: net::ERR_CONNECTION_CLOSED @ https://via.placeholder.com/300x200?text=No+Image:0
[  140775ms] [ERROR] Failed to load resource: net::ERR_CONNECTION_CLOSED @ https://via.placeholder.com/300x200?text=No+Image:0
[  140866ms] [ERROR] Failed to load resource: net::ERR_CONNECTION_CLOSED @ https://via.placeholder.com/300x200?text=No+Image:0
[  140961ms] [ERROR] Failed to load resource: net::ERR_CONNECTION_CLOSED @ https://via.placeholder.com/300x200?text=No+Image:0
[  141061ms] [ERROR] Failed to load resource: net::ERR_CONNECTION_CLOSED @ https://via.placeholder.com/300x200?text=No+Image:0
[  141157ms] [ERROR] Failed to load resource: net::ERR_CONNECTION_CLOSED @ https://via.placeholder.com/300x200?text=No+Image:0
[  141253ms] [ERROR] Failed to load resource: net::ERR_CONNECTION_CLOSED @ https://via.placeholder.com/300x200?text=No+Image:0
[  141356ms] [ERROR] Failed to load resource: net::ERR_CONNECTION_CLOSED @ https://via.placeholder.com/300x200?text=No+Image:0
[  141452ms] [ERROR] Failed to load resource: net::ERR_CONNECTION_CLOSED @ https://via.placeholder.com/300x200?text=No+Image:0
[  141555ms] [ERROR] Failed to load resource: net::ERR_CONNECTION_CLOSED @ https://via.placeholder.com/300x200?text=No+Image:0
[  141650ms] [ERROR] Failed to load resource: net::ERR_CONNECTION_CLOSED @ https://via.placeholder.com/300x200?text=No+Image:0
[  141744ms] [ERROR] Failed to load resource: net::ERR_CONNECTION_CLOSED @ https://via.placeholder.com/300x200?text=No+Image:0
[  141834ms] [ERROR] Failed to load resource: net::ERR_CONNECTION_CLOSED @ https://via.placeholder.com/300x200?text=No+Image:0
[  141924ms] [ERROR] Failed to load resource: net::ERR_CONNECTION_CLOSED @ https://via.placeholder.com/300x200?text=No+Image:0
[  142014ms] [ERROR] Failed to load resource: net::ERR_CONNECTION_CLOSED @ https://via.placeholder.com/300x200?text=No+Image:0
[  142110ms] [ERROR] Failed to load resource: net::ERR_CONNECTION_CLOSED @ https://via.placeholder.com/300x200?text=No+Image:0
[  142221ms] [ERROR] Failed to load resource: net::ERR_CONNECTION_CLOSED @ https://via.placeholder.com/300x200?text=No+Image:0
[  142319ms] [ERROR] Failed to load resource: net::ERR_CONNECTION_CLOSED @ https://via.placeholder.com/300x200?text=No+Image:0
[  142411ms] [ERROR] Failed to load resource: net::ERR_CONNECTION_CLOSED @ https://via.placeholder.com/300x200?text=No+Image:0
[  142508ms] [ERROR] Failed to load resource: net::ERR_CONNECTION_CLOSED @ https://via.placeholder.com/300x200?text=No+Image:0
[  142605ms] [ERROR] Failed to load resource: net::ERR_CONNECTION_CLOSED @ https://via.placeholder.com/300x200?text=No+Image:0
[  142700ms] [ERROR] Failed to load resource: net::ERR_CONNECTION_CLOSED @ https://via.placeholder.com/300x200?text=No+Image:0
[  142790ms] [ERROR] Failed to load resource: net::ERR_CONNECTION_CLOSED @ https://via.placeholder.com/300x200?text=No+Image:0
[  142891ms] [ERROR] Failed to load resource: net::ERR_CONNECTION_CLOSED @ https://via.placeholder.com/300x200?text=No+Image:0
[  142984ms] [ERROR] Failed to load resource: net::ERR_CONNECTION_CLOSED @ https://via.placeholder.com/300x200?text=No+Image:0
[  143078ms] [ERROR] Failed to load resource: net::ERR_CONNECTION_CLOSED @ https://via.placeholder.com/300x200?text=No+Image:0
[  143169ms] [ERROR] Failed to load resource: net::ERR_CONNECTION_CLOSED @ https://via.placeholder.com/300x200?text=No+Image:0
[  143262ms] [ERROR] Failed to load resource: net::ERR_CONNECTION_CLOSED @ https://via.placeholder.com/300x200?text=No+Image:0
[  143354ms] [ERROR] Failed to load resource: net::ERR_CONNECTION_CLOSED @ https://via.placeholder.com/300x200?text=No+Image:0
[  143445ms] [ERROR] Failed to load resource: net::ERR_CONNECTION_CLOSED @ https://via.placeholder.com/300x200?text=No+Image:0
[  143540ms] [ERROR] Failed to load resource: net::ERR_CONNECTION_CLOSED @ https://via.placeholder.com/300x200?text=No+Image:0
[  143635ms] [ERROR] Failed to load resource: net::ERR_CONNECTION_CLOSED @ https://via.placeholder.com/300x200?text=No+Image:0
[  143730ms] [ERROR] Failed to load resource: net::ERR_CONNECTION_CLOSED @ https://via.placeholder.com/300x200?text=No+Image:0
[  143833ms] [ERROR] Failed to load resource: net::ERR_CONNECTION_CLOSED @ https://via.placeholder.com/300x200?text=No+Image:0
[  143922ms] [ERROR] Failed to load resource: net::ERR_CONNECTION_CLOSED @ https://via.placeholder.com/300x200?text=No+Image:0
[  144012ms] [ERROR] Failed to load resource: net::ERR_CONNECTION_CLOSED @ https://via.placeholder.com/300x200?text=No+Image:0
[  144108ms] [ERROR] Failed to load resource: net::ERR_CONNECTION_CLOSED @ https://via.placeholder.com/300x200?text=No+Image:0
[  144203ms] [ERROR] Failed to load resource: net::ERR_CONNECTION_CLOSED @ https://via.placeholder.com/300x200?text=No+Image:0
[  144291ms] [ERROR] Failed to load resource: net::ERR_CONNECTION_CLOSED @ https://via.placeholder.com/300x200?text=No+Image:0
[  144387ms] [ERROR] Failed to load resource: net::ERR_CONNECTION_CLOSED @ https://via.placeholder.com/300x200?text=No+Image:0
[  144479ms] [ERROR] Failed to load resource: net::ERR_CONNECTION_CLOSED @ https://via.placeholder.com/300x200?text=No+Image:0
[  144583ms] [ERROR] Failed to load resource: net::ERR_CONNECTION_CLOSED @ https://via.placeholder.com/300x200?text=No+Image:0
[  144674ms] [ERROR] Failed to load resource: net::ERR_CONNECTION_CLOSED @ https://via.placeholder.com/300x200?text=No+Image:0
[  144767ms] [ERROR] Failed to load resource: net::ERR_CONNECTION_CLOSED @ https://via.placeholder.com/300x200?text=No+Image:0
[  144862ms] [ERROR] Failed to load resource: net::ERR_CONNECTION_CLOSED @ https://via.placeholder.com/300x200?text=No+Image:0
[  144953ms] [ERROR] Failed to load resource: net::ERR_CONNECTION_CLOSED @ https://via.placeholder.com/300x200?text=No+Image:0
[  145060ms] [ERROR] Failed to load resource: net::ERR_CONNECTION_CLOSED @ https://via.placeholder.com/300x200?text=No+Image:0
[  145161ms] [ERROR] Failed to load resource: net::ERR_CONNECTION_CLOSED @ https://via.placeholder.com/300x200?text=No+Image:0
[  145254ms] [ERROR] Failed to load resource: net::ERR_CONNECTION_CLOSED @ https://via.placeholder.com/300x200?text=No+Image:0
[  145349ms] [ERROR] Failed to load resource: net::ERR_CONNECTION_CLOSED @ https://via.placeholder.com/300x200?text=No+Image:0
[  145442ms] [ERROR] Failed to load resource: net::ERR_CONNECTION_CLOSED @ https://via.placeholder.com/300x200?text=No+Image:0
[  145534ms] [ERROR] Failed to load resource: net::ERR_CONNECTION_CLOSED @ https://via.placeholder.com/300x200?text=No+Image:0
[  145631ms] [ERROR] Failed to load resource: net::ERR_CONNECTION_CLOSED @ https://via.placeholder.com/300x200?text=No+Image:0
[  145722ms] [ERROR] Failed to load resource: net::ERR_CONNECTION_CLOSED @ https://via.placeholder.com/300x200?text=No+Image:0
[  145819ms] [ERROR] Failed to load resource: net::ERR_CONNECTION_CLOSED @ https://via.placeholder.com/300x200?text=No+Image:0
[  145909ms] [ERROR] Failed to load resource: net::ERR_CONNECTION_CLOSED @ https://via.placeholder.com/300x200?text=No+Image:0
[  146001ms] [ERROR] Failed to load resource: net::ERR_CONNECTION_CLOSED @ https://via.placeholder.com/300x200?text=No+Image:0
[  146089ms] [ERROR] Failed to load resource: net::ERR_CONNECTION_CLOSED @ https://via.placeholder.com/300x200?text=No+Image:0
[  146182ms] [ERROR] Failed to load resource: net::ERR_CONNECTION_CLOSED @ https://via.placeholder.com/300x200?text=No+Image:0
[  146279ms] [ERROR] Failed to load resource: net::ERR_CONNECTION_CLOSED @ https://via.placeholder.com/300x200?text=No+Image:0
[  146374ms] [ERROR] Failed to load resource: net::ERR_CONNECTION_CLOSED @ https://via.placeholder.com/300x200?text=No+Image:0
[  146465ms] [ERROR] Failed to load resource: net::ERR_CONNECTION_CLOSED @ https://via.placeholder.com/300x200?text=No+Image:0
[  146560ms] [ERROR] Failed to load resource: net::ERR_CONNECTION_CLOSED @ https://via.placeholder.com/300x200?text=No+Image:0
[  146652ms] [ERROR] Failed to load resource: net::ERR_CONNECTION_CLOSED @ https://via.placeholder.com/300x200?text=No+Image:0
[  146746ms] [ERROR] Failed to load resource: net::ERR_CONNECTION_CLOSED @ https://via.placeholder.com/300x200?text=No+Image:0
[  146837ms] [ERROR] Failed to load resource: net::ERR_CONNECTION_CLOSED @ https://via.placeholder.com/300x200?text=No+Image:0
[  146925ms] [ERROR] Failed to load resource: net::ERR_CONNECTION_CLOSED @ https://via.placeholder.com/300x200?text=No+Image:0
[  147024ms] [ERROR] Failed to load resource: net::ERR_CONNECTION_CLOSED @ https://via.placeholder.com/300x200?text=No+Image:0
[  147127ms] [ERROR] Failed to load resource: net::ERR_CONNECTION_CLOSED @ https://via.placeholder.com/300x200?text=No+Image:0
[  147221ms] [ERROR] Failed to load resource: net::ERR_CONNECTION_CLOSED @ https://via.placeholder.com/300x200?text=No+Image:0
[  147311ms] [ERROR] Failed to load resource: net::ERR_CONNECTION_CLOSED @ https://via.placeholder.com/300x200?text=No+Image:0
[  147403ms] [ERROR] Failed to load resource: net::ERR_CONNECTION_CLOSED @ https://via.placeholder.com/300x200?text=No+Image:0
[  147502ms] [ERROR] Failed to load resource: net::ERR_CONNECTION_CLOSED @ https://via.placeholder.com/300x200?text=No+Image:0
[  147601ms] [ERROR] Failed to load resource: net::ERR_CONNECTION_CLOSED @ https://via.placeholder.com/300x200?text=No+Image:0
[  147696ms] [ERROR] Failed to load resource: net::ERR_CONNECTION_CLOSED @ https://via.placeholder.com/300x200?text=No+Image:0
[  147788ms] [ERROR] Failed to load resource: net::ERR_CONNECTION_CLOSED @ https://via.placeholder.com/300x200?text=No+Image:0
[  147882ms] [ERROR] Failed to load resource: net::ERR_CONNECTION_CLOSED @ https://via.placeholder.com/300x200?text=No+Image:0
[  147970ms] [ERROR] Failed to load resource: net::ERR_CONNECTION_CLOSED @ https://via.placeholder.com/300x200?text=No+Image:0
[  148064ms] [ERROR] Failed to load resource: net::ERR_CONNECTION_CLOSED @ https://via.placeholder.com/300x200?text=No+Image:0
[  148154ms] [ERROR] Failed to load resource: net::ERR_CONNECTION_CLOSED @ https://via.placeholder.com/300x200?text=No+Image:0
[  148247ms] [ERROR] Failed to load resource: net::ERR_CONNECTION_CLOSED @ https://via.placeholder.com/300x200?text=No+Image:0
[  148339ms] [ERROR] Failed to load resource: net::ERR_CONNECTION_CLOSED @ https://via.placeholder.com/300x200?text=No+Image:0
[  148433ms] [ERROR] Failed to load resource: net::ERR_CONNECTION_CLOSED @ https://via.placeholder.com/300x200?text=No+Image:0
[  148528ms] [ERROR] Failed to load resource: net::ERR_CONNECTION_CLOSED @ https://via.placeholder.com/300x200?text=No+Image:0
[  148628ms] [ERROR] Failed to load resource: net::ERR_CONNECTION_CLOSED @ https://via.placeholder.com/300x200?text=No+Image:0
[  148721ms] [ERROR] Failed to load resource: net::ERR_CONNECTION_CLOSED @ https://via.placeholder.com/300x200?text=No+Image:0
[  148814ms] [ERROR] Failed to load resource: net::ERR_CONNECTION_CLOSED @ https://via.placeholder.com/300x200?text=No+Image:0
[  148907ms] [ERROR] Failed to load resource: net::ERR_CONNECTION_CLOSED @ https://via.placeholder.com/300x200?text=No+Image:0
[  149000ms] [ERROR] Failed to load resource: net::ERR_CONNECTION_CLOSED @ https://via.placeholder.com/300x200?text=No+Image:0
[  149091ms] [ERROR] Failed to load resource: net::ERR_CONNECTION_CLOSED @ https://via.placeholder.com/300x200?text=No+Image:0
[  149184ms] [ERROR] Failed to load resource: net::ERR_CONNECTION_CLOSED @ https://via.placeholder.com/300x200?text=No+Image:0
[  149280ms] [ERROR] Failed to load resource: net::ERR_CONNECTION_CLOSED @ https://via.placeholder.com/300x200?text=No+Image:0
[  149372ms] [ERROR] Failed to load resource: net::ERR_CONNECTION_CLOSED @ https://via.placeholder.com/300x200?text=No+Image:0
[  149467ms] [ERROR] Failed to load resource: net::ERR_CONNECTION_CLOSED @ https://via.placeholder.com/300x200?text=No+Image:0
[  149562ms] [ERROR] Failed to load resource: net::ERR_CONNECTION_CLOSED @ https://via.placeholder.com/300x200?text=No+Image:0
[  149654ms] [ERROR] Failed to load resource: net::ERR_CONNECTION_CLOSED @ https://via.placeholder.com/300x200?text=No+Image:0
[  149747ms] [ERROR] Failed to load resource: net::ERR_CONNECTION_CLOSED @ https://via.placeholder.com/300x200?text=No+Image:0
[  149841ms] [ERROR] Failed to load resource: net::ERR_CONNECTION_CLOSED @ https://via.placeholder.com/300x200?text=No+Image:0
