[      11ms] [ERROR] Failed to load resource: net::ERR_CONNECTION_CLOSED @ https://via.placeholder.com/300x200?text=No+Image:0
[      32ms] TypeError: route.handler is not a function
    at App.handleRouting (http://localhost:3000/src/App.js:22:13)
    at App.init (http://localhost:3000/src/App.js:13:10)
    at http://localhost:3000/src/main.js:4:5
[      34ms] [ERROR] Failed to load resource: the server responded with a status of 401 (Unauthorized) @ http://localhost:3001/api/auth/me:0
[     493ms] [ERROR] Failed to load resource: net::ERR_CONNECTION_CLOSED @ https://via.placeholder.com/300x200?text=No+Image:0
[     583ms] [ERROR] Failed to load resource: net::ERR_CONNECTION_CLOSED @ https://via.placeholder.com/300x200?text=No+Image:0
[     685ms] [ERROR] Failed to load resource: net::ERR_CONNECTION_CLOSED @ https://via.placeholder.com/300x200?text=No+Image:0
[     783ms] [ERROR] Failed to load resource: net::ERR_CONNECTION_CLOSED @ https://via.placeholder.com/300x200?text=No+Image:0
[     879ms] [ERROR] Failed to load resource: net::ERR_CONNECTION_CLOSED @ https://via.placeholder.com/300x200?text=No+Image:0
[     979ms] [ERROR] Failed to load resource: net::ERR_CONNECTION_CLOSED @ https://via.placeholder.com/300x200?text=No+Image:0
[    1076ms] [ERROR] Failed to load resource: net::ERR_CONNECTION_CLOSED @ https://via.placeholder.com/300x200?text=No+Image:0
[    1174ms] [ERROR] Failed to load resource: net::ERR_CONNECTION_CLOSED @ https://via.placeholder.com/300x200?text=No+Image:0
[    1277ms] [ERROR] Failed to load resource: net::ERR_CONNECTION_CLOSED @ https://via.placeholder.com/300x200?text=No+Image:0
[    1370ms] [ERROR] Failed to load resource: net::ERR_CONNECTION_CLOSED @ https://via.placeholder.com/300x200?text=No+Image:0
[    1469ms] [ERROR] Failed to load resource: net::ERR_CONNECTION_CLOSED @ https://via.placeholder.com/300x200?text=No+Image:0
[    1565ms] [ERROR] Failed to load resource: net::ERR_CONNECTION_CLOSED @ https://via.placeholder.com/300x200?text=No+Image:0
[    1663ms] [ERROR] Failed to load resource: net::ERR_CONNECTION_CLOSED @ https://via.placeholder.com/300x200?text=No+Image:0
[    1756ms] [ERROR] Failed to load resource: net::ERR_CONNECTION_CLOSED @ https://via.placeholder.com/300x200?text=No+Image:0
[    1848ms] [ERROR] Failed to load resource: net::ERR_CONNECTION_CLOSED @ https://via.placeholder.com/300x200?text=No+Image:0
[    1942ms] [ERROR] Failed to load resource: net::ERR_CONNECTION_CLOSED @ https://via.placeholder.com/300x200?text=No+Image:0
[    2050ms] [ERROR] Failed to load resource: net::ERR_CONNECTION_CLOSED @ https://via.placeholder.com/300x200?text=No+Image:0
[    2148ms] [ERROR] Failed to load resource: net::ERR_CONNECTION_CLOSED @ https://via.placeholder.com/300x200?text=No+Image:0
[    2243ms] [ERROR] Failed to load resource: net::ERR_CONNECTION_CLOSED @ https://via.placeholder.com/300x200?text=No+Image:0
[    2347ms] [ERROR] Failed to load resource: net::ERR_CONNECTION_CLOSED @ https://via.placeholder.com/300x200?text=No+Image:0
[    2440ms] [ERROR] Failed to load resource: net::ERR_CONNECTION_CLOSED @ https://via.placeholder.com/300x200?text=No+Image:0
[    2536ms] [ERROR] Failed to load resource: net::ERR_CONNECTION_CLOSED @ https://via.placeholder.com/300x200?text=No+Image:0
[    2631ms] [ERROR] Failed to load resource: net::ERR_CONNECTION_CLOSED @ https://via.placeholder.com/300x200?text=No+Image:0
[    2721ms] [ERROR] Failed to load resource: net::ERR_CONNECTION_CLOSED @ https://via.placeholder.com/300x200?text=No+Image:0
[    2813ms] [ERROR] Failed to load resource: net::ERR_CONNECTION_CLOSED @ https://via.placeholder.com/300x200?text=No+Image:0
[    2905ms] [ERROR] Failed to load resource: net::ERR_CONNECTION_CLOSED @ https://via.placeholder.com/300x200?text=No+Image:0
[    2999ms] [ERROR] Failed to load resource: net::ERR_CONNECTION_CLOSED @ https://via.placeholder.com/300x200?text=No+Image:0
[    3091ms] [ERROR] Failed to load resource: net::ERR_CONNECTION_CLOSED @ https://via.placeholder.com/300x200?text=No+Image:0
[    3188ms] [ERROR] Failed to load resource: net::ERR_CONNECTION_CLOSED @ https://via.placeholder.com/300x200?text=No+Image:0
[    3294ms] [ERROR] Failed to load resource: net::ERR_CONNECTION_CLOSED @ https://via.placeholder.com/300x200?text=No+Image:0
[    3385ms] [ERROR] Failed to load resource: net::ERR_CONNECTION_CLOSED @ https://via.placeholder.com/300x200?text=No+Image:0
[    3481ms] [ERROR] Failed to load resource: net::ERR_CONNECTION_CLOSED @ https://via.placeholder.com/300x200?text=No+Image:0
[    3579ms] [ERROR] Failed to load resource: net::ERR_CONNECTION_CLOSED @ https://via.placeholder.com/300x200?text=No+Image:0
[    3669ms] [ERROR] Failed to load resource: net::ERR_CONNECTION_CLOSED @ https://via.placeholder.com/300x200?text=No+Image:0
[    3767ms] [ERROR] Failed to load resource: net::ERR_CONNECTION_CLOSED @ https://via.placeholder.com/300x200?text=No+Image:0
[    3861ms] [ERROR] Failed to load resource: net::ERR_CONNECTION_CLOSED @ https://via.placeholder.com/300x200?text=No+Image:0
[    3960ms] [ERROR] Failed to load resource: net::ERR_CONNECTION_CLOSED @ https://via.placeholder.com/300x200?text=No+Image:0
[    4054ms] [ERROR] Failed to load resource: net::ERR_CONNECTION_CLOSED @ https://via.placeholder.com/300x200?text=No+Image:0
[    4142ms] [ERROR] Failed to load resource: net::ERR_CONNECTION_CLOSED @ https://via.placeholder.com/300x200?text=No+Image:0
[    4241ms] [ERROR] Failed to load resource: net::ERR_CONNECTION_CLOSED @ https://via.placeholder.com/300x200?text=No+Image:0
[    4337ms] [ERROR] Failed to load resource: net::ERR_CONNECTION_CLOSED @ https://via.placeholder.com/300x200?text=No+Image:0
[    4433ms] [ERROR] Failed to load resource: net::ERR_CONNECTION_CLOSED @ https://via.placeholder.com/300x200?text=No+Image:0
[    4527ms] [ERROR] Failed to load resource: net::ERR_CONNECTION_CLOSED @ https://via.placeholder.com/300x200?text=No+Image:0
[    4622ms] [ERROR] Failed to load resource: net::ERR_CONNECTION_CLOSED @ https://via.placeholder.com/300x200?text=No+Image:0
[    4714ms] [ERROR] Failed to load resource: net::ERR_CONNECTION_CLOSED @ https://via.placeholder.com/300x200?text=No+Image:0
[    4811ms] [ERROR] Failed to load resource: net::ERR_CONNECTION_CLOSED @ https://via.placeholder.com/300x200?text=No+Image:0
[    4908ms] [ERROR] Failed to load resource: net::ERR_CONNECTION_CLOSED @ https://via.placeholder.com/300x200?text=No+Image:0
[    5000ms] [ERROR] Failed to load resource: net::ERR_CONNECTION_CLOSED @ https://via.placeholder.com/300x200?text=No+Image:0
[    5099ms] [ERROR] Failed to load resource: net::ERR_CONNECTION_CLOSED @ https://via.placeholder.com/300x200?text=No+Image:0
[    5193ms] [ERROR] Failed to load resource: net::ERR_CONNECTION_CLOSED @ https://via.placeholder.com/300x200?text=No+Image:0
[    5285ms] [ERROR] Failed to load resource: net::ERR_CONNECTION_CLOSED @ https://via.placeholder.com/300x200?text=No+Image:0
[    5394ms] [ERROR] Failed to load resource: net::ERR_CONNECTION_CLOSED @ https://via.placeholder.com/300x200?text=No+Image:0
[    5487ms] [ERROR] Failed to load resource: net::ERR_CONNECTION_CLOSED @ https://via.placeholder.com/300x200?text=No+Image:0
[    5579ms] [ERROR] Failed to load resource: net::ERR_CONNECTION_CLOSED @ https://via.placeholder.com/300x200?text=No+Image:0
[    5673ms] [ERROR] Failed to load resource: net::ERR_CONNECTION_CLOSED @ https://via.placeholder.com/300x200?text=No+Image:0
[    5767ms] [ERROR] Failed to load resource: net::ERR_CONNECTION_CLOSED @ https://via.placeholder.com/300x200?text=No+Image:0
[    5858ms] [ERROR] Failed to load resource: net::ERR_CONNECTION_CLOSED @ https://via.placeholder.com/300x200?text=No+Image:0
[    5955ms] [ERROR] Failed to load resource: net::ERR_CONNECTION_CLOSED @ https://via.placeholder.com/300x200?text=No+Image:0
[    6048ms] [ERROR] Failed to load resource: net::ERR_CONNECTION_CLOSED @ https://via.placeholder.com/300x200?text=No+Image:0
[    6143ms] [ERROR] Failed to load resource: net::ERR_CONNECTION_CLOSED @ https://via.placeholder.com/300x200?text=No+Image:0
[    6241ms] [ERROR] Failed to load resource: net::ERR_CONNECTION_CLOSED @ https://via.placeholder.com/300x200?text=No+Image:0
[    6330ms] [ERROR] Failed to load resource: net::ERR_CONNECTION_CLOSED @ https://via.placeholder.com/300x200?text=No+Image:0
[    6421ms] [ERROR] Failed to load resource: net::ERR_CONNECTION_CLOSED @ https://via.placeholder.com/300x200?text=No+Image:0
[    6521ms] [ERROR] Failed to load resource: net::ERR_CONNECTION_CLOSED @ https://via.placeholder.com/300x200?text=No+Image:0
[    6610ms] [ERROR] Failed to load resource: net::ERR_CONNECTION_CLOSED @ https://via.placeholder.com/300x200?text=No+Image:0
[    6712ms] [ERROR] Failed to load resource: net::ERR_CONNECTION_CLOSED @ https://via.placeholder.com/300x200?text=No+Image:0
[    6809ms] [ERROR] Failed to load resource: net::ERR_CONNECTION_CLOSED @ https://via.placeholder.com/300x200?text=No+Image:0
[    6903ms] [ERROR] Failed to load resource: net::ERR_CONNECTION_CLOSED @ https://via.placeholder.com/300x200?text=No+Image:0
[    6995ms] [ERROR] Failed to load resource: net::ERR_CONNECTION_CLOSED @ https://via.placeholder.com/300x200?text=No+Image:0
[    7088ms] [ERROR] Failed to load resource: net::ERR_CONNECTION_CLOSED @ https://via.placeholder.com/300x200?text=No+Image:0
[    7177ms] [ERROR] Failed to load resource: net::ERR_CONNECTION_CLOSED @ https://via.placeholder.com/300x200?text=No+Image:0
[    7276ms] [ERROR] Failed to load resource: net::ERR_CONNECTION_CLOSED @ https://via.placeholder.com/300x200?text=No+Image:0
[    7371ms] [ERROR] Failed to load resource: net::ERR_CONNECTION_CLOSED @ https://via.placeholder.com/300x200?text=No+Image:0
[    7464ms] [ERROR] Failed to load resource: net::ERR_CONNECTION_CLOSED @ https://via.placeholder.com/300x200?text=No+Image:0
[    7558ms] [ERROR] Failed to load resource: net::ERR_CONNECTION_CLOSED @ https://via.placeholder.com/300x200?text=No+Image:0
[    7648ms] [ERROR] Failed to load resource: net::ERR_CONNECTION_CLOSED @ https://via.placeholder.com/300x200?text=No+Image:0
[    7743ms] [ERROR] Failed to load resource: net::ERR_CONNECTION_CLOSED @ https://via.placeholder.com/300x200?text=No+Image:0
[    7836ms] [ERROR] Failed to load resource: net::ERR_CONNECTION_CLOSED @ https://via.placeholder.com/300x200?text=No+Image:0
[    7929ms] [ERROR] Failed to load resource: net::ERR_CONNECTION_CLOSED @ https://via.placeholder.com/300x200?text=No+Image:0
[    8036ms] [ERROR] Failed to load resource: net::ERR_CONNECTION_CLOSED @ https://via.placeholder.com/300x200?text=No+Image:0
[    8128ms] [ERROR] Failed to load resource: net::ERR_CONNECTION_CLOSED @ https://via.placeholder.com/300x200?text=No+Image:0
[    8222ms] [ERROR] Failed to load resource: net::ERR_CONNECTION_CLOSED @ https://via.placeholder.com/300x200?text=No+Image:0
[    8316ms] [ERROR] Failed to load resource: net::ERR_CONNECTION_CLOSED @ https://via.placeholder.com/300x200?text=No+Image:0
[    8409ms] [ERROR] Failed to load resource: net::ERR_CONNECTION_CLOSED @ https://via.placeholder.com/300x200?text=No+Image:0
[    8501ms] [ERROR] Failed to load resource: net::ERR_CONNECTION_CLOSED @ https://via.placeholder.com/300x200?text=No+Image:0
[    8594ms] [ERROR] Failed to load resource: net::ERR_CONNECTION_CLOSED @ https://via.placeholder.com/300x200?text=No+Image:0
[    8696ms] [ERROR] Failed to load resource: net::ERR_CONNECTION_CLOSED @ https://via.placeholder.com/300x200?text=No+Image:0
[    8796ms] [ERROR] Failed to load resource: net::ERR_CONNECTION_CLOSED @ https://via.placeholder.com/300x200?text=No+Image:0
[    8893ms] [ERROR] Failed to load resource: net::ERR_CONNECTION_CLOSED @ https://via.placeholder.com/300x200?text=No+Image:0
[    8986ms] [ERROR] Failed to load resource: net::ERR_CONNECTION_CLOSED @ https://via.placeholder.com/300x200?text=No+Image:0
[    9082ms] [ERROR] Failed to load resource: net::ERR_CONNECTION_CLOSED @ https://via.placeholder.com/300x200?text=No+Image:0
[    9175ms] [ERROR] Failed to load resource: net::ERR_CONNECTION_CLOSED @ https://via.placeholder.com/300x200?text=No+Image:0
[    9271ms] [ERROR] Failed to load resource: net::ERR_CONNECTION_CLOSED @ https://via.placeholder.com/300x200?text=No+Image:0
[    9366ms] [ERROR] Failed to load resource: net::ERR_CONNECTION_CLOSED @ https://via.placeholder.com/300x200?text=No+Image:0
[    9469ms] [ERROR] Failed to load resource: net::ERR_CONNECTION_CLOSED @ https://via.placeholder.com/300x200?text=No+Image:0
[    9566ms] [ERROR] Failed to load resource: net::ERR_CONNECTION_CLOSED @ https://via.placeholder.com/300x200?text=No+Image:0
[    9661ms] [ERROR] Failed to load resource: net::ERR_CONNECTION_CLOSED @ https://via.placeholder.com/300x200?text=No+Image:0
[    9751ms] [ERROR] Failed to load resource: net::ERR_CONNECTION_CLOSED @ https://via.placeholder.com/300x200?text=No+Image:0
[    9856ms] [ERROR] Failed to load resource: net::ERR_CONNECTION_CLOSED @ https://via.placeholder.com/300x200?text=No+Image:0
[    9956ms] [ERROR] Failed to load resource: net::ERR_CONNECTION_CLOSED @ https://via.placeholder.com/300x200?text=No+Image:0
[   10054ms] [ERROR] Failed to load resource: net::ERR_CONNECTION_CLOSED @ https://via.placeholder.com/300x200?text=No+Image:0
[   10151ms] [ERROR] Failed to load resource: net::ERR_CONNECTION_CLOSED @ https://via.placeholder.com/300x200?text=No+Image:0
[   10255ms] [ERROR] Failed to load resource: net::ERR_CONNECTION_CLOSED @ https://via.placeholder.com/300x200?text=No+Image:0
[   10348ms] [ERROR] Failed to load resource: net::ERR_CONNECTION_CLOSED @ https://via.placeholder.com/300x200?text=No+Image:0
[   10449ms] [ERROR] Failed to load resource: net::ERR_CONNECTION_CLOSED @ https://via.placeholder.com/300x200?text=No+Image:0
[   10541ms] [ERROR] Failed to load resource: net::ERR_CONNECTION_CLOSED @ https://via.placeholder.com/300x200?text=No+Image:0
[   10635ms] [ERROR] Failed to load resource: net::ERR_CONNECTION_CLOSED @ https://via.placeholder.com/300x200?text=No+Image:0
[   10728ms] [ERROR] Failed to load resource: net::ERR_CONNECTION_CLOSED @ https://via.placeholder.com/300x200?text=No+Image:0
[   10824ms] [ERROR] Failed to load resource: net::ERR_CONNECTION_CLOSED @ https://via.placeholder.com/300x200?text=No+Image:0
[   10918ms] [ERROR] Failed to load resource: net::ERR_CONNECTION_CLOSED @ https://via.placeholder.com/300x200?text=No+Image:0
[   11011ms] [ERROR] Failed to load resource: net::ERR_CONNECTION_CLOSED @ https://via.placeholder.com/300x200?text=No+Image:0
[   11111ms] [ERROR] Failed to load resource: net::ERR_CONNECTION_CLOSED @ https://via.placeholder.com/300x200?text=No+Image:0
[   11204ms] [ERROR] Failed to load resource: net::ERR_CONNECTION_CLOSED @ https://via.placeholder.com/300x200?text=No+Image:0
[   11298ms] [ERROR] Failed to load resource: net::ERR_CONNECTION_CLOSED @ https://via.placeholder.com/300x200?text=No+Image:0
[   11402ms] [ERROR] Failed to load resource: net::ERR_CONNECTION_CLOSED @ https://via.placeholder.com/300x200?text=No+Image:0
[   11493ms] [ERROR] Failed to load resource: net::ERR_CONNECTION_CLOSED @ https://via.placeholder.com/300x200?text=No+Image:0
[   11583ms] [ERROR] Failed to load resource: net::ERR_CONNECTION_CLOSED @ https://via.placeholder.com/300x200?text=No+Image:0
[   11681ms] [ERROR] Failed to load resource: net::ERR_CONNECTION_CLOSED @ https://via.placeholder.com/300x200?text=No+Image:0
[   11770ms] [ERROR] Failed to load resource: net::ERR_CONNECTION_CLOSED @ https://via.placeholder.com/300x200?text=No+Image:0
[   11863ms] [ERROR] Failed to load resource: net::ERR_CONNECTION_CLOSED @ https://via.placeholder.com/300x200?text=No+Image:0
[   11965ms] [ERROR] Failed to load resource: net::ERR_CONNECTION_CLOSED @ https://via.placeholder.com/300x200?text=No+Image:0
[   12060ms] [ERROR] Failed to load resource: net::ERR_CONNECTION_CLOSED @ https://via.placeholder.com/300x200?text=No+Image:0
[   12152ms] [ERROR] Failed to load resource: net::ERR_CONNECTION_CLOSED @ https://via.placeholder.com/300x200?text=No+Image:0
[   12249ms] [ERROR] Failed to load resource: net::ERR_CONNECTION_CLOSED @ https://via.placeholder.com/300x200?text=No+Image:0
[   12346ms] [ERROR] Failed to load resource: net::ERR_CONNECTION_CLOSED @ https://via.placeholder.com/300x200?text=No+Image:0
[   12445ms] [ERROR] Failed to load resource: net::ERR_CONNECTION_CLOSED @ https://via.placeholder.com/300x200?text=No+Image:0
[   12541ms] [ERROR] Failed to load resource: net::ERR_CONNECTION_CLOSED @ https://via.placeholder.com/300x200?text=No+Image:0
[   12632ms] [ERROR] Failed to load resource: net::ERR_CONNECTION_CLOSED @ https://via.placeholder.com/300x200?text=No+Image:0
[   12726ms] [ERROR] Failed to load resource: net::ERR_CONNECTION_CLOSED @ https://via.placeholder.com/300x200?text=No+Image:0
[   12818ms] [ERROR] Failed to load resource: net::ERR_CONNECTION_CLOSED @ https://via.placeholder.com/300x200?text=No+Image:0
[   12915ms] [ERROR] Failed to load resource: net::ERR_CONNECTION_CLOSED @ https://via.placeholder.com/300x200?text=No+Image:0
[   13012ms] [ERROR] Failed to load resource: net::ERR_CONNECTION_CLOSED @ https://via.placeholder.com/300x200?text=No+Image:0
[   13103ms] [ERROR] Failed to load resource: net::ERR_CONNECTION_CLOSED @ https://via.placeholder.com/300x200?text=No+Image:0
[   13195ms] [ERROR] Failed to load resource: net::ERR_CONNECTION_CLOSED @ https://via.placeholder.com/300x200?text=No+Image:0
[   13289ms] [ERROR] Failed to load resource: net::ERR_CONNECTION_CLOSED @ https://via.placeholder.com/300x200?text=No+Image:0
[   13380ms] [ERROR] Failed to load resource: net::ERR_CONNECTION_CLOSED @ https://via.placeholder.com/300x200?text=No+Image:0
[   13469ms] [ERROR] Failed to load resource: net::ERR_CONNECTION_CLOSED @ https://via.placeholder.com/300x200?text=No+Image:0
[   13571ms] [ERROR] Failed to load resource: net::ERR_CONNECTION_CLOSED @ https://via.placeholder.com/300x200?text=No+Image:0
[   13666ms] [ERROR] Failed to load resource: net::ERR_CONNECTION_CLOSED @ https://via.placeholder.com/300x200?text=No+Image:0
[   13758ms] [ERROR] Failed to load resource: net::ERR_CONNECTION_CLOSED @ https://via.placeholder.com/300x200?text=No+Image:0
[   13847ms] [ERROR] Failed to load resource: net::ERR_CONNECTION_CLOSED @ https://via.placeholder.com/300x200?text=No+Image:0
[   13945ms] [ERROR] Failed to load resource: net::ERR_CONNECTION_CLOSED @ https://via.placeholder.com/300x200?text=No+Image:0
[   14043ms] [ERROR] Failed to load resource: net::ERR_CONNECTION_CLOSED @ https://via.placeholder.com/300x200?text=No+Image:0
[   14141ms] [ERROR] Failed to load resource: net::ERR_CONNECTION_CLOSED @ https://via.placeholder.com/300x200?text=No+Image:0
[   14240ms] [ERROR] Failed to load resource: net::ERR_CONNECTION_CLOSED @ https://via.placeholder.com/300x200?text=No+Image:0
[   14339ms] [ERROR] Failed to load resource: net::ERR_CONNECTION_CLOSED @ https://via.placeholder.com/300x200?text=No+Image:0
[   14442ms] [ERROR] Failed to load resource: net::ERR_CONNECTION_CLOSED @ https://via.placeholder.com/300x200?text=No+Image:0
[   14535ms] [ERROR] Failed to load resource: net::ERR_CONNECTION_CLOSED @ https://via.placeholder.com/300x200?text=No+Image:0
[   14629ms] [ERROR] Failed to load resource: net::ERR_CONNECTION_CLOSED @ https://via.placeholder.com/300x200?text=No+Image:0
[   14722ms] [ERROR] Failed to load resource: net::ERR_CONNECTION_CLOSED @ https://via.placeholder.com/300x200?text=No+Image:0
[   14823ms] [ERROR] Failed to load resource: net::ERR_CONNECTION_CLOSED @ https://via.placeholder.com/300x200?text=No+Image:0
[   14931ms] [ERROR] Failed to load resource: net::ERR_CONNECTION_CLOSED @ https://via.placeholder.com/300x200?text=No+Image:0
[   15026ms] [ERROR] Failed to load resource: net::ERR_CONNECTION_CLOSED @ https://via.placeholder.com/300x200?text=No+Image:0
[   15134ms] [ERROR] Failed to load resource: net::ERR_CONNECTION_CLOSED @ https://via.placeholder.com/300x200?text=No+Image:0
[   15224ms] [ERROR] Failed to load resource: net::ERR_CONNECTION_CLOSED @ https://via.placeholder.com/300x200?text=No+Image:0
[   15320ms] [ERROR] Failed to load resource: net::ERR_CONNECTION_CLOSED @ https://via.placeholder.com/300x200?text=No+Image:0
[   15423ms] [ERROR] Failed to load resource: net::ERR_CONNECTION_CLOSED @ https://via.placeholder.com/300x200?text=No+Image:0
[   15513ms] [ERROR] Failed to load resource: net::ERR_CONNECTION_CLOSED @ https://via.placeholder.com/300x200?text=No+Image:0
[   15607ms] [ERROR] Failed to load resource: net::ERR_CONNECTION_CLOSED @ https://via.placeholder.com/300x200?text=No+Image:0
[   15701ms] [ERROR] Failed to load resource: net::ERR_CONNECTION_CLOSED @ https://via.placeholder.com/300x200?text=No+Image:0
[   15797ms] [ERROR] Failed to load resource: net::ERR_CONNECTION_CLOSED @ https://via.placeholder.com/300x200?text=No+Image:0
[   15890ms] [ERROR] Failed to load resource: net::ERR_CONNECTION_CLOSED @ https://via.placeholder.com/300x200?text=No+Image:0
[   15989ms] [ERROR] Failed to load resource: net::ERR_CONNECTION_CLOSED @ https://via.placeholder.com/300x200?text=No+Image:0
[   16083ms] [ERROR] Failed to load resource: net::ERR_CONNECTION_CLOSED @ https://via.placeholder.com/300x200?text=No+Image:0
[   16172ms] [ERROR] Failed to load resource: net::ERR_CONNECTION_CLOSED @ https://via.placeholder.com/300x200?text=No+Image:0
[   16273ms] [ERROR] Failed to load resource: net::ERR_CONNECTION_CLOSED @ https://via.placeholder.com/300x200?text=No+Image:0
[   16367ms] [ERROR] Failed to load resource: net::ERR_CONNECTION_CLOSED @ https://via.placeholder.com/300x200?text=No+Image:0
[   16464ms] [ERROR] Failed to load resource: net::ERR_CONNECTION_CLOSED @ https://via.placeholder.com/300x200?text=No+Image:0
[   16557ms] [ERROR] Failed to load resource: net::ERR_CONNECTION_CLOSED @ https://via.placeholder.com/300x200?text=No+Image:0
[   16651ms] [ERROR] Failed to load resource: net::ERR_CONNECTION_CLOSED @ https://via.placeholder.com/300x200?text=No+Image:0
[   16740ms] [ERROR] Failed to load resource: net::ERR_CONNECTION_CLOSED @ https://via.placeholder.com/300x200?text=No+Image:0
[   16831ms] [ERROR] Failed to load resource: net::ERR_CONNECTION_CLOSED @ https://via.placeholder.com/300x200?text=No+Image:0
[   16924ms] [ERROR] Failed to load resource: net::ERR_CONNECTION_CLOSED @ https://via.placeholder.com/300x200?text=No+Image:0
[   17013ms] [ERROR] Failed to load resource: net::ERR_CONNECTION_CLOSED @ https://via.placeholder.com/300x200?text=No+Image:0
[   17106ms] [ERROR] Failed to load resource: net::ERR_CONNECTION_CLOSED @ https://via.placeholder.com/300x200?text=No+Image:0
[   17202ms] [ERROR] Failed to load resource: net::ERR_CONNECTION_CLOSED @ https://via.placeholder.com/300x200?text=No+Image:0
[   17291ms] [ERROR] Failed to load resource: net::ERR_CONNECTION_CLOSED @ https://via.placeholder.com/300x200?text=No+Image:0
[   17384ms] [ERROR] Failed to load resource: net::ERR_CONNECTION_CLOSED @ https://via.placeholder.com/300x200?text=No+Image:0
[   17476ms] [ERROR] Failed to load resource: net::ERR_CONNECTION_CLOSED @ https://via.placeholder.com/300x200?text=No+Image:0
[   17569ms] [ERROR] Failed to load resource: net::ERR_CONNECTION_CLOSED @ https://via.placeholder.com/300x200?text=No+Image:0
[   17667ms] [ERROR] Failed to load resource: net::ERR_CONNECTION_CLOSED @ https://via.placeholder.com/300x200?text=No+Image:0
[   17763ms] [ERROR] Failed to load resource: net::ERR_CONNECTION_CLOSED @ https://via.placeholder.com/300x200?text=No+Image:0
[   17856ms] [ERROR] Failed to load resource: net::ERR_CONNECTION_CLOSED @ https://via.placeholder.com/300x200?text=No+Image:0
[   17948ms] [ERROR] Failed to load resource: net::ERR_CONNECTION_CLOSED @ https://via.placeholder.com/300x200?text=No+Image:0
[   18041ms] [ERROR] Failed to load resource: net::ERR_CONNECTION_CLOSED @ https://via.placeholder.com/300x200?text=No+Image:0
[   18142ms] [ERROR] Failed to load resource: net::ERR_CONNECTION_CLOSED @ https://via.placeholder.com/300x200?text=No+Image:0
[   18232ms] TypeError: route.handler is not a function
    at App.handleRouting (http://localhost:3000/src/App.js:22:13)
    at http://localhost:3000/src/App.js:12:54
[   18232ms] [ERROR] Failed to load resource: net::ERR_CONNECTION_CLOSED @ https://via.placeholder.com/300x200?text=No+Image:0
[   18332ms] [ERROR] Failed to load resource: net::ERR_CONNECTION_CLOSED @ https://via.placeholder.com/300x200?text=No+Image:0
[   18442ms] [ERROR] Failed to load resource: net::ERR_CONNECTION_CLOSED @ https://via.placeholder.com/300x200?text=No+Image:0
[   18535ms] [ERROR] Failed to load resource: net::ERR_CONNECTION_CLOSED @ https://via.placeholder.com/300x200?text=No+Image:0
[   18629ms] [ERROR] Failed to load resource: net::ERR_CONNECTION_CLOSED @ https://via.placeholder.com/300x200?text=No+Image:0
[   18742ms] [ERROR] Failed to load resource: net::ERR_CONNECTION_CLOSED @ https://via.placeholder.com/300x200?text=No+Image:0
[   18834ms] [ERROR] Failed to load resource: net::ERR_CONNECTION_CLOSED @ https://via.placeholder.com/300x200?text=No+Image:0
[   18939ms] [ERROR] Failed to load resource: net::ERR_CONNECTION_CLOSED @ https://via.placeholder.com/300x200?text=No+Image:0
[   19040ms] [ERROR] Failed to load resource: net::ERR_CONNECTION_CLOSED @ https://via.placeholder.com/300x200?text=No+Image:0
[   19148ms] [ERROR] Failed to load resource: net::ERR_CONNECTION_CLOSED @ https://via.placeholder.com/300x200?text=No+Image:0
[   19244ms] [ERROR] Failed to load resource: net::ERR_CONNECTION_CLOSED @ https://via.placeholder.com/300x200?text=No+Image:0
[   19334ms] [ERROR] Failed to load resource: net::ERR_CONNECTION_CLOSED @ https://via.placeholder.com/300x200?text=No+Image:0
[   19428ms] [ERROR] Failed to load resource: net::ERR_CONNECTION_CLOSED @ https://via.placeholder.com/300x200?text=No+Image:0
[   19517ms] [ERROR] Failed to load resource: net::ERR_CONNECTION_CLOSED @ https://via.placeholder.com/300x200?text=No+Image:0
[   19607ms] [ERROR] Failed to load resource: net::ERR_CONNECTION_CLOSED @ https://via.placeholder.com/300x200?text=No+Image:0
[   19703ms] [ERROR] Failed to load resource: net::ERR_CONNECTION_CLOSED @ https://via.placeholder.com/300x200?text=No+Image:0
[   19796ms] [ERROR] Failed to load resource: net::ERR_CONNECTION_CLOSED @ https://via.placeholder.com/300x200?text=No+Image:0
[   19904ms] [ERROR] Failed to load resource: net::ERR_CONNECTION_CLOSED @ https://via.placeholder.com/300x200?text=No+Image:0
[   20005ms] [ERROR] Failed to load resource: net::ERR_CONNECTION_CLOSED @ https://via.placeholder.com/300x200?text=No+Image:0
[   20098ms] [ERROR] Failed to load resource: net::ERR_CONNECTION_CLOSED @ https://via.placeholder.com/300x200?text=No+Image:0
[   20197ms] [ERROR] Failed to load resource: net::ERR_CONNECTION_CLOSED @ https://via.placeholder.com/300x200?text=No+Image:0
[   20285ms] [ERROR] Failed to load resource: net::ERR_CONNECTION_CLOSED @ https://via.placeholder.com/300x200?text=No+Image:0
[   20377ms] [ERROR] Failed to load resource: net::ERR_CONNECTION_CLOSED @ https://via.placeholder.com/300x200?text=No+Image:0
[   20479ms] [ERROR] Failed to load resource: net::ERR_CONNECTION_CLOSED @ https://via.placeholder.com/300x200?text=No+Image:0
[   20573ms] [ERROR] Failed to load resource: net::ERR_CONNECTION_CLOSED @ https://via.placeholder.com/300x200?text=No+Image:0
[   20670ms] [ERROR] Failed to load resource: net::ERR_CONNECTION_CLOSED @ https://via.placeholder.com/300x200?text=No+Image:0
[   20787ms] [ERROR] Failed to load resource: net::ERR_CONNECTION_CLOSED @ https://via.placeholder.com/300x200?text=No+Image:0
[   20881ms] [ERROR] Failed to load resource: net::ERR_CONNECTION_CLOSED @ https://via.placeholder.com/300x200?text=No+Image:0
[   20970ms] [ERROR] Failed to load resource: net::ERR_CONNECTION_CLOSED @ https://via.placeholder.com/300x200?text=No+Image:0
[   21067ms] [ERROR] Failed to load resource: net::ERR_CONNECTION_CLOSED @ https://via.placeholder.com/300x200?text=No+Image:0
[   21175ms] [ERROR] Failed to load resource: net::ERR_CONNECTION_CLOSED @ https://via.placeholder.com/300x200?text=No+Image:0
[   21266ms] [ERROR] Failed to load resource: net::ERR_CONNECTION_CLOSED @ https://via.placeholder.com/300x200?text=No+Image:0
[   21357ms] [ERROR] Failed to load resource: net::ERR_CONNECTION_CLOSED @ https://via.placeholder.com/300x200?text=No+Image:0
[   21455ms] [ERROR] Failed to load resource: net::ERR_CONNECTION_CLOSED @ https://via.placeholder.com/300x200?text=No+Image:0
[   21551ms] [ERROR] Failed to load resource: net::ERR_CONNECTION_CLOSED @ https://via.placeholder.com/300x200?text=No+Image:0
[   21639ms] [ERROR] Failed to load resource: net::ERR_CONNECTION_CLOSED @ https://via.placeholder.com/300x200?text=No+Image:0
[   21732ms] [ERROR] Failed to load resource: net::ERR_CONNECTION_CLOSED @ https://via.placeholder.com/300x200?text=No+Image:0
[   21827ms] [ERROR] Failed to load resource: net::ERR_CONNECTION_CLOSED @ https://via.placeholder.com/300x200?text=No+Image:0
[   21925ms] [ERROR] Failed to load resource: net::ERR_CONNECTION_CLOSED @ https://via.placeholder.com/300x200?text=No+Image:0
[   22039ms] [ERROR] Failed to load resource: net::ERR_CONNECTION_CLOSED @ https://via.placeholder.com/300x200?text=No+Image:0
[   22127ms] [ERROR] Failed to load resource: net::ERR_CONNECTION_CLOSED @ https://via.placeholder.com/300x200?text=No+Image:0
[   22230ms] [ERROR] Failed to load resource: net::ERR_CONNECTION_CLOSED @ https://via.placeholder.com/300x200?text=No+Image:0
[   22324ms] [ERROR] Failed to load resource: net::ERR_CONNECTION_CLOSED @ https://via.placeholder.com/300x200?text=No+Image:0
[   22426ms] [ERROR] Failed to load resource: net::ERR_CONNECTION_CLOSED @ https://via.placeholder.com/300x200?text=No+Image:0
[   22521ms] [ERROR] Failed to load resource: net::ERR_CONNECTION_CLOSED @ https://via.placeholder.com/300x200?text=No+Image:0
[   22618ms] [ERROR] Failed to load resource: net::ERR_CONNECTION_CLOSED @ https://via.placeholder.com/300x200?text=No+Image:0
[   22710ms] [ERROR] Failed to load resource: net::ERR_CONNECTION_CLOSED @ https://via.placeholder.com/300x200?text=No+Image:0
[   22813ms] [ERROR] Failed to load resource: net::ERR_CONNECTION_CLOSED @ https://via.placeholder.com/300x200?text=No+Image:0
[   22917ms] [ERROR] Failed to load resource: net::ERR_CONNECTION_CLOSED @ https://via.placeholder.com/300x200?text=No+Image:0
[   23008ms] [ERROR] Failed to load resource: net::ERR_CONNECTION_CLOSED @ https://via.placeholder.com/300x200?text=No+Image:0
[   23100ms] [ERROR] Failed to load resource: net::ERR_CONNECTION_CLOSED @ https://via.placeholder.com/300x200?text=No+Image:0
[   23194ms] [ERROR] Failed to load resource: net::ERR_CONNECTION_CLOSED @ https://via.placeholder.com/300x200?text=No+Image:0
[   23282ms] [ERROR] Failed to load resource: net::ERR_CONNECTION_CLOSED @ https://via.placeholder.com/300x200?text=No+Image:0
[   23376ms] [ERROR] Failed to load resource: net::ERR_CONNECTION_CLOSED @ https://via.placeholder.com/300x200?text=No+Image:0
[   23475ms] [ERROR] Failed to load resource: net::ERR_CONNECTION_CLOSED @ https://via.placeholder.com/300x200?text=No+Image:0
[   23567ms] [ERROR] Failed to load resource: net::ERR_CONNECTION_CLOSED @ https://via.placeholder.com/300x200?text=No+Image:0
[   23657ms] [ERROR] Failed to load resource: net::ERR_CONNECTION_CLOSED @ https://via.placeholder.com/300x200?text=No+Image:0
[   23749ms] [ERROR] Failed to load resource: net::ERR_CONNECTION_CLOSED @ https://via.placeholder.com/300x200?text=No+Image:0
[   23842ms] [ERROR] Failed to load resource: net::ERR_CONNECTION_CLOSED @ https://via.placeholder.com/300x200?text=No+Image:0
[   23934ms] [ERROR] Failed to load resource: net::ERR_CONNECTION_CLOSED @ https://via.placeholder.com/300x200?text=No+Image:0
[   24026ms] [ERROR] Failed to load resource: net::ERR_CONNECTION_CLOSED @ https://via.placeholder.com/300x200?text=No+Image:0
[   24115ms] [ERROR] Failed to load resource: net::ERR_CONNECTION_CLOSED @ https://via.placeholder.com/300x200?text=No+Image:0
[   24217ms] [ERROR] Failed to load resource: net::ERR_CONNECTION_CLOSED @ https://via.placeholder.com/300x200?text=No+Image:0
[   24311ms] [ERROR] Failed to load resource: net::ERR_CONNECTION_CLOSED @ https://via.placeholder.com/300x200?text=No+Image:0
[   24411ms] [ERROR] Failed to load resource: net::ERR_CONNECTION_CLOSED @ https://via.placeholder.com/300x200?text=No+Image:0
[   24502ms] [ERROR] Failed to load resource: net::ERR_CONNECTION_CLOSED @ https://via.placeholder.com/300x200?text=No+Image:0
[   24598ms] [ERROR] Failed to load resource: net::ERR_CONNECTION_CLOSED @ https://via.placeholder.com/300x200?text=No+Image:0
[   24687ms] [ERROR] Failed to load resource: net::ERR_CONNECTION_CLOSED @ https://via.placeholder.com/300x200?text=No+Image:0
[   24779ms] [ERROR] Failed to load resource: net::ERR_CONNECTION_CLOSED @ https://via.placeholder.com/300x200?text=No+Image:0
[   24873ms] [ERROR] Failed to load resource: net::ERR_CONNECTION_CLOSED @ https://via.placeholder.com/300x200?text=No+Image:0
[   24978ms] [ERROR] Failed to load resource: net::ERR_CONNECTION_CLOSED @ https://via.placeholder.com/300x200?text=No+Image:0
[   25073ms] [ERROR] Failed to load resource: net::ERR_CONNECTION_CLOSED @ https://via.placeholder.com/300x200?text=No+Image:0
[   25163ms] [ERROR] Failed to load resource: net::ERR_CONNECTION_CLOSED @ https://via.placeholder.com/300x200?text=No+Image:0
[   25258ms] [ERROR] Failed to load resource: net::ERR_CONNECTION_CLOSED @ https://via.placeholder.com/300x200?text=No+Image:0
[   25349ms] [ERROR] Failed to load resource: net::ERR_CONNECTION_CLOSED @ https://via.placeholder.com/300x200?text=No+Image:0
[   25445ms] [ERROR] Failed to load resource: net::ERR_CONNECTION_CLOSED @ https://via.placeholder.com/300x200?text=No+Image:0
[   25546ms] [ERROR] Failed to load resource: net::ERR_CONNECTION_CLOSED @ https://via.placeholder.com/300x200?text=No+Image:0
[   25640ms] [ERROR] Failed to load resource: net::ERR_CONNECTION_CLOSED @ https://via.placeholder.com/300x200?text=No+Image:0
[   25734ms] [ERROR] Failed to load resource: net::ERR_CONNECTION_CLOSED @ https://via.placeholder.com/300x200?text=No+Image:0
[   25831ms] [ERROR] Failed to load resource: net::ERR_CONNECTION_CLOSED @ https://via.placeholder.com/300x200?text=No+Image:0
[   25928ms] [ERROR] Failed to load resource: net::ERR_CONNECTION_CLOSED @ https://via.placeholder.com/300x200?text=No+Image:0
[   26020ms] [ERROR] Failed to load resource: net::ERR_CONNECTION_CLOSED @ https://via.placeholder.com/300x200?text=No+Image:0
[   26115ms] [ERROR] Failed to load resource: net::ERR_CONNECTION_CLOSED @ https://via.placeholder.com/300x200?text=No+Image:0
[   26211ms] [ERROR] Failed to load resource: net::ERR_CONNECTION_CLOSED @ https://via.placeholder.com/300x200?text=No+Image:0
[   26301ms] [ERROR] Failed to load resource: net::ERR_CONNECTION_CLOSED @ https://via.placeholder.com/300x200?text=No+Image:0
[   26401ms] [ERROR] Failed to load resource: net::ERR_CONNECTION_CLOSED @ https://via.placeholder.com/300x200?text=No+Image:0
[   26503ms] [ERROR] Failed to load resource: net::ERR_CONNECTION_CLOSED @ https://via.placeholder.com/300x200?text=No+Image:0
[   26598ms] [ERROR] Failed to load resource: net::ERR_CONNECTION_CLOSED @ https://via.placeholder.com/300x200?text=No+Image:0
[   26694ms] [ERROR] Failed to load resource: net::ERR_CONNECTION_CLOSED @ https://via.placeholder.com/300x200?text=No+Image:0
[   26788ms] [ERROR] Failed to load resource: net::ERR_CONNECTION_CLOSED @ https://via.placeholder.com/300x200?text=No+Image:0
[   26887ms] [ERROR] Failed to load resource: net::ERR_CONNECTION_CLOSED @ https://via.placeholder.com/300x200?text=No+Image:0
[   26991ms] [ERROR] Failed to load resource: net::ERR_CONNECTION_CLOSED @ https://via.placeholder.com/300x200?text=No+Image:0
[   27101ms] [ERROR] Failed to load resource: net::ERR_CONNECTION_CLOSED @ https://via.placeholder.com/300x200?text=No+Image:0
[   27196ms] [ERROR] Failed to load resource: net::ERR_CONNECTION_CLOSED @ https://via.placeholder.com/300x200?text=No+Image:0
[   27295ms] [ERROR] Failed to load resource: net::ERR_CONNECTION_CLOSED @ https://via.placeholder.com/300x200?text=No+Image:0
[   27394ms] [ERROR] Failed to load resource: net::ERR_CONNECTION_CLOSED @ https://via.placeholder.com/300x200?text=No+Image:0
[   27484ms] [ERROR] Failed to load resource: net::ERR_CONNECTION_CLOSED @ https://via.placeholder.com/300x200?text=No+Image:0
[   27584ms] [ERROR] Failed to load resource: net::ERR_CONNECTION_CLOSED @ https://via.placeholder.com/300x200?text=No+Image:0
[   27691ms] [ERROR] Failed to load resource: net::ERR_CONNECTION_CLOSED @ https://via.placeholder.com/300x200?text=No+Image:0
[   27787ms] [ERROR] Failed to load resource: net::ERR_CONNECTION_CLOSED @ https://via.placeholder.com/300x200?text=No+Image:0
[   27883ms] [ERROR] Failed to load resource: net::ERR_CONNECTION_CLOSED @ https://via.placeholder.com/300x200?text=No+Image:0
[   27981ms] [ERROR] Failed to load resource: net::ERR_CONNECTION_CLOSED @ https://via.placeholder.com/300x200?text=No+Image:0
[   28072ms] [ERROR] Failed to load resource: net::ERR_CONNECTION_CLOSED @ https://via.placeholder.com/300x200?text=No+Image:0
[   28165ms] [ERROR] Failed to load resource: net::ERR_CONNECTION_CLOSED @ https://via.placeholder.com/300x200?text=No+Image:0
[   28257ms] [ERROR] Failed to load resource: net::ERR_CONNECTION_CLOSED @ https://via.placeholder.com/300x200?text=No+Image:0
[   28353ms] [ERROR] Failed to load resource: net::ERR_CONNECTION_CLOSED @ https://via.placeholder.com/300x200?text=No+Image:0
[   28454ms] [ERROR] Failed to load resource: net::ERR_CONNECTION_CLOSED @ https://via.placeholder.com/300x200?text=No+Image:0
[   28550ms] [ERROR] Failed to load resource: net::ERR_CONNECTION_CLOSED @ https://via.placeholder.com/300x200?text=No+Image:0
[   28644ms] [ERROR] Failed to load resource: net::ERR_CONNECTION_CLOSED @ https://via.placeholder.com/300x200?text=No+Image:0
[   28736ms] [ERROR] Failed to load resource: net::ERR_CONNECTION_CLOSED @ https://via.placeholder.com/300x200?text=No+Image:0
[   28825ms] [ERROR] Failed to load resource: net::ERR_CONNECTION_CLOSED @ https://via.placeholder.com/300x200?text=No+Image:0
[   28933ms] [ERROR] Failed to load resource: net::ERR_CONNECTION_CLOSED @ https://via.placeholder.com/300x200?text=No+Image:0
[   29031ms] [ERROR] Failed to load resource: net::ERR_CONNECTION_CLOSED @ https://via.placeholder.com/300x200?text=No+Image:0
[   29136ms] [ERROR] Failed to load resource: net::ERR_CONNECTION_CLOSED @ https://via.placeholder.com/300x200?text=No+Image:0
[   29231ms] [ERROR] Failed to load resource: net::ERR_CONNECTION_CLOSED @ https://via.placeholder.com/300x200?text=No+Image:0
[   29324ms] [ERROR] Failed to load resource: net::ERR_CONNECTION_CLOSED @ https://via.placeholder.com/300x200?text=No+Image:0
[   29439ms] [ERROR] Failed to load resource: net::ERR_CONNECTION_CLOSED @ https://via.placeholder.com/300x200?text=No+Image:0
[   29541ms] [ERROR] Failed to load resource: net::ERR_CONNECTION_CLOSED @ https://via.placeholder.com/300x200?text=No+Image:0
[   29638ms] [ERROR] Failed to load resource: net::ERR_CONNECTION_CLOSED @ https://via.placeholder.com/300x200?text=No+Image:0
[   29733ms] [ERROR] Failed to load resource: net::ERR_CONNECTION_CLOSED @ https://via.placeholder.com/300x200?text=No+Image:0
[   29830ms] [ERROR] Failed to load resource: net::ERR_CONNECTION_CLOSED @ https://via.placeholder.com/300x200?text=No+Image:0
[   29947ms] [ERROR] Failed to load resource: net::ERR_CONNECTION_CLOSED @ https://via.placeholder.com/300x200?text=No+Image:0
[   30046ms] [ERROR] Failed to load resource: net::ERR_CONNECTION_CLOSED @ https://via.placeholder.com/300x200?text=No+Image:0
[   30141ms] [ERROR] Failed to load resource: net::ERR_CONNECTION_CLOSED @ https://via.placeholder.com/300x200?text=No+Image:0
[   30234ms] [ERROR] Failed to load resource: net::ERR_CONNECTION_CLOSED @ https://via.placeholder.com/300x200?text=No+Image:0
[   30332ms] [ERROR] Failed to load resource: net::ERR_CONNECTION_CLOSED @ https://via.placeholder.com/300x200?text=No+Image:0
[   30423ms] [ERROR] Failed to load resource: net::ERR_CONNECTION_CLOSED @ https://via.placeholder.com/300x200?text=No+Image:0
[   30516ms] [ERROR] Failed to load resource: net::ERR_CONNECTION_CLOSED @ https://via.placeholder.com/300x200?text=No+Image:0
[   30615ms] [ERROR] Failed to load resource: net::ERR_CONNECTION_CLOSED @ https://via.placeholder.com/300x200?text=No+Image:0
[   30716ms] [ERROR] Failed to load resource: net::ERR_CONNECTION_CLOSED @ https://via.placeholder.com/300x200?text=No+Image:0
[   30822ms] [ERROR] Failed to load resource: net::ERR_CONNECTION_CLOSED @ https://via.placeholder.com/300x200?text=No+Image:0
[   30924ms] [ERROR] Failed to load resource: net::ERR_CONNECTION_CLOSED @ https://via.placeholder.com/300x200?text=No+Image:0
[   31041ms] [ERROR] Failed to load resource: net::ERR_CONNECTION_CLOSED @ https://via.placeholder.com/300x200?text=No+Image:0
[   31134ms] [ERROR] Failed to load resource: net::ERR_CONNECTION_CLOSED @ https://via.placeholder.com/300x200?text=No+Image:0
[   31239ms] [ERROR] Failed to load resource: net::ERR_CONNECTION_CLOSED @ https://via.placeholder.com/300x200?text=No+Image:0
[   31346ms] [ERROR] Failed to load resource: net::ERR_CONNECTION_CLOSED @ https://via.placeholder.com/300x200?text=No+Image:0
[   31448ms] [ERROR] Failed to load resource: net::ERR_CONNECTION_CLOSED @ https://via.placeholder.com/300x200?text=No+Image:0
[   31545ms] [ERROR] Failed to load resource: net::ERR_CONNECTION_CLOSED @ https://via.placeholder.com/300x200?text=No+Image:0
[   31647ms] [ERROR] Failed to load resource: net::ERR_CONNECTION_CLOSED @ https://via.placeholder.com/300x200?text=No+Image:0
[   31739ms] [ERROR] Failed to load resource: net::ERR_CONNECTION_CLOSED @ https://via.placeholder.com/300x200?text=No+Image:0
[   31830ms] [ERROR] Failed to load resource: net::ERR_CONNECTION_CLOSED @ https://via.placeholder.com/300x200?text=No+Image:0
[   31925ms] [ERROR] Failed to load resource: net::ERR_CONNECTION_CLOSED @ https://via.placeholder.com/300x200?text=No+Image:0
[   32014ms] [ERROR] Failed to load resource: net::ERR_CONNECTION_CLOSED @ https://via.placeholder.com/300x200?text=No+Image:0
[   32106ms] [ERROR] Failed to load resource: net::ERR_CONNECTION_CLOSED @ https://via.placeholder.com/300x200?text=No+Image:0
[   32202ms] [ERROR] Failed to load resource: net::ERR_CONNECTION_CLOSED @ https://via.placeholder.com/300x200?text=No+Image:0
[   32304ms] [ERROR] Failed to load resource: net::ERR_CONNECTION_CLOSED @ https://via.placeholder.com/300x200?text=No+Image:0
[   32410ms] [ERROR] Failed to load resource: net::ERR_CONNECTION_CLOSED @ https://via.placeholder.com/300x200?text=No+Image:0
[   32622ms] [ERROR] Failed to load resource: net::ERR_CONNECTION_CLOSED @ https://via.placeholder.com/300x200?text=No+Image:0
[   32722ms] [ERROR] Failed to load resource: net::ERR_CONNECTION_CLOSED @ https://via.placeholder.com/300x200?text=No+Image:0
[   32822ms] [ERROR] Failed to load resource: net::ERR_CONNECTION_CLOSED @ https://via.placeholder.com/300x200?text=No+Image:0
[   32919ms] [ERROR] Failed to load resource: net::ERR_CONNECTION_CLOSED @ https://via.placeholder.com/300x200?text=No+Image:0
[   33022ms] [ERROR] Failed to load resource: net::ERR_CONNECTION_CLOSED @ https://via.placeholder.com/300x200?text=No+Image:0
[   33114ms] [ERROR] Failed to load resource: net::ERR_CONNECTION_CLOSED @ https://via.placeholder.com/300x200?text=No+Image:0
[   33302ms] [ERROR] Failed to load resource: net::ERR_CONNECTION_CLOSED @ https://via.placeholder.com/300x200?text=No+Image:0
[   33398ms] [ERROR] Failed to load resource: net::ERR_CONNECTION_CLOSED @ https://via.placeholder.com/300x200?text=No+Image:0
[   33504ms] [ERROR] Failed to load resource: net::ERR_CONNECTION_CLOSED @ https://via.placeholder.com/300x200?text=No+Image:0
[   33609ms] [ERROR] Failed to load resource: net::ERR_CONNECTION_CLOSED @ https://via.placeholder.com/300x200?text=No+Image:0
[   33699ms] [ERROR] Failed to load resource: net::ERR_CONNECTION_CLOSED @ https://via.placeholder.com/300x200?text=No+Image:0
[   33793ms] [ERROR] Failed to load resource: net::ERR_CONNECTION_CLOSED @ https://via.placeholder.com/300x200?text=No+Image:0
[   33884ms] [ERROR] Failed to load resource: net::ERR_CONNECTION_CLOSED @ https://via.placeholder.com/300x200?text=No+Image:0
[   33994ms] [ERROR] Failed to load resource: net::ERR_CONNECTION_CLOSED @ https://via.placeholder.com/300x200?text=No+Image:0
[   34089ms] [ERROR] Failed to load resource: net::ERR_CONNECTION_CLOSED @ https://via.placeholder.com/300x200?text=No+Image:0
[   34183ms] [ERROR] Failed to load resource: net::ERR_CONNECTION_CLOSED @ https://via.placeholder.com/300x200?text=No+Image:0
[   34277ms] [ERROR] Failed to load resource: net::ERR_CONNECTION_CLOSED @ https://via.placeholder.com/300x200?text=No+Image:0
[   34373ms] [ERROR] Failed to load resource: net::ERR_CONNECTION_CLOSED @ https://via.placeholder.com/300x200?text=No+Image:0
[   34466ms] [ERROR] Failed to load resource: net::ERR_CONNECTION_CLOSED @ https://via.placeholder.com/300x200?text=No+Image:0
[   34560ms] [ERROR] Failed to load resource: net::ERR_CONNECTION_CLOSED @ https://via.placeholder.com/300x200?text=No+Image:0
[   34656ms] [ERROR] Failed to load resource: net::ERR_CONNECTION_CLOSED @ https://via.placeholder.com/300x200?text=No+Image:0
[   34746ms] [ERROR] Failed to load resource: net::ERR_CONNECTION_CLOSED @ https://via.placeholder.com/300x200?text=No+Image:0
[   34852ms] [ERROR] Failed to load resource: net::ERR_CONNECTION_CLOSED @ https://via.placeholder.com/300x200?text=No+Image:0
[   34944ms] [ERROR] Failed to load resource: net::ERR_CONNECTION_CLOSED @ https://via.placeholder.com/300x200?text=No+Image:0
[   35035ms] [ERROR] Failed to load resource: net::ERR_CONNECTION_CLOSED @ https://via.placeholder.com/300x200?text=No+Image:0
[   35130ms] [ERROR] Failed to load resource: net::ERR_CONNECTION_CLOSED @ https://via.placeholder.com/300x200?text=No+Image:0
[   35234ms] [ERROR] Failed to load resource: net::ERR_CONNECTION_CLOSED @ https://via.placeholder.com/300x200?text=No+Image:0
[   35331ms] [ERROR] Failed to load resource: net::ERR_CONNECTION_CLOSED @ https://via.placeholder.com/300x200?text=No+Image:0
[   35427ms] [ERROR] Failed to load resource: net::ERR_CONNECTION_CLOSED @ https://via.placeholder.com/300x200?text=No+Image:0
[   35527ms] [ERROR] Failed to load resource: net::ERR_CONNECTION_CLOSED @ https://via.placeholder.com/300x200?text=No+Image:0
[   35622ms] [ERROR] Failed to load resource: net::ERR_CONNECTION_CLOSED @ https://via.placeholder.com/300x200?text=No+Image:0
[   35720ms] [ERROR] Failed to load resource: net::ERR_CONNECTION_CLOSED @ https://via.placeholder.com/300x200?text=No+Image:0
[   35828ms] [ERROR] Failed to load resource: net::ERR_CONNECTION_CLOSED @ https://via.placeholder.com/300x200?text=No+Image:0
[   35922ms] [ERROR] Failed to load resource: net::ERR_CONNECTION_CLOSED @ https://via.placeholder.com/300x200?text=No+Image:0
[   36009ms] [ERROR] Failed to load resource: net::ERR_CONNECTION_CLOSED @ https://via.placeholder.com/300x200?text=No+Image:0
[   36105ms] [ERROR] Failed to load resource: net::ERR_CONNECTION_CLOSED @ https://via.placeholder.com/300x200?text=No+Image:0
[   36196ms] [ERROR] Failed to load resource: net::ERR_CONNECTION_CLOSED @ https://via.placeholder.com/300x200?text=No+Image:0
[   36291ms] [ERROR] Failed to load resource: net::ERR_CONNECTION_CLOSED @ https://via.placeholder.com/300x200?text=No+Image:0
[   36379ms] [ERROR] Failed to load resource: net::ERR_CONNECTION_CLOSED @ https://via.placeholder.com/300x200?text=No+Image:0
[   36494ms] [ERROR] Failed to load resource: net::ERR_CONNECTION_CLOSED @ https://via.placeholder.com/300x200?text=No+Image:0
[   36588ms] [ERROR] Failed to load resource: net::ERR_CONNECTION_CLOSED @ https://via.placeholder.com/300x200?text=No+Image:0
[   36680ms] [ERROR] Failed to load resource: net::ERR_CONNECTION_CLOSED @ https://via.placeholder.com/300x200?text=No+Image:0
[   36775ms] [ERROR] Failed to load resource: net::ERR_CONNECTION_CLOSED @ https://via.placeholder.com/300x200?text=No+Image:0
[   36869ms] [ERROR] Failed to load resource: net::ERR_CONNECTION_CLOSED @ https://via.placeholder.com/300x200?text=No+Image:0
[   36968ms] [ERROR] Failed to load resource: net::ERR_CONNECTION_CLOSED @ https://via.placeholder.com/300x200?text=No+Image:0
[   37064ms] [ERROR] Failed to load resource: net::ERR_CONNECTION_CLOSED @ https://via.placeholder.com/300x200?text=No+Image:0
[   37156ms] [ERROR] Failed to load resource: net::ERR_CONNECTION_CLOSED @ https://via.placeholder.com/300x200?text=No+Image:0
[   37262ms] [ERROR] Failed to load resource: net::ERR_CONNECTION_CLOSED @ https://via.placeholder.com/300x200?text=No+Image:0
[   37354ms] [ERROR] Failed to load resource: net::ERR_CONNECTION_CLOSED @ https://via.placeholder.com/300x200?text=No+Image:0
[   37448ms] [ERROR] Failed to load resource: net::ERR_CONNECTION_CLOSED @ https://via.placeholder.com/300x200?text=No+Image:0
[   37540ms] [ERROR] Failed to load resource: net::ERR_CONNECTION_CLOSED @ https://via.placeholder.com/300x200?text=No+Image:0
[   37637ms] [ERROR] Failed to load resource: net::ERR_CONNECTION_CLOSED @ https://via.placeholder.com/300x200?text=No+Image:0
[   37729ms] [ERROR] Failed to load resource: net::ERR_CONNECTION_CLOSED @ https://via.placeholder.com/300x200?text=No+Image:0
[   37819ms] [ERROR] Failed to load resource: net::ERR_CONNECTION_CLOSED @ https://via.placeholder.com/300x200?text=No+Image:0
[   37909ms] [ERROR] Failed to load resource: net::ERR_CONNECTION_CLOSED @ https://via.placeholder.com/300x200?text=No+Image:0
[   38010ms] [ERROR] Failed to load resource: net::ERR_CONNECTION_CLOSED @ https://via.placeholder.com/300x200?text=No+Image:0
[   38101ms] [ERROR] Failed to load resource: net::ERR_CONNECTION_CLOSED @ https://via.placeholder.com/300x200?text=No+Image:0
[   38200ms] [ERROR] Failed to load resource: net::ERR_CONNECTION_CLOSED @ https://via.placeholder.com/300x200?text=No+Image:0
[   38288ms] [ERROR] Failed to load resource: net::ERR_CONNECTION_CLOSED @ https://via.placeholder.com/300x200?text=No+Image:0
[   38384ms] [ERROR] Failed to load resource: net::ERR_CONNECTION_CLOSED @ https://via.placeholder.com/300x200?text=No+Image:0
[   38479ms] [ERROR] Failed to load resource: net::ERR_CONNECTION_CLOSED @ https://via.placeholder.com/300x200?text=No+Image:0
[   38573ms] [ERROR] Failed to load resource: net::ERR_CONNECTION_CLOSED @ https://via.placeholder.com/300x200?text=No+Image:0
[   38664ms] [ERROR] Failed to load resource: net::ERR_CONNECTION_CLOSED @ https://via.placeholder.com/300x200?text=No+Image:0
[   38758ms] [ERROR] Failed to load resource: net::ERR_CONNECTION_CLOSED @ https://via.placeholder.com/300x200?text=No+Image:0
[   38846ms] [ERROR] Failed to load resource: net::ERR_CONNECTION_CLOSED @ https://via.placeholder.com/300x200?text=No+Image:0
[   38943ms] [ERROR] Failed to load resource: net::ERR_CONNECTION_CLOSED @ https://via.placeholder.com/300x200?text=No+Image:0
[   39039ms] [ERROR] Failed to load resource: net::ERR_CONNECTION_CLOSED @ https://via.placeholder.com/300x200?text=No+Image:0
[   39133ms] [ERROR] Failed to load resource: net::ERR_CONNECTION_CLOSED @ https://via.placeholder.com/300x200?text=No+Image:0
[   39244ms] [ERROR] Failed to load resource: net::ERR_CONNECTION_CLOSED @ https://via.placeholder.com/300x200?text=No+Image:0
[   39343ms] [ERROR] Failed to load resource: net::ERR_CONNECTION_CLOSED @ https://via.placeholder.com/300x200?text=No+Image:0
[   39458ms] [ERROR] Failed to load resource: net::ERR_CONNECTION_CLOSED @ https://via.placeholder.com/300x200?text=No+Image:0
[   39555ms] [ERROR] Failed to load resource: net::ERR_CONNECTION_CLOSED @ https://via.placeholder.com/300x200?text=No+Image:0
[   39651ms] [ERROR] Failed to load resource: net::ERR_CONNECTION_CLOSED @ https://via.placeholder.com/300x200?text=No+Image:0
[   39745ms] [ERROR] Failed to load resource: net::ERR_CONNECTION_CLOSED @ https://via.placeholder.com/300x200?text=No+Image:0
[   39838ms] [ERROR] Failed to load resource: net::ERR_CONNECTION_CLOSED @ https://via.placeholder.com/300x200?text=No+Image:0
[   39930ms] [ERROR] Failed to load resource: net::ERR_CONNECTION_CLOSED @ https://via.placeholder.com/300x200?text=No+Image:0
[   40025ms] [ERROR] Failed to load resource: net::ERR_CONNECTION_CLOSED @ https://via.placeholder.com/300x200?text=No+Image:0
[   40115ms] [ERROR] Failed to load resource: net::ERR_CONNECTION_CLOSED @ https://via.placeholder.com/300x200?text=No+Image:0
[   40209ms] [ERROR] Failed to load resource: net::ERR_CONNECTION_CLOSED @ https://via.placeholder.com/300x200?text=No+Image:0
[   40300ms] [ERROR] Failed to load resource: net::ERR_CONNECTION_CLOSED @ https://via.placeholder.com/300x200?text=No+Image:0
[   40395ms] [ERROR] Failed to load resource: net::ERR_CONNECTION_CLOSED @ https://via.placeholder.com/300x200?text=No+Image:0
[   40500ms] [ERROR] Failed to load resource: net::ERR_CONNECTION_CLOSED @ https://via.placeholder.com/300x200?text=No+Image:0
[   40594ms] [ERROR] Failed to load resource: net::ERR_CONNECTION_CLOSED @ https://via.placeholder.com/300x200?text=No+Image:0
[   40685ms] [ERROR] Failed to load resource: net::ERR_CONNECTION_CLOSED @ https://via.placeholder.com/300x200?text=No+Image:0
[   40778ms] [ERROR] Failed to load resource: net::ERR_CONNECTION_CLOSED @ https://via.placeholder.com/300x200?text=No+Image:0
[   40873ms] [ERROR] Failed to load resource: net::ERR_CONNECTION_CLOSED @ https://via.placeholder.com/300x200?text=No+Image:0
[   40972ms] [ERROR] Failed to load resource: net::ERR_CONNECTION_CLOSED @ https://via.placeholder.com/300x200?text=No+Image:0
[   41108ms] [ERROR] Failed to load resource: net::ERR_CONNECTION_CLOSED @ https://via.placeholder.com/300x200?text=No+Image:0
[   41210ms] [ERROR] Failed to load resource: net::ERR_CONNECTION_CLOSED @ https://via.placeholder.com/300x200?text=No+Image:0
[   41311ms] [ERROR] Failed to load resource: net::ERR_CONNECTION_CLOSED @ https://via.placeholder.com/300x200?text=No+Image:0
[   41401ms] [ERROR] Failed to load resource: net::ERR_CONNECTION_CLOSED @ https://via.placeholder.com/300x200?text=No+Image:0
[   41498ms] [ERROR] Failed to load resource: net::ERR_CONNECTION_CLOSED @ https://via.placeholder.com/300x200?text=No+Image:0
[   41589ms] [ERROR] Failed to load resource: net::ERR_CONNECTION_CLOSED @ https://via.placeholder.com/300x200?text=No+Image:0
[   41685ms] [ERROR] Failed to load resource: net::ERR_CONNECTION_CLOSED @ https://via.placeholder.com/300x200?text=No+Image:0
[   41779ms] [ERROR] Failed to load resource: net::ERR_CONNECTION_CLOSED @ https://via.placeholder.com/300x200?text=No+Image:0
[   41871ms] [ERROR] Failed to load resource: net::ERR_CONNECTION_CLOSED @ https://via.placeholder.com/300x200?text=No+Image:0
[   41968ms] [ERROR] Failed to load resource: net::ERR_CONNECTION_CLOSED @ https://via.placeholder.com/300x200?text=No+Image:0
[   42061ms] [ERROR] Failed to load resource: net::ERR_CONNECTION_CLOSED @ https://via.placeholder.com/300x200?text=No+Image:0
[   42157ms] [ERROR] Failed to load resource: net::ERR_CONNECTION_CLOSED @ https://via.placeholder.com/300x200?text=No+Image:0
[   42248ms] [ERROR] Failed to load resource: net::ERR_CONNECTION_CLOSED @ https://via.placeholder.com/300x200?text=No+Image:0
[   42345ms] [ERROR] Failed to load resource: net::ERR_CONNECTION_CLOSED @ https://via.placeholder.com/300x200?text=No+Image:0
[   42434ms] [ERROR] Failed to load resource: net::ERR_CONNECTION_CLOSED @ https://via.placeholder.com/300x200?text=No+Image:0
[   42522ms] [ERROR] Failed to load resource: net::ERR_CONNECTION_CLOSED @ https://via.placeholder.com/300x200?text=No+Image:0
[   42635ms] [ERROR] Failed to load resource: net::ERR_CONNECTION_CLOSED @ https://via.placeholder.com/300x200?text=No+Image:0
[   42736ms] [ERROR] Failed to load resource: net::ERR_CONNECTION_CLOSED @ https://via.placeholder.com/300x200?text=No+Image:0
[   42830ms] [ERROR] Failed to load resource: net::ERR_CONNECTION_CLOSED @ https://via.placeholder.com/300x200?text=No+Image:0
[   42932ms] [ERROR] Failed to load resource: net::ERR_CONNECTION_CLOSED @ https://via.placeholder.com/300x200?text=No+Image:0
[   43024ms] [ERROR] Failed to load resource: net::ERR_CONNECTION_CLOSED @ https://via.placeholder.com/300x200?text=No+Image:0
[   43118ms] [ERROR] Failed to load resource: net::ERR_CONNECTION_CLOSED @ https://via.placeholder.com/300x200?text=No+Image:0
[   43220ms] [ERROR] Failed to load resource: net::ERR_CONNECTION_CLOSED @ https://via.placeholder.com/300x200?text=No+Image:0
[   43313ms] [ERROR] Failed to load resource: net::ERR_CONNECTION_CLOSED @ https://via.placeholder.com/300x200?text=No+Image:0
[   43405ms] [ERROR] Failed to load resource: net::ERR_CONNECTION_CLOSED @ https://via.placeholder.com/300x200?text=No+Image:0
[   43501ms] [ERROR] Failed to load resource: net::ERR_CONNECTION_CLOSED @ https://via.placeholder.com/300x200?text=No+Image:0
[   43592ms] [ERROR] Failed to load resource: net::ERR_CONNECTION_CLOSED @ https://via.placeholder.com/300x200?text=No+Image:0
[   43687ms] [ERROR] Failed to load resource: net::ERR_CONNECTION_CLOSED @ https://via.placeholder.com/300x200?text=No+Image:0
[   43772ms] [ERROR] Failed to load resource: net::ERR_CONNECTION_CLOSED @ https://via.placeholder.com/300x200?text=No+Image:0
[   43866ms] [ERROR] Failed to load resource: net::ERR_CONNECTION_CLOSED @ https://via.placeholder.com/300x200?text=No+Image:0
[   43963ms] [ERROR] Failed to load resource: net::ERR_CONNECTION_CLOSED @ https://via.placeholder.com/300x200?text=No+Image:0
[   44058ms] [ERROR] Failed to load resource: net::ERR_CONNECTION_CLOSED @ https://via.placeholder.com/300x200?text=No+Image:0
[   44149ms] [ERROR] Failed to load resource: net::ERR_CONNECTION_CLOSED @ https://via.placeholder.com/300x200?text=No+Image:0
[   44244ms] [ERROR] Failed to load resource: net::ERR_CONNECTION_CLOSED @ https://via.placeholder.com/300x200?text=No+Image:0
[   44340ms] [ERROR] Failed to load resource: net::ERR_CONNECTION_CLOSED @ https://via.placeholder.com/300x200?text=No+Image:0
[   44451ms] [ERROR] Failed to load resource: net::ERR_CONNECTION_CLOSED @ https://via.placeholder.com/300x200?text=No+Image:0
[   44549ms] [ERROR] Failed to load resource: net::ERR_CONNECTION_CLOSED @ https://via.placeholder.com/300x200?text=No+Image:0
[   44646ms] [ERROR] Failed to load resource: net::ERR_CONNECTION_CLOSED @ https://via.placeholder.com/300x200?text=No+Image:0
[   44740ms] [ERROR] Failed to load resource: net::ERR_CONNECTION_CLOSED @ https://via.placeholder.com/300x200?text=No+Image:0
[   44838ms] [ERROR] Failed to load resource: net::ERR_CONNECTION_CLOSED @ https://via.placeholder.com/300x200?text=No+Image:0
[   44935ms] [ERROR] Failed to load resource: net::ERR_CONNECTION_CLOSED @ https://via.placeholder.com/300x200?text=No+Image:0
[   45024ms] [ERROR] Failed to load resource: net::ERR_CONNECTION_CLOSED @ https://via.placeholder.com/300x200?text=No+Image:0
[   45115ms] [ERROR] Failed to load resource: net::ERR_CONNECTION_CLOSED @ https://via.placeholder.com/300x200?text=No+Image:0
[   45211ms] [ERROR] Failed to load resource: net::ERR_CONNECTION_CLOSED @ https://via.placeholder.com/300x200?text=No+Image:0
[   45313ms] [ERROR] Failed to load resource: net::ERR_CONNECTION_CLOSED @ https://via.placeholder.com/300x200?text=No+Image:0
[   45407ms] [ERROR] Failed to load resource: net::ERR_CONNECTION_CLOSED @ https://via.placeholder.com/300x200?text=No+Image:0
[   45506ms] [ERROR] Failed to load resource: net::ERR_CONNECTION_CLOSED @ https://via.placeholder.com/300x200?text=No+Image:0
[   45600ms] [ERROR] Failed to load resource: net::ERR_CONNECTION_CLOSED @ https://via.placeholder.com/300x200?text=No+Image:0
[   45692ms] [ERROR] Failed to load resource: net::ERR_CONNECTION_CLOSED @ https://via.placeholder.com/300x200?text=No+Image:0
[   45792ms] [ERROR] Failed to load resource: net::ERR_CONNECTION_CLOSED @ https://via.placeholder.com/300x200?text=No+Image:0
[   45888ms] [ERROR] Failed to load resource: net::ERR_CONNECTION_CLOSED @ https://via.placeholder.com/300x200?text=No+Image:0
[   45977ms] [ERROR] Failed to load resource: net::ERR_CONNECTION_CLOSED @ https://via.placeholder.com/300x200?text=No+Image:0
[   46070ms] [ERROR] Failed to load resource: net::ERR_CONNECTION_CLOSED @ https://via.placeholder.com/300x200?text=No+Image:0
[   46164ms] [ERROR] Failed to load resource: net::ERR_CONNECTION_CLOSED @ https://via.placeholder.com/300x200?text=No+Image:0
[   46255ms] [ERROR] Failed to load resource: net::ERR_CONNECTION_CLOSED @ https://via.placeholder.com/300x200?text=No+Image:0
[   46347ms] [ERROR] Failed to load resource: net::ERR_CONNECTION_CLOSED @ https://via.placeholder.com/300x200?text=No+Image:0
[   46439ms] [ERROR] Failed to load resource: net::ERR_CONNECTION_CLOSED @ https://via.placeholder.com/300x200?text=No+Image:0
[   46530ms] [ERROR] Failed to load resource: net::ERR_CONNECTION_CLOSED @ https://via.placeholder.com/300x200?text=No+Image:0
[   46620ms] [ERROR] Failed to load resource: net::ERR_CONNECTION_CLOSED @ https://via.placeholder.com/300x200?text=No+Image:0
[   46712ms] [ERROR] Failed to load resource: net::ERR_CONNECTION_CLOSED @ https://via.placeholder.com/300x200?text=No+Image:0
[   46802ms] [ERROR] Failed to load resource: net::ERR_CONNECTION_CLOSED @ https://via.placeholder.com/300x200?text=No+Image:0
[   46896ms] [ERROR] Failed to load resource: net::ERR_CONNECTION_CLOSED @ https://via.placeholder.com/300x200?text=No+Image:0
[   46992ms] [ERROR] Failed to load resource: net::ERR_CONNECTION_CLOSED @ https://via.placeholder.com/300x200?text=No+Image:0
[   47087ms] [ERROR] Failed to load resource: net::ERR_CONNECTION_CLOSED @ https://via.placeholder.com/300x200?text=No+Image:0
[   47180ms] [ERROR] Failed to load resource: net::ERR_CONNECTION_CLOSED @ https://via.placeholder.com/300x200?text=No+Image:0
[   47274ms] [ERROR] Failed to load resource: net::ERR_CONNECTION_CLOSED @ https://via.placeholder.com/300x200?text=No+Image:0
[   47365ms] [ERROR] Failed to load resource: net::ERR_CONNECTION_CLOSED @ https://via.placeholder.com/300x200?text=No+Image:0
[   47459ms] [ERROR] Failed to load resource: net::ERR_CONNECTION_CLOSED @ https://via.placeholder.com/300x200?text=No+Image:0
[   47553ms] [ERROR] Failed to load resource: net::ERR_CONNECTION_CLOSED @ https://via.placeholder.com/300x200?text=No+Image:0
[   47646ms] [ERROR] Failed to load resource: net::ERR_CONNECTION_CLOSED @ https://via.placeholder.com/300x200?text=No+Image:0
[   47738ms] [ERROR] Failed to load resource: net::ERR_CONNECTION_CLOSED @ https://via.placeholder.com/300x200?text=No+Image:0
[   47830ms] [ERROR] Failed to load resource: net::ERR_CONNECTION_CLOSED @ https://via.placeholder.com/300x200?text=No+Image:0
[   47922ms] [ERROR] Failed to load resource: net::ERR_CONNECTION_CLOSED @ https://via.placeholder.com/300x200?text=No+Image:0
[   48014ms] [ERROR] Failed to load resource: net::ERR_CONNECTION_CLOSED @ https://via.placeholder.com/300x200?text=No+Image:0
[   48101ms] [ERROR] Failed to load resource: net::ERR_CONNECTION_CLOSED @ https://via.placeholder.com/300x200?text=No+Image:0
[   48194ms] [ERROR] Failed to load resource: net::ERR_CONNECTION_CLOSED @ https://via.placeholder.com/300x200?text=No+Image:0
[   48290ms] [ERROR] Failed to load resource: net::ERR_CONNECTION_CLOSED @ https://via.placeholder.com/300x200?text=No+Image:0
[   48378ms] [ERROR] Failed to load resource: net::ERR_CONNECTION_CLOSED @ https://via.placeholder.com/300x200?text=No+Image:0
[   48482ms] [ERROR] Failed to load resource: net::ERR_CONNECTION_CLOSED @ https://via.placeholder.com/300x200?text=No+Image:0
[   48583ms] [ERROR] Failed to load resource: net::ERR_CONNECTION_CLOSED @ https://via.placeholder.com/300x200?text=No+Image:0
[   48679ms] [ERROR] Failed to load resource: net::ERR_CONNECTION_CLOSED @ https://via.placeholder.com/300x200?text=No+Image:0
[   48773ms] [ERROR] Failed to load resource: net::ERR_CONNECTION_CLOSED @ https://via.placeholder.com/300x200?text=No+Image:0
[   48878ms] [ERROR] Failed to load resource: net::ERR_CONNECTION_CLOSED @ https://via.placeholder.com/300x200?text=No+Image:0
[   48979ms] [ERROR] Failed to load resource: net::ERR_CONNECTION_CLOSED @ https://via.placeholder.com/300x200?text=No+Image:0
[   49075ms] [ERROR] Failed to load resource: net::ERR_CONNECTION_CLOSED @ https://via.placeholder.com/300x200?text=No+Image:0
[   49170ms] [ERROR] Failed to load resource: net::ERR_CONNECTION_CLOSED @ https://via.placeholder.com/300x200?text=No+Image:0
[   49260ms] [ERROR] Failed to load resource: net::ERR_CONNECTION_CLOSED @ https://via.placeholder.com/300x200?text=No+Image:0
[   49349ms] [ERROR] Failed to load resource: net::ERR_CONNECTION_CLOSED @ https://via.placeholder.com/300x200?text=No+Image:0
[   49443ms] [ERROR] Failed to load resource: net::ERR_CONNECTION_CLOSED @ https://via.placeholder.com/300x200?text=No+Image:0
[   49537ms] [ERROR] Failed to load resource: net::ERR_CONNECTION_CLOSED @ https://via.placeholder.com/300x200?text=No+Image:0
[   49627ms] [ERROR] Failed to load resource: net::ERR_CONNECTION_CLOSED @ https://via.placeholder.com/300x200?text=No+Image:0
[   49718ms] [ERROR] Failed to load resource: net::ERR_CONNECTION_CLOSED @ https://via.placeholder.com/300x200?text=No+Image:0
[   49808ms] [ERROR] Failed to load resource: net::ERR_CONNECTION_CLOSED @ https://via.placeholder.com/300x200?text=No+Image:0
[   49903ms] [ERROR] Failed to load resource: net::ERR_CONNECTION_CLOSED @ https://via.placeholder.com/300x200?text=No+Image:0
[   50001ms] [ERROR] Failed to load resource: net::ERR_CONNECTION_CLOSED @ https://via.placeholder.com/300x200?text=No+Image:0
[   50096ms] [ERROR] Failed to load resource: net::ERR_CONNECTION_CLOSED @ https://via.placeholder.com/300x200?text=No+Image:0
[   50195ms] [ERROR] Failed to load resource: net::ERR_CONNECTION_CLOSED @ https://via.placeholder.com/300x200?text=No+Image:0
[   50283ms] [ERROR] Failed to load resource: net::ERR_CONNECTION_CLOSED @ https://via.placeholder.com/300x200?text=No+Image:0
[   50376ms] [ERROR] Failed to load resource: net::ERR_CONNECTION_CLOSED @ https://via.placeholder.com/300x200?text=No+Image:0
[   50469ms] [ERROR] Failed to load resource: net::ERR_CONNECTION_CLOSED @ https://via.placeholder.com/300x200?text=No+Image:0
[   50564ms] [ERROR] Failed to load resource: net::ERR_CONNECTION_CLOSED @ https://via.placeholder.com/300x200?text=No+Image:0
[   50656ms] [ERROR] Failed to load resource: net::ERR_CONNECTION_CLOSED @ https://via.placeholder.com/300x200?text=No+Image:0
[   50750ms] [ERROR] Failed to load resource: net::ERR_CONNECTION_CLOSED @ https://via.placeholder.com/300x200?text=No+Image:0
[   50841ms] [ERROR] Failed to load resource: net::ERR_CONNECTION_CLOSED @ https://via.placeholder.com/300x200?text=No+Image:0
[   50942ms] [ERROR] Failed to load resource: net::ERR_CONNECTION_CLOSED @ https://via.placeholder.com/300x200?text=No+Image:0
[   51038ms] [ERROR] Failed to load resource: net::ERR_CONNECTION_CLOSED @ https://via.placeholder.com/300x200?text=No+Image:0
[   51126ms] [ERROR] Failed to load resource: net::ERR_CONNECTION_CLOSED @ https://via.placeholder.com/300x200?text=No+Image:0
[   51219ms] [ERROR] Failed to load resource: net::ERR_CONNECTION_CLOSED @ https://via.placeholder.com/300x200?text=No+Image:0
[   51314ms] [ERROR] Failed to load resource: net::ERR_CONNECTION_CLOSED @ https://via.placeholder.com/300x200?text=No+Image:0
[   51403ms] [ERROR] Failed to load resource: net::ERR_CONNECTION_CLOSED @ https://via.placeholder.com/300x200?text=No+Image:0
[   51505ms] [ERROR] Failed to load resource: net::ERR_CONNECTION_CLOSED @ https://via.placeholder.com/300x200?text=No+Image:0
[   51595ms] [ERROR] Failed to load resource: net::ERR_CONNECTION_CLOSED @ https://via.placeholder.com/300x200?text=No+Image:0
[   51689ms] [ERROR] Failed to load resource: net::ERR_CONNECTION_CLOSED @ https://via.placeholder.com/300x200?text=No+Image:0
[   51785ms] [ERROR] Failed to load resource: net::ERR_CONNECTION_CLOSED @ https://via.placeholder.com/300x200?text=No+Image:0
[   51878ms] [ERROR] Failed to load resource: net::ERR_CONNECTION_CLOSED @ https://via.placeholder.com/300x200?text=No+Image:0
[   51971ms] [ERROR] Failed to load resource: net::ERR_CONNECTION_CLOSED @ https://via.placeholder.com/300x200?text=No+Image:0
[   52070ms] [ERROR] Failed to load resource: net::ERR_CONNECTION_CLOSED @ https://via.placeholder.com/300x200?text=No+Image:0
[   52167ms] [ERROR] Failed to load resource: net::ERR_CONNECTION_CLOSED @ https://via.placeholder.com/300x200?text=No+Image:0
[   52263ms] [ERROR] Failed to load resource: net::ERR_CONNECTION_CLOSED @ https://via.placeholder.com/300x200?text=No+Image:0
[   52350ms] [ERROR] Failed to load resource: net::ERR_CONNECTION_CLOSED @ https://via.placeholder.com/300x200?text=No+Image:0
[   52448ms] [ERROR] Failed to load resource: net::ERR_CONNECTION_CLOSED @ https://via.placeholder.com/300x200?text=No+Image:0
[   52540ms] [ERROR] Failed to load resource: net::ERR_CONNECTION_CLOSED @ https://via.placeholder.com/300x200?text=No+Image:0
[   52635ms] [ERROR] Failed to load resource: net::ERR_CONNECTION_CLOSED @ https://via.placeholder.com/300x200?text=No+Image:0
[   52727ms] [ERROR] Failed to load resource: net::ERR_CONNECTION_CLOSED @ https://via.placeholder.com/300x200?text=No+Image:0
[   52816ms] [ERROR] Failed to load resource: net::ERR_CONNECTION_CLOSED @ https://via.placeholder.com/300x200?text=No+Image:0
[   52906ms] [ERROR] Failed to load resource: net::ERR_CONNECTION_CLOSED @ https://via.placeholder.com/300x200?text=No+Image:0
[   53007ms] [ERROR] Failed to load resource: net::ERR_CONNECTION_CLOSED @ https://via.placeholder.com/300x200?text=No+Image:0
[   53095ms] [ERROR] Failed to load resource: net::ERR_CONNECTION_CLOSED @ https://via.placeholder.com/300x200?text=No+Image:0
[   53186ms] [ERROR] Failed to load resource: net::ERR_CONNECTION_CLOSED @ https://via.placeholder.com/300x200?text=No+Image:0
[   53280ms] [ERROR] Failed to load resource: net::ERR_CONNECTION_CLOSED @ https://via.placeholder.com/300x200?text=No+Image:0
[   53376ms] [ERROR] Failed to load resource: net::ERR_CONNECTION_CLOSED @ https://via.placeholder.com/300x200?text=No+Image:0
[   53467ms] [ERROR] Failed to load resource: net::ERR_CONNECTION_CLOSED @ https://via.placeholder.com/300x200?text=No+Image:0
[   53559ms] [ERROR] Failed to load resource: net::ERR_CONNECTION_CLOSED @ https://via.placeholder.com/300x200?text=No+Image:0
[   53661ms] [ERROR] Failed to load resource: net::ERR_CONNECTION_CLOSED @ https://via.placeholder.com/300x200?text=No+Image:0
[   53757ms] [ERROR] Failed to load resource: net::ERR_CONNECTION_CLOSED @ https://via.placeholder.com/300x200?text=No+Image:0
[   53847ms] [ERROR] Failed to load resource: net::ERR_CONNECTION_CLOSED @ https://via.placeholder.com/300x200?text=No+Image:0
[   53944ms] [ERROR] Failed to load resource: net::ERR_CONNECTION_CLOSED @ https://via.placeholder.com/300x200?text=No+Image:0
[   54036ms] [ERROR] Failed to load resource: net::ERR_CONNECTION_CLOSED @ https://via.placeholder.com/300x200?text=No+Image:0
[   54129ms] [ERROR] Failed to load resource: net::ERR_CONNECTION_CLOSED @ https://via.placeholder.com/300x200?text=No+Image:0
[   54215ms] [ERROR] Failed to load resource: net::ERR_CONNECTION_CLOSED @ https://via.placeholder.com/300x200?text=No+Image:0
[   54308ms] [ERROR] Failed to load resource: net::ERR_CONNECTION_CLOSED @ https://via.placeholder.com/300x200?text=No+Image:0
[   54402ms] [ERROR] Failed to load resource: net::ERR_CONNECTION_CLOSED @ https://via.placeholder.com/300x200?text=No+Image:0
[   54512ms] [ERROR] Failed to load resource: net::ERR_CONNECTION_CLOSED @ https://via.placeholder.com/300x200?text=No+Image:0
[   54611ms] [ERROR] Failed to load resource: net::ERR_CONNECTION_CLOSED @ https://via.placeholder.com/300x200?text=No+Image:0
[   54704ms] [ERROR] Failed to load resource: net::ERR_CONNECTION_CLOSED @ https://via.placeholder.com/300x200?text=No+Image:0
[   54796ms] [ERROR] Failed to load resource: net::ERR_CONNECTION_CLOSED @ https://via.placeholder.com/300x200?text=No+Image:0
[   54888ms] [ERROR] Failed to load resource: net::ERR_CONNECTION_CLOSED @ https://via.placeholder.com/300x200?text=No+Image:0
[   54998ms] [ERROR] Failed to load resource: net::ERR_CONNECTION_CLOSED @ https://via.placeholder.com/300x200?text=No+Image:0
[   55094ms] [ERROR] Failed to load resource: net::ERR_CONNECTION_CLOSED @ https://via.placeholder.com/300x200?text=No+Image:0
[   55186ms] [ERROR] Failed to load resource: net::ERR_CONNECTION_CLOSED @ https://via.placeholder.com/300x200?text=No+Image:0
[   55281ms] [ERROR] Failed to load resource: net::ERR_CONNECTION_CLOSED @ https://via.placeholder.com/300x200?text=No+Image:0
[   55370ms] [ERROR] Failed to load resource: net::ERR_CONNECTION_CLOSED @ https://via.placeholder.com/300x200?text=No+Image:0
[   55462ms] [ERROR] Failed to load resource: net::ERR_CONNECTION_CLOSED @ https://via.placeholder.com/300x200?text=No+Image:0
[   55558ms] [ERROR] Failed to load resource: net::ERR_CONNECTION_CLOSED @ https://via.placeholder.com/300x200?text=No+Image:0
[   55652ms] [ERROR] Failed to load resource: net::ERR_CONNECTION_CLOSED @ https://via.placeholder.com/300x200?text=No+Image:0
[   55744ms] [ERROR] Failed to load resource: net::ERR_CONNECTION_CLOSED @ https://via.placeholder.com/300x200?text=No+Image:0
[   55839ms] [ERROR] Failed to load resource: net::ERR_CONNECTION_CLOSED @ https://via.placeholder.com/300x200?text=No+Image:0
[   55936ms] [ERROR] Failed to load resource: net::ERR_CONNECTION_CLOSED @ https://via.placeholder.com/300x200?text=No+Image:0
[   56037ms] [ERROR] Failed to load resource: net::ERR_CONNECTION_CLOSED @ https://via.placeholder.com/300x200?text=No+Image:0
[   56133ms] [ERROR] Failed to load resource: net::ERR_CONNECTION_CLOSED @ https://via.placeholder.com/300x200?text=No+Image:0
[   56226ms] [ERROR] Failed to load resource: net::ERR_CONNECTION_CLOSED @ https://via.placeholder.com/300x200?text=No+Image:0
[   56332ms] [ERROR] Failed to load resource: net::ERR_CONNECTION_CLOSED @ https://via.placeholder.com/300x200?text=No+Image:0
[   56428ms] [ERROR] Failed to load resource: net::ERR_CONNECTION_CLOSED @ https://via.placeholder.com/300x200?text=No+Image:0
[   56521ms] [ERROR] Failed to load resource: net::ERR_CONNECTION_CLOSED @ https://via.placeholder.com/300x200?text=No+Image:0
[   56614ms] [ERROR] Failed to load resource: net::ERR_CONNECTION_CLOSED @ https://via.placeholder.com/300x200?text=No+Image:0
[   56708ms] [ERROR] Failed to load resource: net::ERR_CONNECTION_CLOSED @ https://via.placeholder.com/300x200?text=No+Image:0
[   56804ms] [ERROR] Failed to load resource: net::ERR_CONNECTION_CLOSED @ https://via.placeholder.com/300x200?text=No+Image:0
[   56900ms] [ERROR] Failed to load resource: net::ERR_CONNECTION_CLOSED @ https://via.placeholder.com/300x200?text=No+Image:0
[   56998ms] [ERROR] Failed to load resource: net::ERR_CONNECTION_CLOSED @ https://via.placeholder.com/300x200?text=No+Image:0
[   57090ms] [ERROR] Failed to load resource: net::ERR_CONNECTION_CLOSED @ https://via.placeholder.com/300x200?text=No+Image:0
[   57183ms] [ERROR] Failed to load resource: net::ERR_CONNECTION_CLOSED @ https://via.placeholder.com/300x200?text=No+Image:0
[   57273ms] [ERROR] Failed to load resource: net::ERR_CONNECTION_CLOSED @ https://via.placeholder.com/300x200?text=No+Image:0
[   57364ms] [ERROR] Failed to load resource: net::ERR_CONNECTION_CLOSED @ https://via.placeholder.com/300x200?text=No+Image:0
[   57467ms] [ERROR] Failed to load resource: net::ERR_CONNECTION_CLOSED @ https://via.placeholder.com/300x200?text=No+Image:0
[   57563ms] [ERROR] Failed to load resource: net::ERR_CONNECTION_CLOSED @ https://via.placeholder.com/300x200?text=No+Image:0
[   57651ms] [ERROR] Failed to load resource: net::ERR_CONNECTION_CLOSED @ https://via.placeholder.com/300x200?text=No+Image:0
[   57743ms] [ERROR] Failed to load resource: net::ERR_CONNECTION_CLOSED @ https://via.placeholder.com/300x200?text=No+Image:0
[   57835ms] [ERROR] Failed to load resource: net::ERR_CONNECTION_CLOSED @ https://via.placeholder.com/300x200?text=No+Image:0
[   57926ms] [ERROR] Failed to load resource: net::ERR_CONNECTION_CLOSED @ https://via.placeholder.com/300x200?text=No+Image:0
[   58023ms] [ERROR] Failed to load resource: net::ERR_CONNECTION_CLOSED @ https://via.placeholder.com/300x200?text=No+Image:0
[   58116ms] [ERROR] Failed to load resource: net::ERR_CONNECTION_CLOSED @ https://via.placeholder.com/300x200?text=No+Image:0
[   58209ms] [ERROR] Failed to load resource: net::ERR_CONNECTION_CLOSED @ https://via.placeholder.com/300x200?text=No+Image:0
[   58298ms] [ERROR] Failed to load resource: net::ERR_CONNECTION_CLOSED @ https://via.placeholder.com/300x200?text=No+Image:0
[   58388ms] [ERROR] Failed to load resource: net::ERR_CONNECTION_CLOSED @ https://via.placeholder.com/300x200?text=No+Image:0
[   58478ms] [ERROR] Failed to load resource: net::ERR_CONNECTION_CLOSED @ https://via.placeholder.com/300x200?text=No+Image:0
[   58568ms] [ERROR] Failed to load resource: net::ERR_CONNECTION_CLOSED @ https://via.placeholder.com/300x200?text=No+Image:0
[   58658ms] [ERROR] Failed to load resource: net::ERR_CONNECTION_CLOSED @ https://via.placeholder.com/300x200?text=No+Image:0
[   58750ms] [ERROR] Failed to load resource: net::ERR_CONNECTION_CLOSED @ https://via.placeholder.com/300x200?text=No+Image:0
[   58850ms] [ERROR] Failed to load resource: net::ERR_CONNECTION_CLOSED @ https://via.placeholder.com/300x200?text=No+Image:0
[   58939ms] [ERROR] Failed to load resource: net::ERR_CONNECTION_CLOSED @ https://via.placeholder.com/300x200?text=No+Image:0
[   59037ms] [ERROR] Failed to load resource: net::ERR_CONNECTION_CLOSED @ https://via.placeholder.com/300x200?text=No+Image:0
[   59126ms] [ERROR] Failed to load resource: net::ERR_CONNECTION_CLOSED @ https://via.placeholder.com/300x200?text=No+Image:0
[   59222ms] [ERROR] Failed to load resource: net::ERR_CONNECTION_CLOSED @ https://via.placeholder.com/300x200?text=No+Image:0
[   59312ms] [ERROR] Failed to load resource: net::ERR_CONNECTION_CLOSED @ https://via.placeholder.com/300x200?text=No+Image:0
[   59405ms] [ERROR] Failed to load resource: net::ERR_CONNECTION_CLOSED @ https://via.placeholder.com/300x200?text=No+Image:0
[   59507ms] [ERROR] Failed to load resource: net::ERR_CONNECTION_CLOSED @ https://via.placeholder.com/300x200?text=No+Image:0
[   59599ms] [ERROR] Failed to load resource: net::ERR_CONNECTION_CLOSED @ https://via.placeholder.com/300x200?text=No+Image:0
[   59692ms] [ERROR] Failed to load resource: net::ERR_CONNECTION_CLOSED @ https://via.placeholder.com/300x200?text=No+Image:0
[   59792ms] [ERROR] Failed to load resource: net::ERR_CONNECTION_CLOSED @ https://via.placeholder.com/300x200?text=No+Image:0
[   59883ms] [ERROR] Failed to load resource: net::ERR_CONNECTION_CLOSED @ https://via.placeholder.com/300x200?text=No+Image:0
[   59979ms] [ERROR] Failed to load resource: net::ERR_CONNECTION_CLOSED @ https://via.placeholder.com/300x200?text=No+Image:0
[   60071ms] [ERROR] Failed to load resource: net::ERR_CONNECTION_CLOSED @ https://via.placeholder.com/300x200?text=No+Image:0
[   60167ms] [ERROR] Failed to load resource: net::ERR_CONNECTION_CLOSED @ https://via.placeholder.com/300x200?text=No+Image:0
[   60257ms] [ERROR] Failed to load resource: net::ERR_CONNECTION_CLOSED @ https://via.placeholder.com/300x200?text=No+Image:0
[   60351ms] [ERROR] Failed to load resource: net::ERR_CONNECTION_CLOSED @ https://via.placeholder.com/300x200?text=No+Image:0
[   60459ms] [ERROR] Failed to load resource: net::ERR_CONNECTION_CLOSED @ https://via.placeholder.com/300x200?text=No+Image:0
[   60556ms] [ERROR] Failed to load resource: net::ERR_CONNECTION_CLOSED @ https://via.placeholder.com/300x200?text=No+Image:0
[   60651ms] [ERROR] Failed to load resource: net::ERR_CONNECTION_CLOSED @ https://via.placeholder.com/300x200?text=No+Image:0
[   60748ms] [ERROR] Failed to load resource: net::ERR_CONNECTION_CLOSED @ https://via.placeholder.com/300x200?text=No+Image:0
[   60841ms] [ERROR] Failed to load resource: net::ERR_CONNECTION_CLOSED @ https://via.placeholder.com/300x200?text=No+Image:0
[   60932ms] [ERROR] Failed to load resource: net::ERR_CONNECTION_CLOSED @ https://via.placeholder.com/300x200?text=No+Image:0
[   61028ms] [ERROR] Failed to load resource: net::ERR_CONNECTION_CLOSED @ https://via.placeholder.com/300x200?text=No+Image:0
[   61126ms] [ERROR] Failed to load resource: net::ERR_CONNECTION_CLOSED @ https://via.placeholder.com/300x200?text=No+Image:0
[   61222ms] [ERROR] Failed to load resource: net::ERR_CONNECTION_CLOSED @ https://via.placeholder.com/300x200?text=No+Image:0
[   61317ms] [ERROR] Failed to load resource: net::ERR_CONNECTION_CLOSED @ https://via.placeholder.com/300x200?text=No+Image:0
[   61413ms] [ERROR] Failed to load resource: net::ERR_CONNECTION_CLOSED @ https://via.placeholder.com/300x200?text=No+Image:0
[   61514ms] [ERROR] Failed to load resource: net::ERR_CONNECTION_CLOSED @ https://via.placeholder.com/300x200?text=No+Image:0
[   61608ms] [ERROR] Failed to load resource: net::ERR_CONNECTION_CLOSED @ https://via.placeholder.com/300x200?text=No+Image:0
[   61698ms] [ERROR] Failed to load resource: net::ERR_CONNECTION_CLOSED @ https://via.placeholder.com/300x200?text=No+Image:0
[   61796ms] [ERROR] Failed to load resource: net::ERR_CONNECTION_CLOSED @ https://via.placeholder.com/300x200?text=No+Image:0
[   61885ms] [ERROR] Failed to load resource: net::ERR_CONNECTION_CLOSED @ https://via.placeholder.com/300x200?text=No+Image:0
[   61978ms] [ERROR] Failed to load resource: net::ERR_CONNECTION_CLOSED @ https://via.placeholder.com/300x200?text=No+Image:0
[   62072ms] [ERROR] Failed to load resource: net::ERR_CONNECTION_CLOSED @ https://via.placeholder.com/300x200?text=No+Image:0
[   62176ms] [ERROR] Failed to load resource: net::ERR_CONNECTION_CLOSED @ https://via.placeholder.com/300x200?text=No+Image:0
[   62268ms] [ERROR] Failed to load resource: net::ERR_CONNECTION_CLOSED @ https://via.placeholder.com/300x200?text=No+Image:0
[   62365ms] [ERROR] Failed to load resource: net::ERR_CONNECTION_CLOSED @ https://via.placeholder.com/300x200?text=No+Image:0
[   62464ms] [ERROR] Failed to load resource: net::ERR_CONNECTION_CLOSED @ https://via.placeholder.com/300x200?text=No+Image:0
[   62557ms] [ERROR] Failed to load resource: net::ERR_CONNECTION_CLOSED @ https://via.placeholder.com/300x200?text=No+Image:0
[   62654ms] [ERROR] Failed to load resource: net::ERR_CONNECTION_CLOSED @ https://via.placeholder.com/300x200?text=No+Image:0
[   62747ms] [ERROR] Failed to load resource: net::ERR_CONNECTION_CLOSED @ https://via.placeholder.com/300x200?text=No+Image:0
[   62838ms] [ERROR] Failed to load resource: net::ERR_CONNECTION_CLOSED @ https://via.placeholder.com/300x200?text=No+Image:0
[   62930ms] [ERROR] Failed to load resource: net::ERR_CONNECTION_CLOSED @ https://via.placeholder.com/300x200?text=No+Image:0
[   63030ms] [ERROR] Failed to load resource: net::ERR_CONNECTION_CLOSED @ https://via.placeholder.com/300x200?text=No+Image:0
[   63123ms] [ERROR] Failed to load resource: net::ERR_CONNECTION_CLOSED @ https://via.placeholder.com/300x200?text=No+Image:0
[   63220ms] [ERROR] Failed to load resource: net::ERR_CONNECTION_CLOSED @ https://via.placeholder.com/300x200?text=No+Image:0
[   63311ms] [ERROR] Failed to load resource: net::ERR_CONNECTION_CLOSED @ https://via.placeholder.com/300x200?text=No+Image:0
[   63407ms] [ERROR] Failed to load resource: net::ERR_CONNECTION_CLOSED @ https://via.placeholder.com/300x200?text=No+Image:0
[   63508ms] [ERROR] Failed to load resource: net::ERR_CONNECTION_CLOSED @ https://via.placeholder.com/300x200?text=No+Image:0
[   63600ms] [ERROR] Failed to load resource: net::ERR_CONNECTION_CLOSED @ https://via.placeholder.com/300x200?text=No+Image:0
[   63693ms] [ERROR] Failed to load resource: net::ERR_CONNECTION_CLOSED @ https://via.placeholder.com/300x200?text=No+Image:0
[   63786ms] [ERROR] Failed to load resource: net::ERR_CONNECTION_CLOSED @ https://via.placeholder.com/300x200?text=No+Image:0
[   63878ms] [ERROR] Failed to load resource: net::ERR_CONNECTION_CLOSED @ https://via.placeholder.com/300x200?text=No+Image:0
[   63976ms] [ERROR] Failed to load resource: net::ERR_CONNECTION_CLOSED @ https://via.placeholder.com/300x200?text=No+Image:0
[   64069ms] [ERROR] Failed to load resource: net::ERR_CONNECTION_CLOSED @ https://via.placeholder.com/300x200?text=No+Image:0
[   64166ms] [ERROR] Failed to load resource: net::ERR_CONNECTION_CLOSED @ https://via.placeholder.com/300x200?text=No+Image:0
[   64256ms] [ERROR] Failed to load resource: net::ERR_CONNECTION_CLOSED @ https://via.placeholder.com/300x200?text=No+Image:0
[   64348ms] [ERROR] Failed to load resource: net::ERR_CONNECTION_CLOSED @ https://via.placeholder.com/300x200?text=No+Image:0
[   64443ms] [ERROR] Failed to load resource: net::ERR_CONNECTION_CLOSED @ https://via.placeholder.com/300x200?text=No+Image:0
[   64539ms] [ERROR] Failed to load resource: net::ERR_CONNECTION_CLOSED @ https://via.placeholder.com/300x200?text=No+Image:0
[   64631ms] [ERROR] Failed to load resource: net::ERR_CONNECTION_CLOSED @ https://via.placeholder.com/300x200?text=No+Image:0
[   64721ms] [ERROR] Failed to load resource: net::ERR_CONNECTION_CLOSED @ https://via.placeholder.com/300x200?text=No+Image:0
[   64812ms] [ERROR] Failed to load resource: net::ERR_CONNECTION_CLOSED @ https://via.placeholder.com/300x200?text=No+Image:0
[   64901ms] [ERROR] Failed to load resource: net::ERR_CONNECTION_CLOSED @ https://via.placeholder.com/300x200?text=No+Image:0
[   65001ms] [ERROR] Failed to load resource: net::ERR_CONNECTION_CLOSED @ https://via.placeholder.com/300x200?text=No+Image:0
[   65094ms] [ERROR] Failed to load resource: net::ERR_CONNECTION_CLOSED @ https://via.placeholder.com/300x200?text=No+Image:0
[   65187ms] [ERROR] Failed to load resource: net::ERR_CONNECTION_CLOSED @ https://via.placeholder.com/300x200?text=No+Image:0
[   65279ms] [ERROR] Failed to load resource: net::ERR_CONNECTION_CLOSED @ https://via.placeholder.com/300x200?text=No+Image:0
[   65371ms] [ERROR] Failed to load resource: net::ERR_CONNECTION_CLOSED @ https://via.placeholder.com/300x200?text=No+Image:0
[   65463ms] [ERROR] Failed to load resource: net::ERR_CONNECTION_CLOSED @ https://via.placeholder.com/300x200?text=No+Image:0
[   65555ms] [ERROR] Failed to load resource: net::ERR_CONNECTION_CLOSED @ https://via.placeholder.com/300x200?text=No+Image:0
[   65657ms] [ERROR] Failed to load resource: net::ERR_CONNECTION_CLOSED @ https://via.placeholder.com/300x200?text=No+Image:0
[   65750ms] [ERROR] Failed to load resource: net::ERR_CONNECTION_CLOSED @ https://via.placeholder.com/300x200?text=No+Image:0
[   65842ms] [ERROR] Failed to load resource: net::ERR_CONNECTION_CLOSED @ https://via.placeholder.com/300x200?text=No+Image:0
[   65934ms] [ERROR] Failed to load resource: net::ERR_CONNECTION_CLOSED @ https://via.placeholder.com/300x200?text=No+Image:0
[   66028ms] [ERROR] Failed to load resource: net::ERR_CONNECTION_CLOSED @ https://via.placeholder.com/300x200?text=No+Image:0
[   66120ms] [ERROR] Failed to load resource: net::ERR_CONNECTION_CLOSED @ https://via.placeholder.com/300x200?text=No+Image:0
[   66217ms] [ERROR] Failed to load resource: net::ERR_CONNECTION_CLOSED @ https://via.placeholder.com/300x200?text=No+Image:0
[   66314ms] [ERROR] Failed to load resource: net::ERR_CONNECTION_CLOSED @ https://via.placeholder.com/300x200?text=No+Image:0
[   66409ms] [ERROR] Failed to load resource: net::ERR_CONNECTION_CLOSED @ https://via.placeholder.com/300x200?text=No+Image:0
[   66510ms] [ERROR] Failed to load resource: net::ERR_CONNECTION_CLOSED @ https://via.placeholder.com/300x200?text=No+Image:0
[   66611ms] [ERROR] Failed to load resource: net::ERR_CONNECTION_CLOSED @ https://via.placeholder.com/300x200?text=No+Image:0
[   66708ms] [ERROR] Failed to load resource: net::ERR_CONNECTION_CLOSED @ https://via.placeholder.com/300x200?text=No+Image:0
[   66800ms] [ERROR] Failed to load resource: net::ERR_CONNECTION_CLOSED @ https://via.placeholder.com/300x200?text=No+Image:0
[   66895ms] [ERROR] Failed to load resource: net::ERR_CONNECTION_CLOSED @ https://via.placeholder.com/300x200?text=No+Image:0
[   66983ms] [ERROR] Failed to load resource: net::ERR_CONNECTION_CLOSED @ https://via.placeholder.com/300x200?text=No+Image:0
[   67074ms] [ERROR] Failed to load resource: net::ERR_CONNECTION_CLOSED @ https://via.placeholder.com/300x200?text=No+Image:0
[   67168ms] [ERROR] Failed to load resource: net::ERR_CONNECTION_CLOSED @ https://via.placeholder.com/300x200?text=No+Image:0
[   67261ms] [ERROR] Failed to load resource: net::ERR_CONNECTION_CLOSED @ https://via.placeholder.com/300x200?text=No+Image:0
[   67348ms] [ERROR] Failed to load resource: net::ERR_CONNECTION_CLOSED @ https://via.placeholder.com/300x200?text=No+Image:0
[   67443ms] [ERROR] Failed to load resource: net::ERR_CONNECTION_CLOSED @ https://via.placeholder.com/300x200?text=No+Image:0
[   67537ms] [ERROR] Failed to load resource: net::ERR_CONNECTION_CLOSED @ https://via.placeholder.com/300x200?text=No+Image:0
[   67640ms] [ERROR] Failed to load resource: net::ERR_CONNECTION_CLOSED @ https://via.placeholder.com/300x200?text=No+Image:0
[   67736ms] [ERROR] Failed to load resource: net::ERR_CONNECTION_CLOSED @ https://via.placeholder.com/300x200?text=No+Image:0
[   67827ms] [ERROR] Failed to load resource: net::ERR_CONNECTION_CLOSED @ https://via.placeholder.com/300x200?text=No+Image:0
[   67920ms] [ERROR] Failed to load resource: net::ERR_CONNECTION_CLOSED @ https://via.placeholder.com/300x200?text=No+Image:0
[   68013ms] [ERROR] Failed to load resource: net::ERR_CONNECTION_CLOSED @ https://via.placeholder.com/300x200?text=No+Image:0
[   68106ms] [ERROR] Failed to load resource: net::ERR_CONNECTION_CLOSED @ https://via.placeholder.com/300x200?text=No+Image:0
[   68217ms] [ERROR] Failed to load resource: net::ERR_CONNECTION_CLOSED @ https://via.placeholder.com/300x200?text=No+Image:0
[   68311ms] [ERROR] Failed to load resource: net::ERR_CONNECTION_CLOSED @ https://via.placeholder.com/300x200?text=No+Image:0
[   68405ms] [ERROR] Failed to load resource: net::ERR_CONNECTION_CLOSED @ https://via.placeholder.com/300x200?text=No+Image:0
[   68505ms] [ERROR] Failed to load resource: net::ERR_CONNECTION_CLOSED @ https://via.placeholder.com/300x200?text=No+Image:0
[   68600ms] [ERROR] Failed to load resource: net::ERR_CONNECTION_CLOSED @ https://via.placeholder.com/300x200?text=No+Image:0
[   68695ms] [ERROR] Failed to load resource: net::ERR_CONNECTION_CLOSED @ https://via.placeholder.com/300x200?text=No+Image:0
[   68788ms] [ERROR] Failed to load resource: net::ERR_CONNECTION_CLOSED @ https://via.placeholder.com/300x200?text=No+Image:0
[   68887ms] [ERROR] Failed to load resource: net::ERR_CONNECTION_CLOSED @ https://via.placeholder.com/300x200?text=No+Image:0
[   68987ms] [ERROR] Failed to load resource: net::ERR_CONNECTION_CLOSED @ https://via.placeholder.com/300x200?text=No+Image:0
[   69081ms] [ERROR] Failed to load resource: net::ERR_CONNECTION_CLOSED @ https://via.placeholder.com/300x200?text=No+Image:0
[   69208ms] [ERROR] Failed to load resource: net::ERR_CONNECTION_CLOSED @ https://via.placeholder.com/300x200?text=No+Image:0
[   69302ms] [ERROR] Failed to load resource: net::ERR_CONNECTION_CLOSED @ https://via.placeholder.com/300x200?text=No+Image:0
[   69397ms] [ERROR] Failed to load resource: net::ERR_CONNECTION_CLOSED @ https://via.placeholder.com/300x200?text=No+Image:0
[   69495ms] [ERROR] Failed to load resource: net::ERR_CONNECTION_CLOSED @ https://via.placeholder.com/300x200?text=No+Image:0
[   69594ms] [ERROR] Failed to load resource: net::ERR_CONNECTION_CLOSED @ https://via.placeholder.com/300x200?text=No+Image:0
[   69688ms] [ERROR] Failed to load resource: net::ERR_CONNECTION_CLOSED @ https://via.placeholder.com/300x200?text=No+Image:0
[   69786ms] [ERROR] Failed to load resource: net::ERR_CONNECTION_CLOSED @ https://via.placeholder.com/300x200?text=No+Image:0
[   69881ms] [ERROR] Failed to load resource: net::ERR_CONNECTION_CLOSED @ https://via.placeholder.com/300x200?text=No+Image:0
[   69983ms] [ERROR] Failed to load resource: net::ERR_CONNECTION_CLOSED @ https://via.placeholder.com/300x200?text=No+Image:0
[   70076ms] [ERROR] Failed to load resource: net::ERR_CONNECTION_CLOSED @ https://via.placeholder.com/300x200?text=No+Image:0
[   70172ms] [ERROR] Failed to load resource: net::ERR_CONNECTION_CLOSED @ https://via.placeholder.com/300x200?text=No+Image:0
[   70271ms] [ERROR] Failed to load resource: net::ERR_CONNECTION_CLOSED @ https://via.placeholder.com/300x200?text=No+Image:0
[   70366ms] [ERROR] Failed to load resource: net::ERR_CONNECTION_CLOSED @ https://via.placeholder.com/300x200?text=No+Image:0
[   70456ms] [ERROR] Failed to load resource: net::ERR_CONNECTION_CLOSED @ https://via.placeholder.com/300x200?text=No+Image:0
[   70554ms] [ERROR] Failed to load resource: net::ERR_CONNECTION_CLOSED @ https://via.placeholder.com/300x200?text=No+Image:0
[   70651ms] [ERROR] Failed to load resource: net::ERR_CONNECTION_CLOSED @ https://via.placeholder.com/300x200?text=No+Image:0
[   70748ms] [ERROR] Failed to load resource: net::ERR_CONNECTION_CLOSED @ https://via.placeholder.com/300x200?text=No+Image:0
[   70844ms] [ERROR] Failed to load resource: net::ERR_CONNECTION_CLOSED @ https://via.placeholder.com/300x200?text=No+Image:0
[   70936ms] [ERROR] Failed to load resource: net::ERR_CONNECTION_CLOSED @ https://via.placeholder.com/300x200?text=No+Image:0
[   71039ms] [ERROR] Failed to load resource: net::ERR_CONNECTION_CLOSED @ https://via.placeholder.com/300x200?text=No+Image:0
[   71134ms] [ERROR] Failed to load resource: net::ERR_CONNECTION_CLOSED @ https://via.placeholder.com/300x200?text=No+Image:0
[   71227ms] [ERROR] Failed to load resource: net::ERR_CONNECTION_CLOSED @ https://via.placeholder.com/300x200?text=No+Image:0
[   71319ms] [ERROR] Failed to load resource: net::ERR_CONNECTION_CLOSED @ https://via.placeholder.com/300x200?text=No+Image:0
[   71411ms] [ERROR] Failed to load resource: net::ERR_CONNECTION_CLOSED @ https://via.placeholder.com/300x200?text=No+Image:0
[   71520ms] [ERROR] Failed to load resource: net::ERR_CONNECTION_CLOSED @ https://via.placeholder.com/300x200?text=No+Image:0
[   71616ms] [ERROR] Failed to load resource: net::ERR_CONNECTION_CLOSED @ https://via.placeholder.com/300x200?text=No+Image:0
[   71709ms] [ERROR] Failed to load resource: net::ERR_CONNECTION_CLOSED @ https://via.placeholder.com/300x200?text=No+Image:0
[   71799ms] [ERROR] Failed to load resource: net::ERR_CONNECTION_CLOSED @ https://via.placeholder.com/300x200?text=No+Image:0
[   71888ms] [ERROR] Failed to load resource: net::ERR_CONNECTION_CLOSED @ https://via.placeholder.com/300x200?text=No+Image:0
[   71985ms] [ERROR] Failed to load resource: net::ERR_CONNECTION_CLOSED @ https://via.placeholder.com/300x200?text=No+Image:0
[   72079ms] [ERROR] Failed to load resource: net::ERR_CONNECTION_CLOSED @ https://via.placeholder.com/300x200?text=No+Image:0
[   72170ms] [ERROR] Failed to load resource: net::ERR_CONNECTION_CLOSED @ https://via.placeholder.com/300x200?text=No+Image:0
[   72267ms] [ERROR] Failed to load resource: net::ERR_CONNECTION_CLOSED @ https://via.placeholder.com/300x200?text=No+Image:0
[   72362ms] [ERROR] Failed to load resource: net::ERR_CONNECTION_CLOSED @ https://via.placeholder.com/300x200?text=No+Image:0
[   72454ms] [ERROR] Failed to load resource: net::ERR_CONNECTION_CLOSED @ https://via.placeholder.com/300x200?text=No+Image:0
[   72556ms] [ERROR] Failed to load resource: net::ERR_CONNECTION_CLOSED @ https://via.placeholder.com/300x200?text=No+Image:0
[   72651ms] [ERROR] Failed to load resource: net::ERR_CONNECTION_CLOSED @ https://via.placeholder.com/300x200?text=No+Image:0
[   72750ms] [ERROR] Failed to load resource: net::ERR_CONNECTION_CLOSED @ https://via.placeholder.com/300x200?text=No+Image:0
[   72841ms] [ERROR] Failed to load resource: net::ERR_CONNECTION_CLOSED @ https://via.placeholder.com/300x200?text=No+Image:0
[   72937ms] [ERROR] Failed to load resource: net::ERR_CONNECTION_CLOSED @ https://via.placeholder.com/300x200?text=No+Image:0
[   73034ms] [ERROR] Failed to load resource: net::ERR_CONNECTION_CLOSED @ https://via.placeholder.com/300x200?text=No+Image:0
[   73129ms] [ERROR] Failed to load resource: net::ERR_CONNECTION_CLOSED @ https://via.placeholder.com/300x200?text=No+Image:0
[   73220ms] [ERROR] Failed to load resource: net::ERR_CONNECTION_CLOSED @ https://via.placeholder.com/300x200?text=No+Image:0
[   73309ms] [ERROR] Failed to load resource: net::ERR_CONNECTION_CLOSED @ https://via.placeholder.com/300x200?text=No+Image:0
[   73403ms] [ERROR] Failed to load resource: net::ERR_CONNECTION_CLOSED @ https://via.placeholder.com/300x200?text=No+Image:0
[   73492ms] [ERROR] Failed to load resource: net::ERR_CONNECTION_CLOSED @ https://via.placeholder.com/300x200?text=No+Image:0
[   73585ms] [ERROR] Failed to load resource: net::ERR_CONNECTION_CLOSED @ https://via.placeholder.com/300x200?text=No+Image:0
[   73677ms] [ERROR] Failed to load resource: net::ERR_CONNECTION_CLOSED @ https://via.placeholder.com/300x200?text=No+Image:0
[   73774ms] [ERROR] Failed to load resource: net::ERR_CONNECTION_CLOSED @ https://via.placeholder.com/300x200?text=No+Image:0
[   73867ms] [ERROR] Failed to load resource: net::ERR_CONNECTION_CLOSED @ https://via.placeholder.com/300x200?text=No+Image:0
[   73956ms] [ERROR] Failed to load resource: net::ERR_CONNECTION_CLOSED @ https://via.placeholder.com/300x200?text=No+Image:0
[   74053ms] [ERROR] Failed to load resource: net::ERR_CONNECTION_CLOSED @ https://via.placeholder.com/300x200?text=No+Image:0
[   74150ms] [ERROR] Failed to load resource: net::ERR_CONNECTION_CLOSED @ https://via.placeholder.com/300x200?text=No+Image:0
[   74246ms] [ERROR] Failed to load resource: net::ERR_CONNECTION_CLOSED @ https://via.placeholder.com/300x200?text=No+Image:0
[   74339ms] [ERROR] Failed to load resource: net::ERR_CONNECTION_CLOSED @ https://via.placeholder.com/300x200?text=No+Image:0
[   74430ms] [ERROR] Failed to load resource: net::ERR_CONNECTION_CLOSED @ https://via.placeholder.com/300x200?text=No+Image:0
[   74523ms] [ERROR] Failed to load resource: net::ERR_CONNECTION_CLOSED @ https://via.placeholder.com/300x200?text=No+Image:0
[   74613ms] [ERROR] Failed to load resource: net::ERR_CONNECTION_CLOSED @ https://via.placeholder.com/300x200?text=No+Image:0
[   74703ms] [ERROR] Failed to load resource: net::ERR_CONNECTION_CLOSED @ https://via.placeholder.com/300x200?text=No+Image:0
[   74797ms] [ERROR] Failed to load resource: net::ERR_CONNECTION_CLOSED @ https://via.placeholder.com/300x200?text=No+Image:0
[   74888ms] [ERROR] Failed to load resource: net::ERR_CONNECTION_CLOSED @ https://via.placeholder.com/300x200?text=No+Image:0
[   74977ms] [ERROR] Failed to load resource: net::ERR_CONNECTION_CLOSED @ https://via.placeholder.com/300x200?text=No+Image:0
[   75072ms] [ERROR] Failed to load resource: net::ERR_CONNECTION_CLOSED @ https://via.placeholder.com/300x200?text=No+Image:0
[   75166ms] [ERROR] Failed to load resource: net::ERR_CONNECTION_CLOSED @ https://via.placeholder.com/300x200?text=No+Image:0
[   75260ms] [ERROR] Failed to load resource: net::ERR_CONNECTION_CLOSED @ https://via.placeholder.com/300x200?text=No+Image:0
[   75357ms] [ERROR] Failed to load resource: net::ERR_CONNECTION_CLOSED @ https://via.placeholder.com/300x200?text=No+Image:0
[   75459ms] [ERROR] Failed to load resource: net::ERR_CONNECTION_CLOSED @ https://via.placeholder.com/300x200?text=No+Image:0
[   75554ms] [ERROR] Failed to load resource: net::ERR_CONNECTION_CLOSED @ https://via.placeholder.com/300x200?text=No+Image:0
[   75648ms] [ERROR] Failed to load resource: net::ERR_CONNECTION_CLOSED @ https://via.placeholder.com/300x200?text=No+Image:0
[   75740ms] [ERROR] Failed to load resource: net::ERR_CONNECTION_CLOSED @ https://via.placeholder.com/300x200?text=No+Image:0
[   75833ms] [ERROR] Failed to load resource: net::ERR_CONNECTION_CLOSED @ https://via.placeholder.com/300x200?text=No+Image:0
[   75925ms] [ERROR] Failed to load resource: net::ERR_CONNECTION_CLOSED @ https://via.placeholder.com/300x200?text=No+Image:0
[   76025ms] [ERROR] Failed to load resource: net::ERR_CONNECTION_CLOSED @ https://via.placeholder.com/300x200?text=No+Image:0
[   76118ms] [ERROR] Failed to load resource: net::ERR_CONNECTION_CLOSED @ https://via.placeholder.com/300x200?text=No+Image:0
[   76211ms] [ERROR] Failed to load resource: net::ERR_CONNECTION_CLOSED @ https://via.placeholder.com/300x200?text=No+Image:0
[   76308ms] [ERROR] Failed to load resource: net::ERR_CONNECTION_CLOSED @ https://via.placeholder.com/300x200?text=No+Image:0
[   76400ms] [ERROR] Failed to load resource: net::ERR_CONNECTION_CLOSED @ https://via.placeholder.com/300x200?text=No+Image:0
[   76498ms] [ERROR] Failed to load resource: net::ERR_CONNECTION_CLOSED @ https://via.placeholder.com/300x200?text=No+Image:0
[   76589ms] [ERROR] Failed to load resource: net::ERR_CONNECTION_CLOSED @ https://via.placeholder.com/300x200?text=No+Image:0
[   76683ms] [ERROR] Failed to load resource: net::ERR_CONNECTION_CLOSED @ https://via.placeholder.com/300x200?text=No+Image:0
[   76779ms] [ERROR] Failed to load resource: net::ERR_CONNECTION_CLOSED @ https://via.placeholder.com/300x200?text=No+Image:0
[   76873ms] [ERROR] Failed to load resource: net::ERR_CONNECTION_CLOSED @ https://via.placeholder.com/300x200?text=No+Image:0
[   76964ms] [ERROR] Failed to load resource: net::ERR_CONNECTION_CLOSED @ https://via.placeholder.com/300x200?text=No+Image:0
[   77054ms] [ERROR] Failed to load resource: net::ERR_CONNECTION_CLOSED @ https://via.placeholder.com/300x200?text=No+Image:0
[   77148ms] [ERROR] Failed to load resource: net::ERR_CONNECTION_CLOSED @ https://via.placeholder.com/300x200?text=No+Image:0
[   77239ms] [ERROR] Failed to load resource: net::ERR_CONNECTION_CLOSED @ https://via.placeholder.com/300x200?text=No+Image:0
[   77331ms] [ERROR] Failed to load resource: net::ERR_CONNECTION_CLOSED @ https://via.placeholder.com/300x200?text=No+Image:0
[   77426ms] [ERROR] Failed to load resource: net::ERR_CONNECTION_CLOSED @ https://via.placeholder.com/300x200?text=No+Image:0
[   77525ms] [ERROR] Failed to load resource: net::ERR_CONNECTION_CLOSED @ https://via.placeholder.com/300x200?text=No+Image:0
[   77625ms] [ERROR] Failed to load resource: net::ERR_CONNECTION_CLOSED @ https://via.placeholder.com/300x200?text=No+Image:0
[   77717ms] [ERROR] Failed to load resource: net::ERR_CONNECTION_CLOSED @ https://via.placeholder.com/300x200?text=No+Image:0
[   77813ms] [ERROR] Failed to load resource: net::ERR_CONNECTION_CLOSED @ https://via.placeholder.com/300x200?text=No+Image:0
[   77906ms] [ERROR] Failed to load resource: net::ERR_CONNECTION_CLOSED @ https://via.placeholder.com/300x200?text=No+Image:0
[   77997ms] [ERROR] Failed to load resource: net::ERR_CONNECTION_CLOSED @ https://via.placeholder.com/300x200?text=No+Image:0
[   78086ms] [ERROR] Failed to load resource: net::ERR_CONNECTION_CLOSED @ https://via.placeholder.com/300x200?text=No+Image:0
[   78180ms] [ERROR] Failed to load resource: net::ERR_CONNECTION_CLOSED @ https://via.placeholder.com/300x200?text=No+Image:0
[   78273ms] [ERROR] Failed to load resource: net::ERR_CONNECTION_CLOSED @ https://via.placeholder.com/300x200?text=No+Image:0
[   78367ms] [ERROR] Failed to load resource: net::ERR_CONNECTION_CLOSED @ https://via.placeholder.com/300x200?text=No+Image:0
[   78465ms] [ERROR] Failed to load resource: net::ERR_CONNECTION_CLOSED @ https://via.placeholder.com/300x200?text=No+Image:0
[   78561ms] [ERROR] Failed to load resource: net::ERR_CONNECTION_CLOSED @ https://via.placeholder.com/300x200?text=No+Image:0
[   78656ms] [ERROR] Failed to load resource: net::ERR_CONNECTION_CLOSED @ https://via.placeholder.com/300x200?text=No+Image:0
[   78747ms] [ERROR] Failed to load resource: net::ERR_CONNECTION_CLOSED @ https://via.placeholder.com/300x200?text=No+Image:0
[   78839ms] [ERROR] Failed to load resource: net::ERR_CONNECTION_CLOSED @ https://via.placeholder.com/300x200?text=No+Image:0
[   78933ms] [ERROR] Failed to load resource: net::ERR_CONNECTION_CLOSED @ https://via.placeholder.com/300x200?text=No+Image:0
[   79028ms] [ERROR] Failed to load resource: net::ERR_CONNECTION_CLOSED @ https://via.placeholder.com/300x200?text=No+Image:0
[   79118ms] [ERROR] Failed to load resource: net::ERR_CONNECTION_CLOSED @ https://via.placeholder.com/300x200?text=No+Image:0
[   79209ms] [ERROR] Failed to load resource: net::ERR_CONNECTION_CLOSED @ https://via.placeholder.com/300x200?text=No+Image:0
[   79300ms] [ERROR] Failed to load resource: net::ERR_CONNECTION_CLOSED @ https://via.placeholder.com/300x200?text=No+Image:0
[   79393ms] [ERROR] Failed to load resource: net::ERR_CONNECTION_CLOSED @ https://via.placeholder.com/300x200?text=No+Image:0
[   79520ms] [ERROR] Failed to load resource: net::ERR_CONNECTION_CLOSED @ https://via.placeholder.com/300x200?text=No+Image:0
[   79615ms] [ERROR] Failed to load resource: net::ERR_CONNECTION_CLOSED @ https://via.placeholder.com/300x200?text=No+Image:0
[   79705ms] [ERROR] Failed to load resource: net::ERR_CONNECTION_CLOSED @ https://via.placeholder.com/300x200?text=No+Image:0
[   79799ms] [ERROR] Failed to load resource: net::ERR_CONNECTION_CLOSED @ https://via.placeholder.com/300x200?text=No+Image:0
[   79887ms] [ERROR] Failed to load resource: net::ERR_CONNECTION_CLOSED @ https://via.placeholder.com/300x200?text=No+Image:0
[   79982ms] [ERROR] Failed to load resource: net::ERR_CONNECTION_CLOSED @ https://via.placeholder.com/300x200?text=No+Image:0
[   80078ms] [ERROR] Failed to load resource: net::ERR_CONNECTION_CLOSED @ https://via.placeholder.com/300x200?text=No+Image:0
[   80169ms] [ERROR] Failed to load resource: net::ERR_CONNECTION_CLOSED @ https://via.placeholder.com/300x200?text=No+Image:0
[   80264ms] [ERROR] Failed to load resource: net::ERR_CONNECTION_CLOSED @ https://via.placeholder.com/300x200?text=No+Image:0
[   80360ms] [ERROR] Failed to load resource: net::ERR_CONNECTION_CLOSED @ https://via.placeholder.com/300x200?text=No+Image:0
[   80448ms] [ERROR] Failed to load resource: net::ERR_CONNECTION_CLOSED @ https://via.placeholder.com/300x200?text=No+Image:0
[   80550ms] [ERROR] Failed to load resource: net::ERR_CONNECTION_CLOSED @ https://via.placeholder.com/300x200?text=No+Image:0
[   80655ms] [ERROR] Failed to load resource: net::ERR_CONNECTION_CLOSED @ https://via.placeholder.com/300x200?text=No+Image:0
[   80748ms] [ERROR] Failed to load resource: net::ERR_CONNECTION_CLOSED @ https://via.placeholder.com/300x200?text=No+Image:0
[   80835ms] [ERROR] Failed to load resource: net::ERR_CONNECTION_CLOSED @ https://via.placeholder.com/300x200?text=No+Image:0
[   80931ms] [ERROR] Failed to load resource: net::ERR_CONNECTION_CLOSED @ https://via.placeholder.com/300x200?text=No+Image:0
[   81029ms] [ERROR] Failed to load resource: net::ERR_CONNECTION_CLOSED @ https://via.placeholder.com/300x200?text=No+Image:0
[   81122ms] [ERROR] Failed to load resource: net::ERR_CONNECTION_CLOSED @ https://via.placeholder.com/300x200?text=No+Image:0
[   81211ms] [ERROR] Failed to load resource: net::ERR_CONNECTION_CLOSED @ https://via.placeholder.com/300x200?text=No+Image:0
[   81306ms] [ERROR] Failed to load resource: net::ERR_CONNECTION_CLOSED @ https://via.placeholder.com/300x200?text=No+Image:0
[   81401ms] [ERROR] Failed to load resource: net::ERR_CONNECTION_CLOSED @ https://via.placeholder.com/300x200?text=No+Image:0
[   81506ms] [ERROR] Failed to load resource: net::ERR_CONNECTION_CLOSED @ https://via.placeholder.com/300x200?text=No+Image:0
[   81597ms] [ERROR] Failed to load resource: net::ERR_CONNECTION_CLOSED @ https://via.placeholder.com/300x200?text=No+Image:0
[   81690ms] [ERROR] Failed to load resource: net::ERR_CONNECTION_CLOSED @ https://via.placeholder.com/300x200?text=No+Image:0
[   81777ms] [ERROR] Failed to load resource: net::ERR_CONNECTION_CLOSED @ https://via.placeholder.com/300x200?text=No+Image:0
[   81870ms] [ERROR] Failed to load resource: net::ERR_CONNECTION_CLOSED @ https://via.placeholder.com/300x200?text=No+Image:0
[   81963ms] [ERROR] Failed to load resource: net::ERR_CONNECTION_CLOSED @ https://via.placeholder.com/300x200?text=No+Image:0
[   82058ms] [ERROR] Failed to load resource: net::ERR_CONNECTION_CLOSED @ https://via.placeholder.com/300x200?text=No+Image:0
[   82150ms] [ERROR] Failed to load resource: net::ERR_CONNECTION_CLOSED @ https://via.placeholder.com/300x200?text=No+Image:0
[   82241ms] [ERROR] Failed to load resource: net::ERR_CONNECTION_CLOSED @ https://via.placeholder.com/300x200?text=No+Image:0
[   82333ms] [ERROR] Failed to load resource: net::ERR_CONNECTION_CLOSED @ https://via.placeholder.com/300x200?text=No+Image:0
[   82424ms] [ERROR] Failed to load resource: net::ERR_CONNECTION_CLOSED @ https://via.placeholder.com/300x200?text=No+Image:0
[   82517ms] [ERROR] Failed to load resource: net::ERR_CONNECTION_CLOSED @ https://via.placeholder.com/300x200?text=No+Image:0
[   82613ms] [ERROR] Failed to load resource: net::ERR_CONNECTION_CLOSED @ https://via.placeholder.com/300x200?text=No+Image:0
[   82702ms] [ERROR] Failed to load resource: net::ERR_CONNECTION_CLOSED @ https://via.placeholder.com/300x200?text=No+Image:0
[   82792ms] [ERROR] Failed to load resource: net::ERR_CONNECTION_CLOSED @ https://via.placeholder.com/300x200?text=No+Image:0
[   82881ms] [ERROR] Failed to load resource: net::ERR_CONNECTION_CLOSED @ https://via.placeholder.com/300x200?text=No+Image:0
[   82973ms] [ERROR] Failed to load resource: net::ERR_CONNECTION_CLOSED @ https://via.placeholder.com/300x200?text=No+Image:0
[   83067ms] [ERROR] Failed to load resource: net::ERR_CONNECTION_CLOSED @ https://via.placeholder.com/300x200?text=No+Image:0
[   83160ms] [ERROR] Failed to load resource: net::ERR_CONNECTION_CLOSED @ https://via.placeholder.com/300x200?text=No+Image:0
[   83252ms] [ERROR] Failed to load resource: net::ERR_CONNECTION_CLOSED @ https://via.placeholder.com/300x200?text=No+Image:0
[   83346ms] [ERROR] Failed to load resource: net::ERR_CONNECTION_CLOSED @ https://via.placeholder.com/300x200?text=No+Image:0
[   83440ms] [ERROR] Failed to load resource: net::ERR_CONNECTION_CLOSED @ https://via.placeholder.com/300x200?text=No+Image:0
[   83535ms] [ERROR] Failed to load resource: net::ERR_CONNECTION_CLOSED @ https://via.placeholder.com/300x200?text=No+Image:0
[   83627ms] [ERROR] Failed to load resource: net::ERR_CONNECTION_CLOSED @ https://via.placeholder.com/300x200?text=No+Image:0
[   83724ms] [ERROR] Failed to load resource: net::ERR_CONNECTION_CLOSED @ https://via.placeholder.com/300x200?text=No+Image:0
[   83817ms] [ERROR] Failed to load resource: net::ERR_CONNECTION_CLOSED @ https://via.placeholder.com/300x200?text=No+Image:0
[   83910ms] [ERROR] Failed to load resource: net::ERR_CONNECTION_CLOSED @ https://via.placeholder.com/300x200?text=No+Image:0
[   84009ms] [ERROR] Failed to load resource: net::ERR_CONNECTION_CLOSED @ https://via.placeholder.com/300x200?text=No+Image:0
[   84102ms] [ERROR] Failed to load resource: net::ERR_CONNECTION_CLOSED @ https://via.placeholder.com/300x200?text=No+Image:0
[   84200ms] [ERROR] Failed to load resource: net::ERR_CONNECTION_CLOSED @ https://via.placeholder.com/300x200?text=No+Image:0
[   84293ms] [ERROR] Failed to load resource: net::ERR_CONNECTION_CLOSED @ https://via.placeholder.com/300x200?text=No+Image:0
[   84391ms] [ERROR] Failed to load resource: net::ERR_CONNECTION_CLOSED @ https://via.placeholder.com/300x200?text=No+Image:0
[   84480ms] [ERROR] Failed to load resource: net::ERR_CONNECTION_CLOSED @ https://via.placeholder.com/300x200?text=No+Image:0
[   84578ms] [ERROR] Failed to load resource: net::ERR_CONNECTION_CLOSED @ https://via.placeholder.com/300x200?text=No+Image:0
[   84676ms] [ERROR] Failed to load resource: net::ERR_CONNECTION_CLOSED @ https://via.placeholder.com/300x200?text=No+Image:0
[   84768ms] [ERROR] Failed to load resource: net::ERR_CONNECTION_CLOSED @ https://via.placeholder.com/300x200?text=No+Image:0
[   84861ms] [ERROR] Failed to load resource: net::ERR_CONNECTION_CLOSED @ https://via.placeholder.com/300x200?text=No+Image:0
[   84950ms] [ERROR] Failed to load resource: net::ERR_CONNECTION_CLOSED @ https://via.placeholder.com/300x200?text=No+Image:0
[   85041ms] [ERROR] Failed to load resource: net::ERR_CONNECTION_CLOSED @ https://via.placeholder.com/300x200?text=No+Image:0
[   85136ms] [ERROR] Failed to load resource: net::ERR_CONNECTION_CLOSED @ https://via.placeholder.com/300x200?text=No+Image:0
[   85226ms] [ERROR] Failed to load resource: net::ERR_CONNECTION_CLOSED @ https://via.placeholder.com/300x200?text=No+Image:0
[   85323ms] [ERROR] Failed to load resource: net::ERR_CONNECTION_CLOSED @ https://via.placeholder.com/300x200?text=No+Image:0
[   85418ms] [ERROR] Failed to load resource: net::ERR_CONNECTION_CLOSED @ https://via.placeholder.com/300x200?text=No+Image:0
[   85512ms] [ERROR] Failed to load resource: net::ERR_CONNECTION_CLOSED @ https://via.placeholder.com/300x200?text=No+Image:0
[   85610ms] [ERROR] Failed to load resource: net::ERR_CONNECTION_CLOSED @ https://via.placeholder.com/300x200?text=No+Image:0
[   85718ms] [ERROR] Failed to load resource: net::ERR_CONNECTION_CLOSED @ https://via.placeholder.com/300x200?text=No+Image:0
[   85810ms] [ERROR] Failed to load resource: net::ERR_CONNECTION_CLOSED @ https://via.placeholder.com/300x200?text=No+Image:0
[   85904ms] [ERROR] Failed to load resource: net::ERR_CONNECTION_CLOSED @ https://via.placeholder.com/300x200?text=No+Image:0
[   85995ms] [ERROR] Failed to load resource: net::ERR_CONNECTION_CLOSED @ https://via.placeholder.com/300x200?text=No+Image:0
[   86092ms] [ERROR] Failed to load resource: net::ERR_CONNECTION_CLOSED @ https://via.placeholder.com/300x200?text=No+Image:0
[   86190ms] [ERROR] Failed to load resource: net::ERR_CONNECTION_CLOSED @ https://via.placeholder.com/300x200?text=No+Image:0
[   86283ms] [ERROR] Failed to load resource: net::ERR_CONNECTION_CLOSED @ https://via.placeholder.com/300x200?text=No+Image:0
[   86374ms] [ERROR] Failed to load resource: net::ERR_CONNECTION_CLOSED @ https://via.placeholder.com/300x200?text=No+Image:0
[   86465ms] [ERROR] Failed to load resource: net::ERR_CONNECTION_CLOSED @ https://via.placeholder.com/300x200?text=No+Image:0
[   86565ms] [ERROR] Failed to load resource: net::ERR_CONNECTION_CLOSED @ https://via.placeholder.com/300x200?text=No+Image:0
[   86669ms] [ERROR] Failed to load resource: net::ERR_CONNECTION_CLOSED @ https://via.placeholder.com/300x200?text=No+Image:0
[   86768ms] [ERROR] Failed to load resource: net::ERR_CONNECTION_CLOSED @ https://via.placeholder.com/300x200?text=No+Image:0
[   86865ms] [ERROR] Failed to load resource: net::ERR_CONNECTION_CLOSED @ https://via.placeholder.com/300x200?text=No+Image:0
[   86957ms] [ERROR] Failed to load resource: net::ERR_CONNECTION_CLOSED @ https://via.placeholder.com/300x200?text=No+Image:0
[   87065ms] [ERROR] Failed to load resource: net::ERR_CONNECTION_CLOSED @ https://via.placeholder.com/300x200?text=No+Image:0
[   87163ms] [ERROR] Failed to load resource: net::ERR_CONNECTION_CLOSED @ https://via.placeholder.com/300x200?text=No+Image:0
[   87258ms] [ERROR] Failed to load resource: net::ERR_CONNECTION_CLOSED @ https://via.placeholder.com/300x200?text=No+Image:0
[   87354ms] [ERROR] Failed to load resource: net::ERR_CONNECTION_CLOSED @ https://via.placeholder.com/300x200?text=No+Image:0
[   87448ms] [ERROR] Failed to load resource: net::ERR_CONNECTION_CLOSED @ https://via.placeholder.com/300x200?text=No+Image:0
[   87539ms] [ERROR] Failed to load resource: net::ERR_CONNECTION_CLOSED @ https://via.placeholder.com/300x200?text=No+Image:0
[   87632ms] [ERROR] Failed to load resource: net::ERR_CONNECTION_CLOSED @ https://via.placeholder.com/300x200?text=No+Image:0
[   87725ms] [ERROR] Failed to load resource: net::ERR_CONNECTION_CLOSED @ https://via.placeholder.com/300x200?text=No+Image:0
[   87820ms] [ERROR] Failed to load resource: net::ERR_CONNECTION_CLOSED @ https://via.placeholder.com/300x200?text=No+Image:0
[   87912ms] [ERROR] Failed to load resource: net::ERR_CONNECTION_CLOSED @ https://via.placeholder.com/300x200?text=No+Image:0
[   88012ms] [ERROR] Failed to load resource: net::ERR_CONNECTION_CLOSED @ https://via.placeholder.com/300x200?text=No+Image:0
[   88101ms] [ERROR] Failed to load resource: net::ERR_CONNECTION_CLOSED @ https://via.placeholder.com/300x200?text=No+Image:0
[   88191ms] [ERROR] Failed to load resource: net::ERR_CONNECTION_CLOSED @ https://via.placeholder.com/300x200?text=No+Image:0
[   88284ms] [ERROR] Failed to load resource: net::ERR_CONNECTION_CLOSED @ https://via.placeholder.com/300x200?text=No+Image:0
[   88379ms] [ERROR] Failed to load resource: net::ERR_CONNECTION_CLOSED @ https://via.placeholder.com/300x200?text=No+Image:0
[   88475ms] [ERROR] Failed to load resource: net::ERR_CONNECTION_CLOSED @ https://via.placeholder.com/300x200?text=No+Image:0
[   88561ms] [ERROR] Failed to load resource: net::ERR_CONNECTION_CLOSED @ https://via.placeholder.com/300x200?text=No+Image:0
[   88655ms] [ERROR] Failed to load resource: net::ERR_CONNECTION_CLOSED @ https://via.placeholder.com/300x200?text=No+Image:0
[   88769ms] [ERROR] Failed to load resource: net::ERR_CONNECTION_CLOSED @ https://via.placeholder.com/300x200?text=No+Image:0
[   88861ms] [ERROR] Failed to load resource: net::ERR_CONNECTION_CLOSED @ https://via.placeholder.com/300x200?text=No+Image:0
[   88955ms] [ERROR] Failed to load resource: net::ERR_CONNECTION_CLOSED @ https://via.placeholder.com/300x200?text=No+Image:0
[   89051ms] [ERROR] Failed to load resource: net::ERR_CONNECTION_CLOSED @ https://via.placeholder.com/300x200?text=No+Image:0
[   89148ms] [ERROR] Failed to load resource: net::ERR_CONNECTION_CLOSED @ https://via.placeholder.com/300x200?text=No+Image:0
[   89247ms] [ERROR] Failed to load resource: net::ERR_CONNECTION_CLOSED @ https://via.placeholder.com/300x200?text=No+Image:0
[   89341ms] [ERROR] Failed to load resource: net::ERR_CONNECTION_CLOSED @ https://via.placeholder.com/300x200?text=No+Image:0
[   89434ms] [ERROR] Failed to load resource: net::ERR_CONNECTION_CLOSED @ https://via.placeholder.com/300x200?text=No+Image:0
[   89525ms] [ERROR] Failed to load resource: net::ERR_CONNECTION_CLOSED @ https://via.placeholder.com/300x200?text=No+Image:0
[   89613ms] [ERROR] Failed to load resource: net::ERR_CONNECTION_CLOSED @ https://via.placeholder.com/300x200?text=No+Image:0
[   89705ms] [ERROR] Failed to load resource: net::ERR_CONNECTION_CLOSED @ https://via.placeholder.com/300x200?text=No+Image:0
[   89795ms] [ERROR] Failed to load resource: net::ERR_CONNECTION_CLOSED @ https://via.placeholder.com/300x200?text=No+Image:0
[   89889ms] [ERROR] Failed to load resource: net::ERR_CONNECTION_CLOSED @ https://via.placeholder.com/300x200?text=No+Image:0
[   89982ms] [ERROR] Failed to load resource: net::ERR_CONNECTION_CLOSED @ https://via.placeholder.com/300x200?text=No+Image:0
[   90072ms] [ERROR] Failed to load resource: net::ERR_CONNECTION_CLOSED @ https://via.placeholder.com/300x200?text=No+Image:0
[   90166ms] [ERROR] Failed to load resource: net::ERR_CONNECTION_CLOSED @ https://via.placeholder.com/300x200?text=No+Image:0
[   90269ms] [ERROR] Failed to load resource: net::ERR_CONNECTION_CLOSED @ https://via.placeholder.com/300x200?text=No+Image:0
[   90362ms] [ERROR] Failed to load resource: net::ERR_CONNECTION_CLOSED @ https://via.placeholder.com/300x200?text=No+Image:0
[   90456ms] [ERROR] Failed to load resource: net::ERR_CONNECTION_CLOSED @ https://via.placeholder.com/300x200?text=No+Image:0
[   90548ms] [ERROR] Failed to load resource: net::ERR_CONNECTION_CLOSED @ https://via.placeholder.com/300x200?text=No+Image:0
[   90649ms] [ERROR] Failed to load resource: net::ERR_CONNECTION_CLOSED @ https://via.placeholder.com/300x200?text=No+Image:0
[   90785ms] [ERROR] Failed to load resource: net::ERR_CONNECTION_CLOSED @ https://via.placeholder.com/300x200?text=No+Image:0
[   90888ms] [ERROR] Failed to load resource: net::ERR_CONNECTION_CLOSED @ https://via.placeholder.com/300x200?text=No+Image:0
[   90986ms] [ERROR] Failed to load resource: net::ERR_CONNECTION_CLOSED @ https://via.placeholder.com/300x200?text=No+Image:0
[   91091ms] [ERROR] Failed to load resource: net::ERR_CONNECTION_CLOSED @ https://via.placeholder.com/300x200?text=No+Image:0
[   91192ms] [ERROR] Failed to load resource: net::ERR_CONNECTION_CLOSED @ https://via.placeholder.com/300x200?text=No+Image:0
[   91289ms] [ERROR] Failed to load resource: net::ERR_CONNECTION_CLOSED @ https://via.placeholder.com/300x200?text=No+Image:0
[   91396ms] [ERROR] Failed to load resource: net::ERR_CONNECTION_CLOSED @ https://via.placeholder.com/300x200?text=No+Image:0
[   91502ms] [ERROR] Failed to load resource: net::ERR_CONNECTION_CLOSED @ https://via.placeholder.com/300x200?text=No+Image:0
[   91596ms] [ERROR] Failed to load resource: net::ERR_CONNECTION_CLOSED @ https://via.placeholder.com/300x200?text=No+Image:0
[   91702ms] [ERROR] Failed to load resource: net::ERR_CONNECTION_CLOSED @ https://via.placeholder.com/300x200?text=No+Image:0
[   91803ms] [ERROR] Failed to load resource: net::ERR_CONNECTION_CLOSED @ https://via.placeholder.com/300x200?text=No+Image:0
[   91906ms] [ERROR] Failed to load resource: net::ERR_CONNECTION_CLOSED @ https://via.placeholder.com/300x200?text=No+Image:0
[   92004ms] [ERROR] Failed to load resource: net::ERR_CONNECTION_CLOSED @ https://via.placeholder.com/300x200?text=No+Image:0
[   92095ms] [ERROR] Failed to load resource: net::ERR_CONNECTION_CLOSED @ https://via.placeholder.com/300x200?text=No+Image:0
[   92188ms] [ERROR] Failed to load resource: net::ERR_CONNECTION_CLOSED @ https://via.placeholder.com/300x200?text=No+Image:0
[   92286ms] [ERROR] Failed to load resource: net::ERR_CONNECTION_CLOSED @ https://via.placeholder.com/300x200?text=No+Image:0
[   92402ms] [ERROR] Failed to load resource: net::ERR_CONNECTION_CLOSED @ https://via.placeholder.com/300x200?text=No+Image:0
[   92504ms] [ERROR] Failed to load resource: net::ERR_CONNECTION_CLOSED @ https://via.placeholder.com/300x200?text=No+Image:0
[   92648ms] [ERROR] Failed to load resource: net::ERR_CONNECTION_CLOSED @ https://via.placeholder.com/300x200?text=No+Image:0
[   92744ms] [ERROR] Failed to load resource: net::ERR_CONNECTION_CLOSED @ https://via.placeholder.com/300x200?text=No+Image:0
[   92844ms] [ERROR] Failed to load resource: net::ERR_CONNECTION_CLOSED @ https://via.placeholder.com/300x200?text=No+Image:0
[   92968ms] [ERROR] Failed to load resource: net::ERR_CONNECTION_CLOSED @ https://via.placeholder.com/300x200?text=No+Image:0
[   93084ms] [ERROR] Failed to load resource: net::ERR_CONNECTION_CLOSED @ https://via.placeholder.com/300x200?text=No+Image:0
[   93176ms] [ERROR] Failed to load resource: net::ERR_CONNECTION_CLOSED @ https://via.placeholder.com/300x200?text=No+Image:0
[   93269ms] [ERROR] Failed to load resource: net::ERR_CONNECTION_CLOSED @ https://via.placeholder.com/300x200?text=No+Image:0
[   93374ms] [ERROR] Failed to load resource: net::ERR_CONNECTION_CLOSED @ https://via.placeholder.com/300x200?text=No+Image:0
[   93477ms] [ERROR] Failed to load resource: net::ERR_CONNECTION_CLOSED @ https://via.placeholder.com/300x200?text=No+Image:0
[   93725ms] [ERROR] Failed to load resource: net::ERR_CONNECTION_CLOSED @ https://via.placeholder.com/300x200?text=No+Image:0
[   93844ms] [ERROR] Failed to load resource: net::ERR_CONNECTION_CLOSED @ https://via.placeholder.com/300x200?text=No+Image:0
[   93938ms] [ERROR] Failed to load resource: net::ERR_CONNECTION_CLOSED @ https://via.placeholder.com/300x200?text=No+Image:0
[   94043ms] [ERROR] Failed to load resource: net::ERR_CONNECTION_CLOSED @ https://via.placeholder.com/300x200?text=No+Image:0
[   94140ms] [ERROR] Failed to load resource: net::ERR_CONNECTION_CLOSED @ https://via.placeholder.com/300x200?text=No+Image:0
[   94239ms] [ERROR] Failed to load resource: net::ERR_CONNECTION_CLOSED @ https://via.placeholder.com/300x200?text=No+Image:0
[   94334ms] [ERROR] Failed to load resource: net::ERR_CONNECTION_CLOSED @ https://via.placeholder.com/300x200?text=No+Image:0
[   94425ms] [ERROR] Failed to load resource: net::ERR_CONNECTION_CLOSED @ https://via.placeholder.com/300x200?text=No+Image:0
[   94526ms] [ERROR] Failed to load resource: net::ERR_CONNECTION_CLOSED @ https://via.placeholder.com/300x200?text=No+Image:0
[   94620ms] [ERROR] Failed to load resource: net::ERR_CONNECTION_CLOSED @ https://via.placeholder.com/300x200?text=No+Image:0
[   94714ms] [ERROR] Failed to load resource: net::ERR_CONNECTION_CLOSED @ https://via.placeholder.com/300x200?text=No+Image:0
[   94810ms] [ERROR] Failed to load resource: net::ERR_CONNECTION_CLOSED @ https://via.placeholder.com/300x200?text=No+Image:0
[   94904ms] [ERROR] Failed to load resource: net::ERR_CONNECTION_CLOSED @ https://via.placeholder.com/300x200?text=No+Image:0
[   95004ms] [ERROR] Failed to load resource: net::ERR_CONNECTION_CLOSED @ https://via.placeholder.com/300x200?text=No+Image:0
[   95098ms] [ERROR] Failed to load resource: net::ERR_CONNECTION_CLOSED @ https://via.placeholder.com/300x200?text=No+Image:0
[   95195ms] [ERROR] Failed to load resource: net::ERR_CONNECTION_CLOSED @ https://via.placeholder.com/300x200?text=No+Image:0
[   95290ms] [ERROR] Failed to load resource: net::ERR_CONNECTION_CLOSED @ https://via.placeholder.com/300x200?text=No+Image:0
[   95382ms] [ERROR] Failed to load resource: net::ERR_CONNECTION_CLOSED @ https://via.placeholder.com/300x200?text=No+Image:0
[   95477ms] [ERROR] Failed to load resource: net::ERR_CONNECTION_CLOSED @ https://via.placeholder.com/300x200?text=No+Image:0
[   95572ms] [ERROR] Failed to load resource: net::ERR_CONNECTION_CLOSED @ https://via.placeholder.com/300x200?text=No+Image:0
[   95666ms] [ERROR] Failed to load resource: net::ERR_CONNECTION_CLOSED @ https://via.placeholder.com/300x200?text=No+Image:0
[   95757ms] [ERROR] Failed to load resource: net::ERR_CONNECTION_CLOSED @ https://via.placeholder.com/300x200?text=No+Image:0
[   95847ms] [ERROR] Failed to load resource: net::ERR_CONNECTION_CLOSED @ https://via.placeholder.com/300x200?text=No+Image:0
[   95951ms] [ERROR] Failed to load resource: net::ERR_CONNECTION_CLOSED @ https://via.placeholder.com/300x200?text=No+Image:0
[   96057ms] [ERROR] Failed to load resource: net::ERR_CONNECTION_CLOSED @ https://via.placeholder.com/300x200?text=No+Image:0
[   96151ms] [ERROR] Failed to load resource: net::ERR_CONNECTION_CLOSED @ https://via.placeholder.com/300x200?text=No+Image:0
[   96247ms] [ERROR] Failed to load resource: net::ERR_CONNECTION_CLOSED @ https://via.placeholder.com/300x200?text=No+Image:0
[   96337ms] [ERROR] Failed to load resource: net::ERR_CONNECTION_CLOSED @ https://via.placeholder.com/300x200?text=No+Image:0
[   96433ms] [ERROR] Failed to load resource: net::ERR_CONNECTION_CLOSED @ https://via.placeholder.com/300x200?text=No+Image:0
[   96529ms] [ERROR] Failed to load resource: net::ERR_CONNECTION_CLOSED @ https://via.placeholder.com/300x200?text=No+Image:0
[   96618ms] [ERROR] Failed to load resource: net::ERR_CONNECTION_CLOSED @ https://via.placeholder.com/300x200?text=No+Image:0
[   96716ms] [ERROR] Failed to load resource: net::ERR_CONNECTION_CLOSED @ https://via.placeholder.com/300x200?text=No+Image:0
[   96813ms] [ERROR] Failed to load resource: net::ERR_CONNECTION_CLOSED @ https://via.placeholder.com/300x200?text=No+Image:0
[   96908ms] [ERROR] Failed to load resource: net::ERR_CONNECTION_CLOSED @ https://via.placeholder.com/300x200?text=No+Image:0
[   97008ms] [ERROR] Failed to load resource: net::ERR_CONNECTION_CLOSED @ https://via.placeholder.com/300x200?text=No+Image:0
[   97100ms] [ERROR] Failed to load resource: net::ERR_CONNECTION_CLOSED @ https://via.placeholder.com/300x200?text=No+Image:0
[   97197ms] [ERROR] Failed to load resource: net::ERR_CONNECTION_CLOSED @ https://via.placeholder.com/300x200?text=No+Image:0
[   97296ms] [ERROR] Failed to load resource: net::ERR_CONNECTION_CLOSED @ https://via.placeholder.com/300x200?text=No+Image:0
[   97383ms] [ERROR] Failed to load resource: net::ERR_CONNECTION_CLOSED @ https://via.placeholder.com/300x200?text=No+Image:0
[   97476ms] [ERROR] Failed to load resource: net::ERR_CONNECTION_CLOSED @ https://via.placeholder.com/300x200?text=No+Image:0
[   97576ms] [ERROR] Failed to load resource: net::ERR_CONNECTION_CLOSED @ https://via.placeholder.com/300x200?text=No+Image:0
[   97669ms] [ERROR] Failed to load resource: net::ERR_CONNECTION_CLOSED @ https://via.placeholder.com/300x200?text=No+Image:0
[   97760ms] [ERROR] Failed to load resource: net::ERR_CONNECTION_CLOSED @ https://via.placeholder.com/300x200?text=No+Image:0
[   97858ms] [ERROR] Failed to load resource: net::ERR_CONNECTION_CLOSED @ https://via.placeholder.com/300x200?text=No+Image:0
[   97950ms] [ERROR] Failed to load resource: net::ERR_CONNECTION_CLOSED @ https://via.placeholder.com/300x200?text=No+Image:0
[   98049ms] [ERROR] Failed to load resource: net::ERR_CONNECTION_CLOSED @ https://via.placeholder.com/300x200?text=No+Image:0
[   98146ms] [ERROR] Failed to load resource: net::ERR_CONNECTION_CLOSED @ https://via.placeholder.com/300x200?text=No+Image:0
[   98242ms] [ERROR] Failed to load resource: net::ERR_CONNECTION_CLOSED @ https://via.placeholder.com/300x200?text=No+Image:0
[   98340ms] [ERROR] Failed to load resource: net::ERR_CONNECTION_CLOSED @ https://via.placeholder.com/300x200?text=No+Image:0
[   98431ms] [ERROR] Failed to load resource: net::ERR_CONNECTION_CLOSED @ https://via.placeholder.com/300x200?text=No+Image:0
[   98528ms] [ERROR] Failed to load resource: net::ERR_CONNECTION_CLOSED @ https://via.placeholder.com/300x200?text=No+Image:0
[   98621ms] [ERROR] Failed to load resource: net::ERR_CONNECTION_CLOSED @ https://via.placeholder.com/300x200?text=No+Image:0
[   98716ms] [ERROR] Failed to load resource: net::ERR_CONNECTION_CLOSED @ https://via.placeholder.com/300x200?text=No+Image:0
[   98811ms] [ERROR] Failed to load resource: net::ERR_CONNECTION_CLOSED @ https://via.placeholder.com/300x200?text=No+Image:0
[   98905ms] [ERROR] Failed to load resource: net::ERR_CONNECTION_CLOSED @ https://via.placeholder.com/300x200?text=No+Image:0
[   98994ms] [ERROR] Failed to load resource: net::ERR_CONNECTION_CLOSED @ https://via.placeholder.com/300x200?text=No+Image:0
[   99086ms] [ERROR] Failed to load resource: net::ERR_CONNECTION_CLOSED @ https://via.placeholder.com/300x200?text=No+Image:0
[   99180ms] [ERROR] Failed to load resource: net::ERR_CONNECTION_CLOSED @ https://via.placeholder.com/300x200?text=No+Image:0
[   99275ms] [ERROR] Failed to load resource: net::ERR_CONNECTION_CLOSED @ https://via.placeholder.com/300x200?text=No+Image:0
[   99369ms] [ERROR] Failed to load resource: net::ERR_CONNECTION_CLOSED @ https://via.placeholder.com/300x200?text=No+Image:0
[   99461ms] [ERROR] Failed to load resource: net::ERR_CONNECTION_CLOSED @ https://via.placeholder.com/300x200?text=No+Image:0
[   99558ms] [ERROR] Failed to load resource: net::ERR_CONNECTION_CLOSED @ https://via.placeholder.com/300x200?text=No+Image:0
[   99651ms] [ERROR] Failed to load resource: net::ERR_CONNECTION_CLOSED @ https://via.placeholder.com/300x200?text=No+Image:0
[   99753ms] [ERROR] Failed to load resource: net::ERR_CONNECTION_CLOSED @ https://via.placeholder.com/300x200?text=No+Image:0
[   99849ms] [ERROR] Failed to load resource: net::ERR_CONNECTION_CLOSED @ https://via.placeholder.com/300x200?text=No+Image:0
[   99939ms] [ERROR] Failed to load resource: net::ERR_CONNECTION_CLOSED @ https://via.placeholder.com/300x200?text=No+Image:0
[  100036ms] [ERROR] Failed to load resource: net::ERR_CONNECTION_CLOSED @ https://via.placeholder.com/300x200?text=No+Image:0
[  100178ms] [ERROR] Failed to load resource: net::ERR_CONNECTION_CLOSED @ https://via.placeholder.com/300x200?text=No+Image:0
[  100278ms] [ERROR] Failed to load resource: net::ERR_CONNECTION_CLOSED @ https://via.placeholder.com/300x200?text=No+Image:0
[  100375ms] [ERROR] Failed to load resource: net::ERR_CONNECTION_CLOSED @ https://via.placeholder.com/300x200?text=No+Image:0
[  100468ms] [ERROR] Failed to load resource: net::ERR_CONNECTION_CLOSED @ https://via.placeholder.com/300x200?text=No+Image:0
[  100565ms] [ERROR] Failed to load resource: net::ERR_CONNECTION_CLOSED @ https://via.placeholder.com/300x200?text=No+Image:0
[  100658ms] [ERROR] Failed to load resource: net::ERR_CONNECTION_CLOSED @ https://via.placeholder.com/300x200?text=No+Image:0
[  100751ms] [ERROR] Failed to load resource: net::ERR_CONNECTION_CLOSED @ https://via.placeholder.com/300x200?text=No+Image:0
[  100849ms] [ERROR] Failed to load resource: net::ERR_CONNECTION_CLOSED @ https://via.placeholder.com/300x200?text=No+Image:0
[  100942ms] [ERROR] Failed to load resource: net::ERR_CONNECTION_CLOSED @ https://via.placeholder.com/300x200?text=No+Image:0
[  101040ms] [ERROR] Failed to load resource: net::ERR_CONNECTION_CLOSED @ https://via.placeholder.com/300x200?text=No+Image:0
[  101133ms] [ERROR] Failed to load resource: net::ERR_CONNECTION_CLOSED @ https://via.placeholder.com/300x200?text=No+Image:0
[  101227ms] [ERROR] Failed to load resource: net::ERR_CONNECTION_CLOSED @ https://via.placeholder.com/300x200?text=No+Image:0
[  101323ms] [ERROR] Failed to load resource: net::ERR_CONNECTION_CLOSED @ https://via.placeholder.com/300x200?text=No+Image:0
[  101416ms] [ERROR] Failed to load resource: net::ERR_CONNECTION_CLOSED @ https://via.placeholder.com/300x200?text=No+Image:0
[  101518ms] [ERROR] Failed to load resource: net::ERR_CONNECTION_CLOSED @ https://via.placeholder.com/300x200?text=No+Image:0
[  101613ms] [ERROR] Failed to load resource: net::ERR_CONNECTION_CLOSED @ https://via.placeholder.com/300x200?text=No+Image:0
[  101707ms] [ERROR] Failed to load resource: net::ERR_CONNECTION_CLOSED @ https://via.placeholder.com/300x200?text=No+Image:0
[  101799ms] [ERROR] Failed to load resource: net::ERR_CONNECTION_CLOSED @ https://via.placeholder.com/300x200?text=No+Image:0
[  101894ms] [ERROR] Failed to load resource: net::ERR_CONNECTION_CLOSED @ https://via.placeholder.com/300x200?text=No+Image:0
[  102025ms] [ERROR] Failed to load resource: net::ERR_CONNECTION_CLOSED @ https://via.placeholder.com/300x200?text=No+Image:0
[  102118ms] [ERROR] Failed to load resource: net::ERR_CONNECTION_CLOSED @ https://via.placeholder.com/300x200?text=No+Image:0
[  102213ms] [ERROR] Failed to load resource: net::ERR_CONNECTION_CLOSED @ https://via.placeholder.com/300x200?text=No+Image:0
[  102308ms] [ERROR] Failed to load resource: net::ERR_CONNECTION_CLOSED @ https://via.placeholder.com/300x200?text=No+Image:0
[  102400ms] [ERROR] Failed to load resource: net::ERR_CONNECTION_CLOSED @ https://via.placeholder.com/300x200?text=No+Image:0
[  102493ms] [ERROR] Failed to load resource: net::ERR_CONNECTION_CLOSED @ https://via.placeholder.com/300x200?text=No+Image:0
[  102591ms] [ERROR] Failed to load resource: net::ERR_CONNECTION_CLOSED @ https://via.placeholder.com/300x200?text=No+Image:0
[  102691ms] [ERROR] Failed to load resource: net::ERR_CONNECTION_CLOSED @ https://via.placeholder.com/300x200?text=No+Image:0
[  102785ms] [ERROR] Failed to load resource: net::ERR_CONNECTION_CLOSED @ https://via.placeholder.com/300x200?text=No+Image:0
[  102878ms] [ERROR] Failed to load resource: net::ERR_CONNECTION_CLOSED @ https://via.placeholder.com/300x200?text=No+Image:0
[  102972ms] [ERROR] Failed to load resource: net::ERR_CONNECTION_CLOSED @ https://via.placeholder.com/300x200?text=No+Image:0
[  103065ms] [ERROR] Failed to load resource: net::ERR_CONNECTION_CLOSED @ https://via.placeholder.com/300x200?text=No+Image:0
[  103157ms] [ERROR] Failed to load resource: net::ERR_CONNECTION_CLOSED @ https://via.placeholder.com/300x200?text=No+Image:0
[  103251ms] [ERROR] Failed to load resource: net::ERR_CONNECTION_CLOSED @ https://via.placeholder.com/300x200?text=No+Image:0
[  103348ms] [ERROR] Failed to load resource: net::ERR_CONNECTION_CLOSED @ https://via.placeholder.com/300x200?text=No+Image:0
[  103440ms] [ERROR] Failed to load resource: net::ERR_CONNECTION_CLOSED @ https://via.placeholder.com/300x200?text=No+Image:0
[  103543ms] [ERROR] Failed to load resource: net::ERR_CONNECTION_CLOSED @ https://via.placeholder.com/300x200?text=No+Image:0
[  103636ms] [ERROR] Failed to load resource: net::ERR_CONNECTION_CLOSED @ https://via.placeholder.com/300x200?text=No+Image:0
[  103735ms] [ERROR] Failed to load resource: net::ERR_CONNECTION_CLOSED @ https://via.placeholder.com/300x200?text=No+Image:0
[  103825ms] [ERROR] Failed to load resource: net::ERR_CONNECTION_CLOSED @ https://via.placeholder.com/300x200?text=No+Image:0
[  103920ms] [ERROR] Failed to load resource: net::ERR_CONNECTION_CLOSED @ https://via.placeholder.com/300x200?text=No+Image:0
[  104009ms] [ERROR] Failed to load resource: net::ERR_CONNECTION_CLOSED @ https://via.placeholder.com/300x200?text=No+Image:0
[  104110ms] [ERROR] Failed to load resource: net::ERR_CONNECTION_CLOSED @ https://via.placeholder.com/300x200?text=No+Image:0
[  104205ms] [ERROR] Failed to load resource: net::ERR_CONNECTION_CLOSED @ https://via.placeholder.com/300x200?text=No+Image:0
[  104302ms] [ERROR] Failed to load resource: net::ERR_CONNECTION_CLOSED @ https://via.placeholder.com/300x200?text=No+Image:0
[  104394ms] [ERROR] Failed to load resource: net::ERR_CONNECTION_CLOSED @ https://via.placeholder.com/300x200?text=No+Image:0
[  104484ms] [ERROR] Failed to load resource: net::ERR_CONNECTION_CLOSED @ https://via.placeholder.com/300x200?text=No+Image:0
[  104578ms] [ERROR] Failed to load resource: net::ERR_CONNECTION_CLOSED @ https://via.placeholder.com/300x200?text=No+Image:0
[  104670ms] [ERROR] Failed to load resource: net::ERR_CONNECTION_CLOSED @ https://via.placeholder.com/300x200?text=No+Image:0
[  104762ms] [ERROR] Failed to load resource: net::ERR_CONNECTION_CLOSED @ https://via.placeholder.com/300x200?text=No+Image:0
[  104857ms] [ERROR] Failed to load resource: net::ERR_CONNECTION_CLOSED @ https://via.placeholder.com/300x200?text=No+Image:0
[  104950ms] [ERROR] Failed to load resource: net::ERR_CONNECTION_CLOSED @ https://via.placeholder.com/300x200?text=No+Image:0
[  105044ms] [ERROR] Failed to load resource: net::ERR_CONNECTION_CLOSED @ https://via.placeholder.com/300x200?text=No+Image:0
[  105139ms] [ERROR] Failed to load resource: net::ERR_CONNECTION_CLOSED @ https://via.placeholder.com/300x200?text=No+Image:0
[  105234ms] [ERROR] Failed to load resource: net::ERR_CONNECTION_CLOSED @ https://via.placeholder.com/300x200?text=No+Image:0
[  105329ms] [ERROR] Failed to load resource: net::ERR_CONNECTION_CLOSED @ https://via.placeholder.com/300x200?text=No+Image:0
[  105423ms] [ERROR] Failed to load resource: net::ERR_CONNECTION_CLOSED @ https://via.placeholder.com/300x200?text=No+Image:0
[  105523ms] [ERROR] Failed to load resource: net::ERR_CONNECTION_CLOSED @ https://via.placeholder.com/300x200?text=No+Image:0
[  105621ms] [ERROR] Failed to load resource: net::ERR_CONNECTION_CLOSED @ https://via.placeholder.com/300x200?text=No+Image:0
[  105715ms] [ERROR] Failed to load resource: net::ERR_CONNECTION_CLOSED @ https://via.placeholder.com/300x200?text=No+Image:0
[  105810ms] [ERROR] Failed to load resource: net::ERR_CONNECTION_CLOSED @ https://via.placeholder.com/300x200?text=No+Image:0
[  105903ms] [ERROR] Failed to load resource: net::ERR_CONNECTION_CLOSED @ https://via.placeholder.com/300x200?text=No+Image:0
[  105997ms] [ERROR] Failed to load resource: net::ERR_CONNECTION_CLOSED @ https://via.placeholder.com/300x200?text=No+Image:0
[  106093ms] [ERROR] Failed to load resource: net::ERR_CONNECTION_CLOSED @ https://via.placeholder.com/300x200?text=No+Image:0
[  106187ms] [ERROR] Failed to load resource: net::ERR_CONNECTION_CLOSED @ https://via.placeholder.com/300x200?text=No+Image:0
[  106279ms] [ERROR] Failed to load resource: net::ERR_CONNECTION_CLOSED @ https://via.placeholder.com/300x200?text=No+Image:0
[  106373ms] [ERROR] Failed to load resource: net::ERR_CONNECTION_CLOSED @ https://via.placeholder.com/300x200?text=No+Image:0
[  106463ms] [ERROR] Failed to load resource: net::ERR_CONNECTION_CLOSED @ https://via.placeholder.com/300x200?text=No+Image:0
[  106564ms] [ERROR] Failed to load resource: net::ERR_CONNECTION_CLOSED @ https://via.placeholder.com/300x200?text=No+Image:0
[  106656ms] [ERROR] Failed to load resource: net::ERR_CONNECTION_CLOSED @ https://via.placeholder.com/300x200?text=No+Image:0
[  106750ms] [ERROR] Failed to load resource: net::ERR_CONNECTION_CLOSED @ https://via.placeholder.com/300x200?text=No+Image:0
[  106846ms] [ERROR] Failed to load resource: net::ERR_CONNECTION_CLOSED @ https://via.placeholder.com/300x200?text=No+Image:0
[  106937ms] [ERROR] Failed to load resource: net::ERR_CONNECTION_CLOSED @ https://via.placeholder.com/300x200?text=No+Image:0
[  107026ms] [ERROR] Failed to load resource: net::ERR_CONNECTION_CLOSED @ https://via.placeholder.com/300x200?text=No+Image:0
[  107120ms] [ERROR] Failed to load resource: net::ERR_CONNECTION_CLOSED @ https://via.placeholder.com/300x200?text=No+Image:0
[  107212ms] [ERROR] Failed to load resource: net::ERR_CONNECTION_CLOSED @ https://via.placeholder.com/300x200?text=No+Image:0
[  107300ms] [ERROR] Failed to load resource: net::ERR_CONNECTION_CLOSED @ https://via.placeholder.com/300x200?text=No+Image:0
[  107391ms] [ERROR] Failed to load resource: net::ERR_CONNECTION_CLOSED @ https://via.placeholder.com/300x200?text=No+Image:0
[  107482ms] [ERROR] Failed to load resource: net::ERR_CONNECTION_CLOSED @ https://via.placeholder.com/300x200?text=No+Image:0
[  107575ms] [ERROR] Failed to load resource: net::ERR_CONNECTION_CLOSED @ https://via.placeholder.com/300x200?text=No+Image:0
[  107674ms] [ERROR] Failed to load resource: net::ERR_CONNECTION_CLOSED @ https://via.placeholder.com/300x200?text=No+Image:0
[  107768ms] [ERROR] Failed to load resource: net::ERR_CONNECTION_CLOSED @ https://via.placeholder.com/300x200?text=No+Image:0
[  107860ms] [ERROR] Failed to load resource: net::ERR_CONNECTION_CLOSED @ https://via.placeholder.com/300x200?text=No+Image:0
[  107954ms] [ERROR] Failed to load resource: net::ERR_CONNECTION_CLOSED @ https://via.placeholder.com/300x200?text=No+Image:0
[  108048ms] [ERROR] Failed to load resource: net::ERR_CONNECTION_CLOSED @ https://via.placeholder.com/300x200?text=No+Image:0
[  108138ms] [ERROR] Failed to load resource: net::ERR_CONNECTION_CLOSED @ https://via.placeholder.com/300x200?text=No+Image:0
[  108232ms] [ERROR] Failed to load resource: net::ERR_CONNECTION_CLOSED @ https://via.placeholder.com/300x200?text=No+Image:0
[  108328ms] [ERROR] Failed to load resource: net::ERR_CONNECTION_CLOSED @ https://via.placeholder.com/300x200?text=No+Image:0
[  108420ms] [ERROR] Failed to load resource: net::ERR_CONNECTION_CLOSED @ https://via.placeholder.com/300x200?text=No+Image:0
[  108511ms] [ERROR] Failed to load resource: net::ERR_CONNECTION_CLOSED @ https://via.placeholder.com/300x200?text=No+Image:0
[  108613ms] [ERROR] Failed to load resource: net::ERR_CONNECTION_CLOSED @ https://via.placeholder.com/300x200?text=No+Image:0
[  108709ms] [ERROR] Failed to load resource: net::ERR_CONNECTION_CLOSED @ https://via.placeholder.com/300x200?text=No+Image:0
[  108804ms] [ERROR] Failed to load resource: net::ERR_CONNECTION_CLOSED @ https://via.placeholder.com/300x200?text=No+Image:0
[  108896ms] [ERROR] Failed to load resource: net::ERR_CONNECTION_CLOSED @ https://via.placeholder.com/300x200?text=No+Image:0
[  108990ms] [ERROR] Failed to load resource: net::ERR_CONNECTION_CLOSED @ https://via.placeholder.com/300x200?text=No+Image:0
[  109087ms] [ERROR] Failed to load resource: net::ERR_CONNECTION_CLOSED @ https://via.placeholder.com/300x200?text=No+Image:0
[  109177ms] [ERROR] Failed to load resource: net::ERR_CONNECTION_CLOSED @ https://via.placeholder.com/300x200?text=No+Image:0
[  109273ms] [ERROR] Failed to load resource: net::ERR_CONNECTION_CLOSED @ https://via.placeholder.com/300x200?text=No+Image:0
[  109365ms] [ERROR] Failed to load resource: net::ERR_CONNECTION_CLOSED @ https://via.placeholder.com/300x200?text=No+Image:0
[  109454ms] [ERROR] Failed to load resource: net::ERR_CONNECTION_CLOSED @ https://via.placeholder.com/300x200?text=No+Image:0
[  109546ms] [ERROR] Failed to load resource: net::ERR_CONNECTION_CLOSED @ https://via.placeholder.com/300x200?text=No+Image:0
[  109644ms] [ERROR] Failed to load resource: net::ERR_CONNECTION_CLOSED @ https://via.placeholder.com/300x200?text=No+Image:0
[  109738ms] [ERROR] Failed to load resource: net::ERR_CONNECTION_CLOSED @ https://via.placeholder.com/300x200?text=No+Image:0
[  109825ms] [ERROR] Failed to load resource: net::ERR_CONNECTION_CLOSED @ https://via.placeholder.com/300x200?text=No+Image:0
[  109918ms] [ERROR] Failed to load resource: net::ERR_CONNECTION_CLOSED @ https://via.placeholder.com/300x200?text=No+Image:0
[  110012ms] [ERROR] Failed to load resource: net::ERR_CONNECTION_CLOSED @ https://via.placeholder.com/300x200?text=No+Image:0
[  110145ms] [ERROR] Failed to load resource: net::ERR_CONNECTION_CLOSED @ https://via.placeholder.com/300x200?text=No+Image:0
[  110238ms] [ERROR] Failed to load resource: net::ERR_CONNECTION_CLOSED @ https://via.placeholder.com/300x200?text=No+Image:0
[  110328ms] [ERROR] Failed to load resource: net::ERR_CONNECTION_CLOSED @ https://via.placeholder.com/300x200?text=No+Image:0
[  110421ms] [ERROR] Failed to load resource: net::ERR_CONNECTION_CLOSED @ https://via.placeholder.com/300x200?text=No+Image:0
[  110525ms] [ERROR] Failed to load resource: net::ERR_CONNECTION_CLOSED @ https://via.placeholder.com/300x200?text=No+Image:0
[  110626ms] [ERROR] Failed to load resource: net::ERR_CONNECTION_CLOSED @ https://via.placeholder.com/300x200?text=No+Image:0
[  110717ms] [ERROR] Failed to load resource: net::ERR_CONNECTION_CLOSED @ https://via.placeholder.com/300x200?text=No+Image:0
[  110813ms] [ERROR] Failed to load resource: net::ERR_CONNECTION_CLOSED @ https://via.placeholder.com/300x200?text=No+Image:0
[  110903ms] [ERROR] Failed to load resource: net::ERR_CONNECTION_CLOSED @ https://via.placeholder.com/300x200?text=No+Image:0
[  110995ms] [ERROR] Failed to load resource: net::ERR_CONNECTION_CLOSED @ https://via.placeholder.com/300x200?text=No+Image:0
[  111098ms] [ERROR] Failed to load resource: net::ERR_CONNECTION_CLOSED @ https://via.placeholder.com/300x200?text=No+Image:0
[  111193ms] [ERROR] Failed to load resource: net::ERR_CONNECTION_CLOSED @ https://via.placeholder.com/300x200?text=No+Image:0
[  111288ms] [ERROR] Failed to load resource: net::ERR_CONNECTION_CLOSED @ https://via.placeholder.com/300x200?text=No+Image:0
[  111381ms] [ERROR] Failed to load resource: net::ERR_CONNECTION_CLOSED @ https://via.placeholder.com/300x200?text=No+Image:0
[  111474ms] [ERROR] Failed to load resource: net::ERR_CONNECTION_CLOSED @ https://via.placeholder.com/300x200?text=No+Image:0
[  111576ms] [ERROR] Failed to load resource: net::ERR_CONNECTION_CLOSED @ https://via.placeholder.com/300x200?text=No+Image:0
[  111672ms] [ERROR] Failed to load resource: net::ERR_CONNECTION_CLOSED @ https://via.placeholder.com/300x200?text=No+Image:0
[  111766ms] [ERROR] Failed to load resource: net::ERR_CONNECTION_CLOSED @ https://via.placeholder.com/300x200?text=No+Image:0
[  111859ms] [ERROR] Failed to load resource: net::ERR_CONNECTION_CLOSED @ https://via.placeholder.com/300x200?text=No+Image:0
[  111946ms] [ERROR] Failed to load resource: net::ERR_CONNECTION_CLOSED @ https://via.placeholder.com/300x200?text=No+Image:0
[  112060ms] [ERROR] Failed to load resource: net::ERR_CONNECTION_CLOSED @ https://via.placeholder.com/300x200?text=No+Image:0
[  112154ms] [ERROR] Failed to load resource: net::ERR_CONNECTION_CLOSED @ https://via.placeholder.com/300x200?text=No+Image:0
[  112252ms] [ERROR] Failed to load resource: net::ERR_CONNECTION_CLOSED @ https://via.placeholder.com/300x200?text=No+Image:0
[  112344ms] [ERROR] Failed to load resource: net::ERR_CONNECTION_CLOSED @ https://via.placeholder.com/300x200?text=No+Image:0
[  112437ms] [ERROR] Failed to load resource: net::ERR_CONNECTION_CLOSED @ https://via.placeholder.com/300x200?text=No+Image:0
[  112533ms] [ERROR] Failed to load resource: net::ERR_CONNECTION_CLOSED @ https://via.placeholder.com/300x200?text=No+Image:0
[  112628ms] [ERROR] Failed to load resource: net::ERR_CONNECTION_CLOSED @ https://via.placeholder.com/300x200?text=No+Image:0
[  112718ms] [ERROR] Failed to load resource: net::ERR_CONNECTION_CLOSED @ https://via.placeholder.com/300x200?text=No+Image:0
[  112811ms] [ERROR] Failed to load resource: net::ERR_CONNECTION_CLOSED @ https://via.placeholder.com/300x200?text=No+Image:0
[  112906ms] [ERROR] Failed to load resource: net::ERR_CONNECTION_CLOSED @ https://via.placeholder.com/300x200?text=No+Image:0
[  113000ms] [ERROR] Failed to load resource: net::ERR_CONNECTION_CLOSED @ https://via.placeholder.com/300x200?text=No+Image:0
[  113098ms] [ERROR] Failed to load resource: net::ERR_CONNECTION_CLOSED @ https://via.placeholder.com/300x200?text=No+Image:0
[  113188ms] [ERROR] Failed to load resource: net::ERR_CONNECTION_CLOSED @ https://via.placeholder.com/300x200?text=No+Image:0
[  113283ms] [ERROR] Failed to load resource: net::ERR_CONNECTION_CLOSED @ https://via.placeholder.com/300x200?text=No+Image:0
[  113379ms] [ERROR] Failed to load resource: net::ERR_CONNECTION_CLOSED @ https://via.placeholder.com/300x200?text=No+Image:0
[  113468ms] [ERROR] Failed to load resource: net::ERR_CONNECTION_CLOSED @ https://via.placeholder.com/300x200?text=No+Image:0
[  113562ms] [ERROR] Failed to load resource: net::ERR_CONNECTION_CLOSED @ https://via.placeholder.com/300x200?text=No+Image:0
[  113655ms] [ERROR] Failed to load resource: net::ERR_CONNECTION_CLOSED @ https://via.placeholder.com/300x200?text=No+Image:0
[  113747ms] [ERROR] Failed to load resource: net::ERR_CONNECTION_CLOSED @ https://via.placeholder.com/300x200?text=No+Image:0
[  113842ms] [ERROR] Failed to load resource: net::ERR_CONNECTION_CLOSED @ https://via.placeholder.com/300x200?text=No+Image:0
[  113935ms] [ERROR] Failed to load resource: net::ERR_CONNECTION_CLOSED @ https://via.placeholder.com/300x200?text=No+Image:0
[  114034ms] [ERROR] Failed to load resource: net::ERR_CONNECTION_CLOSED @ https://via.placeholder.com/300x200?text=No+Image:0
[  114126ms] [ERROR] Failed to load resource: net::ERR_CONNECTION_CLOSED @ https://via.placeholder.com/300x200?text=No+Image:0
[  114217ms] [ERROR] Failed to load resource: net::ERR_CONNECTION_CLOSED @ https://via.placeholder.com/300x200?text=No+Image:0
[  114312ms] [ERROR] Failed to load resource: net::ERR_CONNECTION_CLOSED @ https://via.placeholder.com/300x200?text=No+Image:0
[  114430ms] [ERROR] Failed to load resource: net::ERR_CONNECTION_CLOSED @ https://via.placeholder.com/300x200?text=No+Image:0
[  114533ms] [ERROR] Failed to load resource: net::ERR_CONNECTION_CLOSED @ https://via.placeholder.com/300x200?text=No+Image:0
[  114629ms] [ERROR] Failed to load resource: net::ERR_CONNECTION_CLOSED @ https://via.placeholder.com/300x200?text=No+Image:0
[  114720ms] [ERROR] Failed to load resource: net::ERR_CONNECTION_CLOSED @ https://via.placeholder.com/300x200?text=No+Image:0
[  114826ms] [ERROR] Failed to load resource: net::ERR_CONNECTION_CLOSED @ https://via.placeholder.com/300x200?text=No+Image:0
[  114917ms] [ERROR] Failed to load resource: net::ERR_CONNECTION_CLOSED @ https://via.placeholder.com/300x200?text=No+Image:0
[  115006ms] [ERROR] Failed to load resource: net::ERR_CONNECTION_CLOSED @ https://via.placeholder.com/300x200?text=No+Image:0
[  115101ms] [ERROR] Failed to load resource: net::ERR_CONNECTION_CLOSED @ https://via.placeholder.com/300x200?text=No+Image:0
[  115196ms] [ERROR] Failed to load resource: net::ERR_CONNECTION_CLOSED @ https://via.placeholder.com/300x200?text=No+Image:0
[  115294ms] [ERROR] Failed to load resource: net::ERR_CONNECTION_CLOSED @ https://via.placeholder.com/300x200?text=No+Image:0
[  115388ms] [ERROR] Failed to load resource: net::ERR_CONNECTION_CLOSED @ https://via.placeholder.com/300x200?text=No+Image:0
[  115481ms] [ERROR] Failed to load resource: net::ERR_CONNECTION_CLOSED @ https://via.placeholder.com/300x200?text=No+Image:0
[  115576ms] [ERROR] Failed to load resource: net::ERR_CONNECTION_CLOSED @ https://via.placeholder.com/300x200?text=No+Image:0
[  115675ms] [ERROR] Failed to load resource: net::ERR_CONNECTION_CLOSED @ https://via.placeholder.com/300x200?text=No+Image:0
[  115768ms] [ERROR] Failed to load resource: net::ERR_CONNECTION_CLOSED @ https://via.placeholder.com/300x200?text=No+Image:0
[  115855ms] [ERROR] Failed to load resource: net::ERR_CONNECTION_CLOSED @ https://via.placeholder.com/300x200?text=No+Image:0
[  115946ms] [ERROR] Failed to load resource: net::ERR_CONNECTION_CLOSED @ https://via.placeholder.com/300x200?text=No+Image:0
[  116037ms] [ERROR] Failed to load resource: net::ERR_CONNECTION_CLOSED @ https://via.placeholder.com/300x200?text=No+Image:0
[  116131ms] [ERROR] Failed to load resource: net::ERR_CONNECTION_CLOSED @ https://via.placeholder.com/300x200?text=No+Image:0
[  116224ms] [ERROR] Failed to load resource: net::ERR_CONNECTION_CLOSED @ https://via.placeholder.com/300x200?text=No+Image:0
[  116318ms] [ERROR] Failed to load resource: net::ERR_CONNECTION_CLOSED @ https://via.placeholder.com/300x200?text=No+Image:0
[  116415ms] [ERROR] Failed to load resource: net::ERR_CONNECTION_CLOSED @ https://via.placeholder.com/300x200?text=No+Image:0
[  116510ms] [ERROR] Failed to load resource: net::ERR_CONNECTION_CLOSED @ https://via.placeholder.com/300x200?text=No+Image:0
[  116605ms] [ERROR] Failed to load resource: net::ERR_CONNECTION_CLOSED @ https://via.placeholder.com/300x200?text=No+Image:0
[  116701ms] [ERROR] Failed to load resource: net::ERR_CONNECTION_CLOSED @ https://via.placeholder.com/300x200?text=No+Image:0
[  116794ms] [ERROR] Failed to load resource: net::ERR_CONNECTION_CLOSED @ https://via.placeholder.com/300x200?text=No+Image:0
[  116885ms] [ERROR] Failed to load resource: net::ERR_CONNECTION_CLOSED @ https://via.placeholder.com/300x200?text=No+Image:0
[  116982ms] [ERROR] Failed to load resource: net::ERR_CONNECTION_CLOSED @ https://via.placeholder.com/300x200?text=No+Image:0
[  117084ms] [ERROR] Failed to load resource: net::ERR_CONNECTION_CLOSED @ https://via.placeholder.com/300x200?text=No+Image:0
[  117177ms] [ERROR] Failed to load resource: net::ERR_CONNECTION_CLOSED @ https://via.placeholder.com/300x200?text=No+Image:0
[  117276ms] [ERROR] Failed to load resource: net::ERR_CONNECTION_CLOSED @ https://via.placeholder.com/300x200?text=No+Image:0
[  117368ms] [ERROR] Failed to load resource: net::ERR_CONNECTION_CLOSED @ https://via.placeholder.com/300x200?text=No+Image:0
[  117468ms] [ERROR] Failed to load resource: net::ERR_CONNECTION_CLOSED @ https://via.placeholder.com/300x200?text=No+Image:0
[  117565ms] [ERROR] Failed to load resource: net::ERR_CONNECTION_CLOSED @ https://via.placeholder.com/300x200?text=No+Image:0
[  117656ms] [ERROR] Failed to load resource: net::ERR_CONNECTION_CLOSED @ https://via.placeholder.com/300x200?text=No+Image:0
[  117754ms] [ERROR] Failed to load resource: net::ERR_CONNECTION_CLOSED @ https://via.placeholder.com/300x200?text=No+Image:0
[  117843ms] [ERROR] Failed to load resource: net::ERR_CONNECTION_CLOSED @ https://via.placeholder.com/300x200?text=No+Image:0
[  117934ms] [ERROR] Failed to load resource: net::ERR_CONNECTION_CLOSED @ https://via.placeholder.com/300x200?text=No+Image:0
[  118039ms] [ERROR] Failed to load resource: net::ERR_CONNECTION_CLOSED @ https://via.placeholder.com/300x200?text=No+Image:0
[  118135ms] [ERROR] Failed to load resource: net::ERR_CONNECTION_CLOSED @ https://via.placeholder.com/300x200?text=No+Image:0
[  118237ms] [ERROR] Failed to load resource: net::ERR_CONNECTION_CLOSED @ https://via.placeholder.com/300x200?text=No+Image:0
[  118332ms] [ERROR] Failed to load resource: net::ERR_CONNECTION_CLOSED @ https://via.placeholder.com/300x200?text=No+Image:0
[  118421ms] [ERROR] Failed to load resource: net::ERR_CONNECTION_CLOSED @ https://via.placeholder.com/300x200?text=No+Image:0
[  118515ms] [ERROR] Failed to load resource: net::ERR_CONNECTION_CLOSED @ https://via.placeholder.com/300x200?text=No+Image:0
[  118614ms] [ERROR] Failed to load resource: net::ERR_CONNECTION_CLOSED @ https://via.placeholder.com/300x200?text=No+Image:0
[  118703ms] [ERROR] Failed to load resource: net::ERR_CONNECTION_CLOSED @ https://via.placeholder.com/300x200?text=No+Image:0
[  118801ms] [ERROR] Failed to load resource: net::ERR_CONNECTION_CLOSED @ https://via.placeholder.com/300x200?text=No+Image:0
[  118894ms] [ERROR] Failed to load resource: net::ERR_CONNECTION_CLOSED @ https://via.placeholder.com/300x200?text=No+Image:0
[  118990ms] [ERROR] Failed to load resource: net::ERR_CONNECTION_CLOSED @ https://via.placeholder.com/300x200?text=No+Image:0
[  119089ms] [ERROR] Failed to load resource: net::ERR_CONNECTION_CLOSED @ https://via.placeholder.com/300x200?text=No+Image:0
[  119188ms] [ERROR] Failed to load resource: net::ERR_CONNECTION_CLOSED @ https://via.placeholder.com/300x200?text=No+Image:0
[  119284ms] [ERROR] Failed to load resource: net::ERR_CONNECTION_CLOSED @ https://via.placeholder.com/300x200?text=No+Image:0
[  119380ms] [ERROR] Failed to load resource: net::ERR_CONNECTION_CLOSED @ https://via.placeholder.com/300x200?text=No+Image:0
[  119470ms] [ERROR] Failed to load resource: net::ERR_CONNECTION_CLOSED @ https://via.placeholder.com/300x200?text=No+Image:0
[  119563ms] [ERROR] Failed to load resource: net::ERR_CONNECTION_CLOSED @ https://via.placeholder.com/300x200?text=No+Image:0
[  119657ms] [ERROR] Failed to load resource: net::ERR_CONNECTION_CLOSED @ https://via.placeholder.com/300x200?text=No+Image:0
[  119749ms] [ERROR] Failed to load resource: net::ERR_CONNECTION_CLOSED @ https://via.placeholder.com/300x200?text=No+Image:0
[  119842ms] [ERROR] Failed to load resource: net::ERR_CONNECTION_CLOSED @ https://via.placeholder.com/300x200?text=No+Image:0
[  119934ms] [ERROR] Failed to load resource: net::ERR_CONNECTION_CLOSED @ https://via.placeholder.com/300x200?text=No+Image:0
[  120034ms] [ERROR] Failed to load resource: net::ERR_CONNECTION_CLOSED @ https://via.placeholder.com/300x200?text=No+Image:0
[  120126ms] [ERROR] Failed to load resource: net::ERR_CONNECTION_CLOSED @ https://via.placeholder.com/300x200?text=No+Image:0
[  120220ms] [ERROR] Failed to load resource: net::ERR_CONNECTION_CLOSED @ https://via.placeholder.com/300x200?text=No+Image:0
[  120315ms] [ERROR] Failed to load resource: net::ERR_CONNECTION_CLOSED @ https://via.placeholder.com/300x200?text=No+Image:0
[  120420ms] [ERROR] Failed to load resource: net::ERR_CONNECTION_CLOSED @ https://via.placeholder.com/300x200?text=No+Image:0
[  120514ms] [ERROR] Failed to load resource: net::ERR_CONNECTION_CLOSED @ https://via.placeholder.com/300x200?text=No+Image:0
[  120617ms] [ERROR] Failed to load resource: net::ERR_CONNECTION_CLOSED @ https://via.placeholder.com/300x200?text=No+Image:0
[  120716ms] [ERROR] Failed to load resource: net::ERR_CONNECTION_CLOSED @ https://via.placeholder.com/300x200?text=No+Image:0
[  120816ms] [ERROR] Failed to load resource: net::ERR_CONNECTION_CLOSED @ https://via.placeholder.com/300x200?text=No+Image:0
[  120913ms] [ERROR] Failed to load resource: net::ERR_CONNECTION_CLOSED @ https://via.placeholder.com/300x200?text=No+Image:0
[  121021ms] [ERROR] Failed to load resource: net::ERR_CONNECTION_CLOSED @ https://via.placeholder.com/300x200?text=No+Image:0
[  121125ms] [ERROR] Failed to load resource: net::ERR_CONNECTION_CLOSED @ https://via.placeholder.com/300x200?text=No+Image:0
[  121225ms] [ERROR] Failed to load resource: net::ERR_CONNECTION_CLOSED @ https://via.placeholder.com/300x200?text=No+Image:0
[  121327ms] [ERROR] Failed to load resource: net::ERR_CONNECTION_CLOSED @ https://via.placeholder.com/300x200?text=No+Image:0
[  121425ms] [ERROR] Failed to load resource: net::ERR_CONNECTION_CLOSED @ https://via.placeholder.com/300x200?text=No+Image:0
[  121517ms] [ERROR] Failed to load resource: net::ERR_CONNECTION_CLOSED @ https://via.placeholder.com/300x200?text=No+Image:0
[  121612ms] [ERROR] Failed to load resource: net::ERR_CONNECTION_CLOSED @ https://via.placeholder.com/300x200?text=No+Image:0
[  121704ms] [ERROR] Failed to load resource: net::ERR_CONNECTION_CLOSED @ https://via.placeholder.com/300x200?text=No+Image:0
[  121802ms] [ERROR] Failed to load resource: net::ERR_CONNECTION_CLOSED @ https://via.placeholder.com/300x200?text=No+Image:0
[  121895ms] [ERROR] Failed to load resource: net::ERR_CONNECTION_CLOSED @ https://via.placeholder.com/300x200?text=No+Image:0
[  121989ms] [ERROR] Failed to load resource: net::ERR_CONNECTION_CLOSED @ https://via.placeholder.com/300x200?text=No+Image:0
[  122091ms] [ERROR] Failed to load resource: net::ERR_CONNECTION_CLOSED @ https://via.placeholder.com/300x200?text=No+Image:0
[  122185ms] [ERROR] Failed to load resource: net::ERR_CONNECTION_CLOSED @ https://via.placeholder.com/300x200?text=No+Image:0
[  122277ms] [ERROR] Failed to load resource: net::ERR_CONNECTION_CLOSED @ https://via.placeholder.com/300x200?text=No+Image:0
[  122367ms] [ERROR] Failed to load resource: net::ERR_CONNECTION_CLOSED @ https://via.placeholder.com/300x200?text=No+Image:0
[  122456ms] [ERROR] Failed to load resource: net::ERR_CONNECTION_CLOSED @ https://via.placeholder.com/300x200?text=No+Image:0
[  122548ms] [ERROR] Failed to load resource: net::ERR_CONNECTION_CLOSED @ https://via.placeholder.com/300x200?text=No+Image:0
[  122643ms] [ERROR] Failed to load resource: net::ERR_CONNECTION_CLOSED @ https://via.placeholder.com/300x200?text=No+Image:0
[  122737ms] [ERROR] Failed to load resource: net::ERR_CONNECTION_CLOSED @ https://via.placeholder.com/300x200?text=No+Image:0
[  122835ms] [ERROR] Failed to load resource: net::ERR_CONNECTION_CLOSED @ https://via.placeholder.com/300x200?text=No+Image:0
[  122924ms] [ERROR] Failed to load resource: net::ERR_CONNECTION_CLOSED @ https://via.placeholder.com/300x200?text=No+Image:0
[  123017ms] [ERROR] Failed to load resource: net::ERR_CONNECTION_CLOSED @ https://via.placeholder.com/300x200?text=No+Image:0
[  123119ms] [ERROR] Failed to load resource: net::ERR_CONNECTION_CLOSED @ https://via.placeholder.com/300x200?text=No+Image:0
[  123214ms] [ERROR] Failed to load resource: net::ERR_CONNECTION_CLOSED @ https://via.placeholder.com/300x200?text=No+Image:0
[  123303ms] [ERROR] Failed to load resource: net::ERR_CONNECTION_CLOSED @ https://via.placeholder.com/300x200?text=No+Image:0
[  123391ms] [ERROR] Failed to load resource: net::ERR_CONNECTION_CLOSED @ https://via.placeholder.com/300x200?text=No+Image:0
[  123492ms] [ERROR] Failed to load resource: net::ERR_CONNECTION_CLOSED @ https://via.placeholder.com/300x200?text=No+Image:0
[  123595ms] [ERROR] Failed to load resource: net::ERR_CONNECTION_CLOSED @ https://via.placeholder.com/300x200?text=No+Image:0
[  123696ms] [ERROR] Failed to load resource: net::ERR_CONNECTION_CLOSED @ https://via.placeholder.com/300x200?text=No+Image:0
[  123788ms] [ERROR] Failed to load resource: net::ERR_CONNECTION_CLOSED @ https://via.placeholder.com/300x200?text=No+Image:0
[  123883ms] [ERROR] Failed to load resource: net::ERR_CONNECTION_CLOSED @ https://via.placeholder.com/300x200?text=No+Image:0
[  123974ms] [ERROR] Failed to load resource: net::ERR_CONNECTION_CLOSED @ https://via.placeholder.com/300x200?text=No+Image:0
[  124069ms] [ERROR] Failed to load resource: net::ERR_CONNECTION_CLOSED @ https://via.placeholder.com/300x200?text=No+Image:0
[  124169ms] [ERROR] Failed to load resource: net::ERR_CONNECTION_CLOSED @ https://via.placeholder.com/300x200?text=No+Image:0
[  124261ms] [ERROR] Failed to load resource: net::ERR_CONNECTION_CLOSED @ https://via.placeholder.com/300x200?text=No+Image:0
[  124357ms] [ERROR] Failed to load resource: net::ERR_CONNECTION_CLOSED @ https://via.placeholder.com/300x200?text=No+Image:0
[  124451ms] [ERROR] Failed to load resource: net::ERR_CONNECTION_CLOSED @ https://via.placeholder.com/300x200?text=No+Image:0
[  124547ms] [ERROR] Failed to load resource: net::ERR_CONNECTION_CLOSED @ https://via.placeholder.com/300x200?text=No+Image:0
[  124644ms] [ERROR] Failed to load resource: net::ERR_CONNECTION_CLOSED @ https://via.placeholder.com/300x200?text=No+Image:0
[  124740ms] [ERROR] Failed to load resource: net::ERR_CONNECTION_CLOSED @ https://via.placeholder.com/300x200?text=No+Image:0
[  124830ms] [ERROR] Failed to load resource: net::ERR_CONNECTION_CLOSED @ https://via.placeholder.com/300x200?text=No+Image:0
[  124939ms] [ERROR] Failed to load resource: net::ERR_CONNECTION_CLOSED @ https://via.placeholder.com/300x200?text=No+Image:0
[  125037ms] [ERROR] Failed to load resource: net::ERR_CONNECTION_CLOSED @ https://via.placeholder.com/300x200?text=No+Image:0
[  125136ms] [ERROR] Failed to load resource: net::ERR_CONNECTION_CLOSED @ https://via.placeholder.com/300x200?text=No+Image:0
[  125226ms] [ERROR] Failed to load resource: net::ERR_CONNECTION_CLOSED @ https://via.placeholder.com/300x200?text=No+Image:0
[  125320ms] [ERROR] Failed to load resource: net::ERR_CONNECTION_CLOSED @ https://via.placeholder.com/300x200?text=No+Image:0
[  125410ms] [ERROR] Failed to load resource: net::ERR_CONNECTION_CLOSED @ https://via.placeholder.com/300x200?text=No+Image:0
[  125502ms] [ERROR] Failed to load resource: net::ERR_CONNECTION_CLOSED @ https://via.placeholder.com/300x200?text=No+Image:0
[  125597ms] [ERROR] Failed to load resource: net::ERR_CONNECTION_CLOSED @ https://via.placeholder.com/300x200?text=No+Image:0
[  125692ms] [ERROR] Failed to load resource: net::ERR_CONNECTION_CLOSED @ https://via.placeholder.com/300x200?text=No+Image:0
[  125793ms] [ERROR] Failed to load resource: net::ERR_CONNECTION_CLOSED @ https://via.placeholder.com/300x200?text=No+Image:0
[  125888ms] [ERROR] Failed to load resource: net::ERR_CONNECTION_CLOSED @ https://via.placeholder.com/300x200?text=No+Image:0
[  125982ms] [ERROR] Failed to load resource: net::ERR_CONNECTION_CLOSED @ https://via.placeholder.com/300x200?text=No+Image:0
[  126076ms] [ERROR] Failed to load resource: net::ERR_CONNECTION_CLOSED @ https://via.placeholder.com/300x200?text=No+Image:0
[  126172ms] [ERROR] Failed to load resource: net::ERR_CONNECTION_CLOSED @ https://via.placeholder.com/300x200?text=No+Image:0
[  126262ms] [ERROR] Failed to load resource: net::ERR_CONNECTION_CLOSED @ https://via.placeholder.com/300x200?text=No+Image:0
[  126352ms] [ERROR] Failed to load resource: net::ERR_CONNECTION_CLOSED @ https://via.placeholder.com/300x200?text=No+Image:0
[  126445ms] [ERROR] Failed to load resource: net::ERR_CONNECTION_CLOSED @ https://via.placeholder.com/300x200?text=No+Image:0
[  126551ms] [ERROR] Failed to load resource: net::ERR_CONNECTION_CLOSED @ https://via.placeholder.com/300x200?text=No+Image:0
[  126645ms] [ERROR] Failed to load resource: net::ERR_CONNECTION_CLOSED @ https://via.placeholder.com/300x200?text=No+Image:0
[  126736ms] [ERROR] Failed to load resource: net::ERR_CONNECTION_CLOSED @ https://via.placeholder.com/300x200?text=No+Image:0
[  126827ms] [ERROR] Failed to load resource: net::ERR_CONNECTION_CLOSED @ https://via.placeholder.com/300x200?text=No+Image:0
[  126917ms] [ERROR] Failed to load resource: net::ERR_CONNECTION_CLOSED @ https://via.placeholder.com/300x200?text=No+Image:0
[  127012ms] [ERROR] Failed to load resource: net::ERR_CONNECTION_CLOSED @ https://via.placeholder.com/300x200?text=No+Image:0
[  127117ms] [ERROR] Failed to load resource: net::ERR_CONNECTION_CLOSED @ https://via.placeholder.com/300x200?text=No+Image:0
[  127224ms] [ERROR] Failed to load resource: net::ERR_CONNECTION_CLOSED @ https://via.placeholder.com/300x200?text=No+Image:0
[  127315ms] [ERROR] Failed to load resource: net::ERR_CONNECTION_CLOSED @ https://via.placeholder.com/300x200?text=No+Image:0
[  127406ms] [ERROR] Failed to load resource: net::ERR_CONNECTION_CLOSED @ https://via.placeholder.com/300x200?text=No+Image:0
[  127500ms] [ERROR] Failed to load resource: net::ERR_CONNECTION_CLOSED @ https://via.placeholder.com/300x200?text=No+Image:0
[  127598ms] [ERROR] Failed to load resource: net::ERR_CONNECTION_CLOSED @ https://via.placeholder.com/300x200?text=No+Image:0
[  127688ms] [ERROR] Failed to load resource: net::ERR_CONNECTION_CLOSED @ https://via.placeholder.com/300x200?text=No+Image:0
[  127781ms] [ERROR] Failed to load resource: net::ERR_CONNECTION_CLOSED @ https://via.placeholder.com/300x200?text=No+Image:0
[  127877ms] [ERROR] Failed to load resource: net::ERR_CONNECTION_CLOSED @ https://via.placeholder.com/300x200?text=No+Image:0
[  127967ms] [ERROR] Failed to load resource: net::ERR_CONNECTION_CLOSED @ https://via.placeholder.com/300x200?text=No+Image:0
[  128070ms] [ERROR] Failed to load resource: net::ERR_CONNECTION_CLOSED @ https://via.placeholder.com/300x200?text=No+Image:0
[  128156ms] [ERROR] Failed to load resource: net::ERR_CONNECTION_CLOSED @ https://via.placeholder.com/300x200?text=No+Image:0
[  128250ms] [ERROR] Failed to load resource: net::ERR_CONNECTION_CLOSED @ https://via.placeholder.com/300x200?text=No+Image:0
[  128344ms] [ERROR] Failed to load resource: net::ERR_CONNECTION_CLOSED @ https://via.placeholder.com/300x200?text=No+Image:0
[  128438ms] [ERROR] Failed to load resource: net::ERR_CONNECTION_CLOSED @ https://via.placeholder.com/300x200?text=No+Image:0
[  128526ms] [ERROR] Failed to load resource: net::ERR_CONNECTION_CLOSED @ https://via.placeholder.com/300x200?text=No+Image:0
[  128622ms] [ERROR] Failed to load resource: net::ERR_CONNECTION_CLOSED @ https://via.placeholder.com/300x200?text=No+Image:0
[  128722ms] [ERROR] Failed to load resource: net::ERR_CONNECTION_CLOSED @ https://via.placeholder.com/300x200?text=No+Image:0
[  128814ms] [ERROR] Failed to load resource: net::ERR_CONNECTION_CLOSED @ https://via.placeholder.com/300x200?text=No+Image:0
[  128910ms] [ERROR] Failed to load resource: net::ERR_CONNECTION_CLOSED @ https://via.placeholder.com/300x200?text=No+Image:0
[  129001ms] [ERROR] Failed to load resource: net::ERR_CONNECTION_CLOSED @ https://via.placeholder.com/300x200?text=No+Image:0
[  129099ms] [ERROR] Failed to load resource: net::ERR_CONNECTION_CLOSED @ https://via.placeholder.com/300x200?text=No+Image:0
[  129201ms] [ERROR] Failed to load resource: net::ERR_CONNECTION_CLOSED @ https://via.placeholder.com/300x200?text=No+Image:0
[  129288ms] [ERROR] Failed to load resource: net::ERR_CONNECTION_CLOSED @ https://via.placeholder.com/300x200?text=No+Image:0
[  129383ms] [ERROR] Failed to load resource: net::ERR_CONNECTION_CLOSED @ https://via.placeholder.com/300x200?text=No+Image:0
[  129484ms] [ERROR] Failed to load resource: net::ERR_CONNECTION_CLOSED @ https://via.placeholder.com/300x200?text=No+Image:0
[  129582ms] [ERROR] Failed to load resource: net::ERR_CONNECTION_CLOSED @ https://via.placeholder.com/300x200?text=No+Image:0
[  129685ms] [ERROR] Failed to load resource: net::ERR_CONNECTION_CLOSED @ https://via.placeholder.com/300x200?text=No+Image:0
[  129775ms] [ERROR] Failed to load resource: net::ERR_CONNECTION_CLOSED @ https://via.placeholder.com/300x200?text=No+Image:0
[  129866ms] [ERROR] Failed to load resource: net::ERR_CONNECTION_CLOSED @ https://via.placeholder.com/300x200?text=No+Image:0
[  129961ms] [ERROR] Failed to load resource: net::ERR_CONNECTION_CLOSED @ https://via.placeholder.com/300x200?text=No+Image:0
[  130056ms] [ERROR] Failed to load resource: net::ERR_CONNECTION_CLOSED @ https://via.placeholder.com/300x200?text=No+Image:0
[  130148ms] [ERROR] Failed to load resource: net::ERR_CONNECTION_CLOSED @ https://via.placeholder.com/300x200?text=No+Image:0
[  130240ms] [ERROR] Failed to load resource: net::ERR_CONNECTION_CLOSED @ https://via.placeholder.com/300x200?text=No+Image:0
[  130335ms] [ERROR] Failed to load resource: net::ERR_CONNECTION_CLOSED @ https://via.placeholder.com/300x200?text=No+Image:0
[  130428ms] [ERROR] Failed to load resource: net::ERR_CONNECTION_CLOSED @ https://via.placeholder.com/300x200?text=No+Image:0
[  130518ms] [ERROR] Failed to load resource: net::ERR_CONNECTION_CLOSED @ https://via.placeholder.com/300x200?text=No+Image:0
[  130619ms] [ERROR] Failed to load resource: net::ERR_CONNECTION_CLOSED @ https://via.placeholder.com/300x200?text=No+Image:0
[  130710ms] [ERROR] Failed to load resource: net::ERR_CONNECTION_CLOSED @ https://via.placeholder.com/300x200?text=No+Image:0
[  130860ms] [ERROR] Failed to load resource: net::ERR_CONNECTION_CLOSED @ https://via.placeholder.com/300x200?text=No+Image:0
[  130957ms] [ERROR] Failed to load resource: net::ERR_CONNECTION_CLOSED @ https://via.placeholder.com/300x200?text=No+Image:0
[  131060ms] [ERROR] Failed to load resource: net::ERR_CONNECTION_CLOSED @ https://via.placeholder.com/300x200?text=No+Image:0
[  131156ms] [ERROR] Failed to load resource: net::ERR_CONNECTION_CLOSED @ https://via.placeholder.com/300x200?text=No+Image:0
[  131249ms] [ERROR] Failed to load resource: net::ERR_CONNECTION_CLOSED @ https://via.placeholder.com/300x200?text=No+Image:0
[  131339ms] [ERROR] Failed to load resource: net::ERR_CONNECTION_CLOSED @ https://via.placeholder.com/300x200?text=No+Image:0
[  131432ms] [ERROR] Failed to load resource: net::ERR_CONNECTION_CLOSED @ https://via.placeholder.com/300x200?text=No+Image:0
[  131527ms] [ERROR] Failed to load resource: net::ERR_CONNECTION_CLOSED @ https://via.placeholder.com/300x200?text=No+Image:0
[  131625ms] [ERROR] Failed to load resource: net::ERR_CONNECTION_CLOSED @ https://via.placeholder.com/300x200?text=No+Image:0
[  131717ms] [ERROR] Failed to load resource: net::ERR_CONNECTION_CLOSED @ https://via.placeholder.com/300x200?text=No+Image:0
[  131811ms] [ERROR] Failed to load resource: net::ERR_CONNECTION_CLOSED @ https://via.placeholder.com/300x200?text=No+Image:0
[  131900ms] [ERROR] Failed to load resource: net::ERR_CONNECTION_CLOSED @ https://via.placeholder.com/300x200?text=No+Image:0
[  131997ms] [ERROR] Failed to load resource: net::ERR_CONNECTION_CLOSED @ https://via.placeholder.com/300x200?text=No+Image:0
[  132099ms] [ERROR] Failed to load resource: net::ERR_CONNECTION_CLOSED @ https://via.placeholder.com/300x200?text=No+Image:0
[  132192ms] [ERROR] Failed to load resource: net::ERR_CONNECTION_CLOSED @ https://via.placeholder.com/300x200?text=No+Image:0
[  132287ms] [ERROR] Failed to load resource: net::ERR_CONNECTION_CLOSED @ https://via.placeholder.com/300x200?text=No+Image:0
[  132380ms] [ERROR] Failed to load resource: net::ERR_CONNECTION_CLOSED @ https://via.placeholder.com/300x200?text=No+Image:0
[  132471ms] [ERROR] Failed to load resource: net::ERR_CONNECTION_CLOSED @ https://via.placeholder.com/300x200?text=No+Image:0
[  132566ms] [ERROR] Failed to load resource: net::ERR_CONNECTION_CLOSED @ https://via.placeholder.com/300x200?text=No+Image:0
[  132662ms] [ERROR] Failed to load resource: net::ERR_CONNECTION_CLOSED @ https://via.placeholder.com/300x200?text=No+Image:0
[  132754ms] [ERROR] Failed to load resource: net::ERR_CONNECTION_CLOSED @ https://via.placeholder.com/300x200?text=No+Image:0
[  132846ms] [ERROR] Failed to load resource: net::ERR_CONNECTION_CLOSED @ https://via.placeholder.com/300x200?text=No+Image:0
[  132939ms] [ERROR] Failed to load resource: net::ERR_CONNECTION_CLOSED @ https://via.placeholder.com/300x200?text=No+Image:0
[  133031ms] [ERROR] Failed to load resource: net::ERR_CONNECTION_CLOSED @ https://via.placeholder.com/300x200?text=No+Image:0
[  133131ms] [ERROR] Failed to load resource: net::ERR_CONNECTION_CLOSED @ https://via.placeholder.com/300x200?text=No+Image:0
[  133224ms] [ERROR] Failed to load resource: net::ERR_CONNECTION_CLOSED @ https://via.placeholder.com/300x200?text=No+Image:0
[  133319ms] [ERROR] Failed to load resource: net::ERR_CONNECTION_CLOSED @ https://via.placeholder.com/300x200?text=No+Image:0
[  133412ms] [ERROR] Failed to load resource: net::ERR_CONNECTION_CLOSED @ https://via.placeholder.com/300x200?text=No+Image:0
[  133508ms] [ERROR] Failed to load resource: net::ERR_CONNECTION_CLOSED @ https://via.placeholder.com/300x200?text=No+Image:0
[  133603ms] [ERROR] Failed to load resource: net::ERR_CONNECTION_CLOSED @ https://via.placeholder.com/300x200?text=No+Image:0
[  133696ms] [ERROR] Failed to load resource: net::ERR_CONNECTION_CLOSED @ https://via.placeholder.com/300x200?text=No+Image:0
[  133788ms] [ERROR] Failed to load resource: net::ERR_CONNECTION_CLOSED @ https://via.placeholder.com/300x200?text=No+Image:0
[  133880ms] [ERROR] Failed to load resource: net::ERR_CONNECTION_CLOSED @ https://via.placeholder.com/300x200?text=No+Image:0
[  133971ms] [ERROR] Failed to load resource: net::ERR_CONNECTION_CLOSED @ https://via.placeholder.com/300x200?text=No+Image:0
[  134068ms] [ERROR] Failed to load resource: net::ERR_CONNECTION_CLOSED @ https://via.placeholder.com/300x200?text=No+Image:0
[  134160ms] [ERROR] Failed to load resource: net::ERR_CONNECTION_CLOSED @ https://via.placeholder.com/300x200?text=No+Image:0
[  134249ms] [ERROR] Failed to load resource: net::ERR_CONNECTION_CLOSED @ https://via.placeholder.com/300x200?text=No+Image:0
[  134339ms] [ERROR] Failed to load resource: net::ERR_CONNECTION_CLOSED @ https://via.placeholder.com/300x200?text=No+Image:0
[  134433ms] [ERROR] Failed to load resource: net::ERR_CONNECTION_CLOSED @ https://via.placeholder.com/300x200?text=No+Image:0
[  134525ms] [ERROR] Failed to load resource: net::ERR_CONNECTION_CLOSED @ https://via.placeholder.com/300x200?text=No+Image:0
[  134622ms] [ERROR] Failed to load resource: net::ERR_CONNECTION_CLOSED @ https://via.placeholder.com/300x200?text=No+Image:0
[  134713ms] [ERROR] Failed to load resource: net::ERR_CONNECTION_CLOSED @ https://via.placeholder.com/300x200?text=No+Image:0
[  134809ms] [ERROR] Failed to load resource: net::ERR_CONNECTION_CLOSED @ https://via.placeholder.com/300x200?text=No+Image:0
[  134898ms] [ERROR] Failed to load resource: net::ERR_CONNECTION_CLOSED @ https://via.placeholder.com/300x200?text=No+Image:0
[  134996ms] [ERROR] Failed to load resource: net::ERR_CONNECTION_CLOSED @ https://via.placeholder.com/300x200?text=No+Image:0
[  135089ms] [ERROR] Failed to load resource: net::ERR_CONNECTION_CLOSED @ https://via.placeholder.com/300x200?text=No+Image:0
[  135184ms] [ERROR] Failed to load resource: net::ERR_CONNECTION_CLOSED @ https://via.placeholder.com/300x200?text=No+Image:0
[  135282ms] [ERROR] Failed to load resource: net::ERR_CONNECTION_CLOSED @ https://via.placeholder.com/300x200?text=No+Image:0
[  135432ms] [ERROR] Failed to load resource: net::ERR_CONNECTION_CLOSED @ https://via.placeholder.com/300x200?text=No+Image:0
[  135529ms] [ERROR] Failed to load resource: net::ERR_CONNECTION_CLOSED @ https://via.placeholder.com/300x200?text=No+Image:0
[  135677ms] [ERROR] Failed to load resource: net::ERR_CONNECTION_CLOSED @ https://via.placeholder.com/300x200?text=No+Image:0
[  135780ms] [ERROR] Failed to load resource: net::ERR_CONNECTION_CLOSED @ https://via.placeholder.com/300x200?text=No+Image:0
[  135871ms] [ERROR] Failed to load resource: net::ERR_CONNECTION_CLOSED @ https://via.placeholder.com/300x200?text=No+Image:0
[  136045ms] [ERROR] Failed to load resource: net::ERR_CONNECTION_CLOSED @ https://via.placeholder.com/300x200?text=No+Image:0
[  136140ms] [ERROR] Failed to load resource: net::ERR_CONNECTION_CLOSED @ https://via.placeholder.com/300x200?text=No+Image:0
[  136232ms] [ERROR] Failed to load resource: net::ERR_CONNECTION_CLOSED @ https://via.placeholder.com/300x200?text=No+Image:0
[  136418ms] [ERROR] Failed to load resource: net::ERR_CONNECTION_CLOSED @ https://via.placeholder.com/300x200?text=No+Image:0
[  136510ms] [ERROR] Failed to load resource: net::ERR_CONNECTION_CLOSED @ https://via.placeholder.com/300x200?text=No+Image:0
[  136679ms] [ERROR] Failed to load resource: net::ERR_CONNECTION_CLOSED @ https://via.placeholder.com/300x200?text=No+Image:0
[  136768ms] [ERROR] Failed to load resource: net::ERR_CONNECTION_CLOSED @ https://via.placeholder.com/300x200?text=No+Image:0
[  136886ms] [ERROR] Failed to load resource: net::ERR_CONNECTION_CLOSED @ https://via.placeholder.com/300x200?text=No+Image:0
[  137028ms] [ERROR] Failed to load resource: net::ERR_CONNECTION_CLOSED @ https://via.placeholder.com/300x200?text=No+Image:0
[  137137ms] [ERROR] Failed to load resource: net::ERR_CONNECTION_CLOSED @ https://via.placeholder.com/300x200?text=No+Image:0
[  137238ms] [ERROR] Failed to load resource: net::ERR_CONNECTION_CLOSED @ https://via.placeholder.com/300x200?text=No+Image:0
[  137370ms] [ERROR] Failed to load resource: net::ERR_CONNECTION_CLOSED @ https://via.placeholder.com/300x200?text=No+Image:0
[  137462ms] [ERROR] Failed to load resource: net::ERR_CONNECTION_CLOSED @ https://via.placeholder.com/300x200?text=No+Image:0
[  137551ms] [ERROR] Failed to load resource: net::ERR_CONNECTION_CLOSED @ https://via.placeholder.com/300x200?text=No+Image:0
[  137649ms] [ERROR] Failed to load resource: net::ERR_CONNECTION_CLOSED @ https://via.placeholder.com/300x200?text=No+Image:0
[  137743ms] [ERROR] Failed to load resource: net::ERR_CONNECTION_CLOSED @ https://via.placeholder.com/300x200?text=No+Image:0
[  137837ms] [ERROR] Failed to load resource: net::ERR_CONNECTION_CLOSED @ https://via.placeholder.com/300x200?text=No+Image:0
[  137929ms] [ERROR] Failed to load resource: net::ERR_CONNECTION_CLOSED @ https://via.placeholder.com/300x200?text=No+Image:0
[  138019ms] [ERROR] Failed to load resource: net::ERR_CONNECTION_CLOSED @ https://via.placeholder.com/300x200?text=No+Image:0
[  138117ms] [ERROR] Failed to load resource: net::ERR_CONNECTION_CLOSED @ https://via.placeholder.com/300x200?text=No+Image:0
[  138229ms] [ERROR] Failed to load resource: net::ERR_CONNECTION_CLOSED @ https://via.placeholder.com/300x200?text=No+Image:0
[  138322ms] [ERROR] Failed to load resource: net::ERR_CONNECTION_CLOSED @ https://via.placeholder.com/300x200?text=No+Image:0
[  138415ms] [ERROR] Failed to load resource: net::ERR_CONNECTION_CLOSED @ https://via.placeholder.com/300x200?text=No+Image:0
[  138503ms] [ERROR] Failed to load resource: net::ERR_CONNECTION_CLOSED @ https://via.placeholder.com/300x200?text=No+Image:0
[  138598ms] [ERROR] Failed to load resource: net::ERR_CONNECTION_CLOSED @ https://via.placeholder.com/300x200?text=No+Image:0
[  138698ms] [ERROR] Failed to load resource: net::ERR_CONNECTION_CLOSED @ https://via.placeholder.com/300x200?text=No+Image:0
[  138786ms] [ERROR] Failed to load resource: net::ERR_CONNECTION_CLOSED @ https://via.placeholder.com/300x200?text=No+Image:0
[  138873ms] [ERROR] Failed to load resource: net::ERR_CONNECTION_CLOSED @ https://via.placeholder.com/300x200?text=No+Image:0
[  138964ms] [ERROR] Failed to load resource: net::ERR_CONNECTION_CLOSED @ https://via.placeholder.com/300x200?text=No+Image:0
[  139060ms] [ERROR] Failed to load resource: net::ERR_CONNECTION_CLOSED @ https://via.placeholder.com/300x200?text=No+Image:0
[  139156ms] [ERROR] Failed to load resource: net::ERR_CONNECTION_CLOSED @ https://via.placeholder.com/300x200?text=No+Image:0
[  139255ms] [ERROR] Failed to load resource: net::ERR_CONNECTION_CLOSED @ https://via.placeholder.com/300x200?text=No+Image:0
[  139349ms] [ERROR] Failed to load resource: net::ERR_CONNECTION_CLOSED @ https://via.placeholder.com/300x200?text=No+Image:0
[  139442ms] [ERROR] Failed to load resource: net::ERR_CONNECTION_CLOSED @ https://via.placeholder.com/300x200?text=No+Image:0
[  139534ms] [ERROR] Failed to load resource: net::ERR_CONNECTION_CLOSED @ https://via.placeholder.com/300x200?text=No+Image:0
[  139627ms] [ERROR] Failed to load resource: net::ERR_CONNECTION_CLOSED @ https://via.placeholder.com/300x200?text=No+Image:0
[  139729ms] [ERROR] Failed to load resource: net::ERR_CONNECTION_CLOSED @ https://via.placeholder.com/300x200?text=No+Image:0
[  139825ms] [ERROR] Failed to load resource: net::ERR_CONNECTION_CLOSED @ https://via.placeholder.com/300x200?text=No+Image:0
[  139916ms] [ERROR] Failed to load resource: net::ERR_CONNECTION_CLOSED @ https://via.placeholder.com/300x200?text=No+Image:0
[  140006ms] [ERROR] Failed to load resource: net::ERR_CONNECTION_CLOSED @ https://via.placeholder.com/300x200?text=No+Image:0
[  140100ms] [ERROR] Failed to load resource: net::ERR_CONNECTION_CLOSED @ https://via.placeholder.com/300x200?text=No+Image:0
[  140197ms] [ERROR] Failed to load resource: net::ERR_CONNECTION_CLOSED @ https://via.placeholder.com/300x200?text=No+Image:0
[  140293ms] [ERROR] Failed to load resource: net::ERR_CONNECTION_CLOSED @ https://via.placeholder.com/300x200?text=No+Image:0
[  140381ms] [ERROR] Failed to load resource: net::ERR_CONNECTION_CLOSED @ https://via.placeholder.com/300x200?text=No+Image:0
[  140487ms] [ERROR] Failed to load resource: net::ERR_CONNECTION_CLOSED @ https://via.placeholder.com/300x200?text=No+Image:0
[  140581ms] [ERROR] Failed to load resource: net::ERR_CONNECTION_CLOSED @ https://via.placeholder.com/300x200?text=No+Image:0
[  140674ms] [ERROR] Failed to load resource: net::ERR_CONNECTION_CLOSED @ https://via.placeholder.com/300x200?text=No+Image:0
[  140773ms] [ERROR] Failed to load resource: net::ERR_CONNECTION_CLOSED @ https://via.placeholder.com/300x200?text=No+Image:0
[  140864ms] [ERROR] Failed to load resource: net::ERR_CONNECTION_CLOSED @ https://via.placeholder.com/300x200?text=No+Image:0
[  140957ms] [ERROR] Failed to load resource: net::ERR_CONNECTION_CLOSED @ https://via.placeholder.com/300x200?text=No+Image:0
[  141048ms] [ERROR] Failed to load resource: net::ERR_CONNECTION_CLOSED @ https://via.placeholder.com/300x200?text=No+Image:0
[  141138ms] [ERROR] Failed to load resource: net::ERR_CONNECTION_CLOSED @ https://via.placeholder.com/300x200?text=No+Image:0
[  141230ms] [ERROR] Failed to load resource: net::ERR_CONNECTION_CLOSED @ https://via.placeholder.com/300x200?text=No+Image:0
[  141320ms] [ERROR] Failed to load resource: net::ERR_CONNECTION_CLOSED @ https://via.placeholder.com/300x200?text=No+Image:0
[  141413ms] [ERROR] Failed to load resource: net::ERR_CONNECTION_CLOSED @ https://via.placeholder.com/300x200?text=No+Image:0
[  141511ms] [ERROR] Failed to load resource: net::ERR_CONNECTION_CLOSED @ https://via.placeholder.com/300x200?text=No+Image:0
[  141606ms] [ERROR] Failed to load resource: net::ERR_CONNECTION_CLOSED @ https://via.placeholder.com/300x200?text=No+Image:0
[  141705ms] [ERROR] Failed to load resource: net::ERR_CONNECTION_CLOSED @ https://via.placeholder.com/300x200?text=No+Image:0
[  141793ms] [ERROR] Failed to load resource: net::ERR_CONNECTION_CLOSED @ https://via.placeholder.com/300x200?text=No+Image:0
[  141886ms] [ERROR] Failed to load resource: net::ERR_CONNECTION_CLOSED @ https://via.placeholder.com/300x200?text=No+Image:0
[  141977ms] [ERROR] Failed to load resource: net::ERR_CONNECTION_CLOSED @ https://via.placeholder.com/300x200?text=No+Image:0
[  142066ms] [ERROR] Failed to load resource: net::ERR_CONNECTION_CLOSED @ https://via.placeholder.com/300x200?text=No+Image:0
[  142159ms] [ERROR] Failed to load resource: net::ERR_CONNECTION_CLOSED @ https://via.placeholder.com/300x200?text=No+Image:0
[  142252ms] [ERROR] Failed to load resource: net::ERR_CONNECTION_CLOSED @ https://via.placeholder.com/300x200?text=No+Image:0
[  142346ms] [ERROR] Failed to load resource: net::ERR_CONNECTION_CLOSED @ https://via.placeholder.com/300x200?text=No+Image:0
[  142436ms] [ERROR] Failed to load resource: net::ERR_CONNECTION_CLOSED @ https://via.placeholder.com/300x200?text=No+Image:0
[  142529ms] [ERROR] Failed to load resource: net::ERR_CONNECTION_CLOSED @ https://via.placeholder.com/300x200?text=No+Image:0
[  142626ms] [ERROR] Failed to load resource: net::ERR_CONNECTION_CLOSED @ https://via.placeholder.com/300x200?text=No+Image:0
[  142725ms] [ERROR] Failed to load resource: net::ERR_CONNECTION_CLOSED @ https://via.placeholder.com/300x200?text=No+Image:0
[  142818ms] [ERROR] Failed to load resource: net::ERR_CONNECTION_CLOSED @ https://via.placeholder.com/300x200?text=No+Image:0
[  142911ms] [ERROR] Failed to load resource: net::ERR_CONNECTION_CLOSED @ https://via.placeholder.com/300x200?text=No+Image:0
[  143006ms] [ERROR] Failed to load resource: net::ERR_CONNECTION_CLOSED @ https://via.placeholder.com/300x200?text=No+Image:0
[  143099ms] [ERROR] Failed to load resource: net::ERR_CONNECTION_CLOSED @ https://via.placeholder.com/300x200?text=No+Image:0
[  143199ms] [ERROR] Failed to load resource: net::ERR_CONNECTION_CLOSED @ https://via.placeholder.com/300x200?text=No+Image:0
[  143290ms] [ERROR] Failed to load resource: net::ERR_CONNECTION_CLOSED @ https://via.placeholder.com/300x200?text=No+Image:0
[  143383ms] [ERROR] Failed to load resource: net::ERR_CONNECTION_CLOSED @ https://via.placeholder.com/300x200?text=No+Image:0
[  143473ms] [ERROR] Failed to load resource: net::ERR_CONNECTION_CLOSED @ https://via.placeholder.com/300x200?text=No+Image:0
[  143565ms] [ERROR] Failed to load resource: net::ERR_CONNECTION_CLOSED @ https://via.placeholder.com/300x200?text=No+Image:0
[  143660ms] [ERROR] Failed to load resource: net::ERR_CONNECTION_CLOSED @ https://via.placeholder.com/300x200?text=No+Image:0
[  143756ms] [ERROR] Failed to load resource: net::ERR_CONNECTION_CLOSED @ https://via.placeholder.com/300x200?text=No+Image:0
[  143846ms] [ERROR] Failed to load resource: net::ERR_CONNECTION_CLOSED @ https://via.placeholder.com/300x200?text=No+Image:0
[  143947ms] [ERROR] Failed to load resource: net::ERR_CONNECTION_CLOSED @ https://via.placeholder.com/300x200?text=No+Image:0
[  144041ms] [ERROR] Failed to load resource: net::ERR_CONNECTION_CLOSED @ https://via.placeholder.com/300x200?text=No+Image:0
[  144138ms] [ERROR] Failed to load resource: net::ERR_CONNECTION_CLOSED @ https://via.placeholder.com/300x200?text=No+Image:0
[  144230ms] [ERROR] Failed to load resource: net::ERR_CONNECTION_CLOSED @ https://via.placeholder.com/300x200?text=No+Image:0
[  144320ms] [ERROR] Failed to load resource: net::ERR_CONNECTION_CLOSED @ https://via.placeholder.com/300x200?text=No+Image:0
[  144417ms] [ERROR] Failed to load resource: net::ERR_CONNECTION_CLOSED @ https://via.placeholder.com/300x200?text=No+Image:0
[  144514ms] [ERROR] Failed to load resource: net::ERR_CONNECTION_CLOSED @ https://via.placeholder.com/300x200?text=No+Image:0
[  144607ms] [ERROR] Failed to load resource: net::ERR_CONNECTION_CLOSED @ https://via.placeholder.com/300x200?text=No+Image:0
[  144706ms] [ERROR] Failed to load resource: net::ERR_CONNECTION_CLOSED @ https://via.placeholder.com/300x200?text=No+Image:0
[  144801ms] [ERROR] Failed to load resource: net::ERR_CONNECTION_CLOSED @ https://via.placeholder.com/300x200?text=No+Image:0
[  144897ms] [ERROR] Failed to load resource: net::ERR_CONNECTION_CLOSED @ https://via.placeholder.com/300x200?text=No+Image:0
[  144992ms] [ERROR] Failed to load resource: net::ERR_CONNECTION_CLOSED @ https://via.placeholder.com/300x200?text=No+Image:0
[  145085ms] [ERROR] Failed to load resource: net::ERR_CONNECTION_CLOSED @ https://via.placeholder.com/300x200?text=No+Image:0
[  145185ms] [ERROR] Failed to load resource: net::ERR_CONNECTION_CLOSED @ https://via.placeholder.com/300x200?text=No+Image:0
[  145279ms] [ERROR] Failed to load resource: net::ERR_CONNECTION_CLOSED @ https://via.placeholder.com/300x200?text=No+Image:0
[  145371ms] [ERROR] Failed to load resource: net::ERR_CONNECTION_CLOSED @ https://via.placeholder.com/300x200?text=No+Image:0
[  145462ms] [ERROR] Failed to load resource: net::ERR_CONNECTION_CLOSED @ https://via.placeholder.com/300x200?text=No+Image:0
[  145550ms] [ERROR] Failed to load resource: net::ERR_CONNECTION_CLOSED @ https://via.placeholder.com/300x200?text=No+Image:0
[  145644ms] [ERROR] Failed to load resource: net::ERR_CONNECTION_CLOSED @ https://via.placeholder.com/300x200?text=No+Image:0
[  145737ms] [ERROR] Failed to load resource: net::ERR_CONNECTION_CLOSED @ https://via.placeholder.com/300x200?text=No+Image:0
[  145829ms] [ERROR] Failed to load resource: net::ERR_CONNECTION_CLOSED @ https://via.placeholder.com/300x200?text=No+Image:0
[  145918ms] [ERROR] Failed to load resource: net::ERR_CONNECTION_CLOSED @ https://via.placeholder.com/300x200?text=No+Image:0
[  146007ms] [ERROR] Failed to load resource: net::ERR_CONNECTION_CLOSED @ https://via.placeholder.com/300x200?text=No+Image:0
[  146101ms] [ERROR] Failed to load resource: net::ERR_CONNECTION_CLOSED @ https://via.placeholder.com/300x200?text=No+Image:0
[  146190ms] [ERROR] Failed to load resource: net::ERR_CONNECTION_CLOSED @ https://via.placeholder.com/300x200?text=No+Image:0
[  146277ms] [ERROR] Failed to load resource: net::ERR_CONNECTION_CLOSED @ https://via.placeholder.com/300x200?text=No+Image:0
[  146379ms] [ERROR] Failed to load resource: net::ERR_CONNECTION_CLOSED @ https://via.placeholder.com/300x200?text=No+Image:0
[  146470ms] [ERROR] Failed to load resource: net::ERR_CONNECTION_CLOSED @ https://via.placeholder.com/300x200?text=No+Image:0
[  146564ms] [ERROR] Failed to load resource: net::ERR_CONNECTION_CLOSED @ https://via.placeholder.com/300x200?text=No+Image:0
[  146651ms] [ERROR] Failed to load resource: net::ERR_CONNECTION_CLOSED @ https://via.placeholder.com/300x200?text=No+Image:0
[  146749ms] [ERROR] Failed to load resource: net::ERR_CONNECTION_CLOSED @ https://via.placeholder.com/300x200?text=No+Image:0
[  146847ms] [ERROR] Failed to load resource: net::ERR_CONNECTION_CLOSED @ https://via.placeholder.com/300x200?text=No+Image:0
[  146945ms] [ERROR] Failed to load resource: net::ERR_CONNECTION_CLOSED @ https://via.placeholder.com/300x200?text=No+Image:0
[  147041ms] [ERROR] Failed to load resource: net::ERR_CONNECTION_CLOSED @ https://via.placeholder.com/300x200?text=No+Image:0
[  147134ms] [ERROR] Failed to load resource: net::ERR_CONNECTION_CLOSED @ https://via.placeholder.com/300x200?text=No+Image:0
[  147234ms] [ERROR] Failed to load resource: net::ERR_CONNECTION_CLOSED @ https://via.placeholder.com/300x200?text=No+Image:0
[  147330ms] [ERROR] Failed to load resource: net::ERR_CONNECTION_CLOSED @ https://via.placeholder.com/300x200?text=No+Image:0
[  147421ms] [ERROR] Failed to load resource: net::ERR_CONNECTION_CLOSED @ https://via.placeholder.com/300x200?text=No+Image:0
[  147515ms] [ERROR] Failed to load resource: net::ERR_CONNECTION_CLOSED @ https://via.placeholder.com/300x200?text=No+Image:0
[  147614ms] [ERROR] Failed to load resource: net::ERR_CONNECTION_CLOSED @ https://via.placeholder.com/300x200?text=No+Image:0
[  147711ms] [ERROR] Failed to load resource: net::ERR_CONNECTION_CLOSED @ https://via.placeholder.com/300x200?text=No+Image:0
[  147802ms] [ERROR] Failed to load resource: net::ERR_CONNECTION_CLOSED @ https://via.placeholder.com/300x200?text=No+Image:0
[  147898ms] [ERROR] Failed to load resource: net::ERR_CONNECTION_CLOSED @ https://via.placeholder.com/300x200?text=No+Image:0
[  147991ms] [ERROR] Failed to load resource: net::ERR_CONNECTION_CLOSED @ https://via.placeholder.com/300x200?text=No+Image:0
[  148082ms] [ERROR] Failed to load resource: net::ERR_CONNECTION_CLOSED @ https://via.placeholder.com/300x200?text=No+Image:0
[  148186ms] [ERROR] Failed to load resource: net::ERR_CONNECTION_CLOSED @ https://via.placeholder.com/300x200?text=No+Image:0
[  148282ms] [ERROR] Failed to load resource: net::ERR_CONNECTION_CLOSED @ https://via.placeholder.com/300x200?text=No+Image:0
[  148377ms] [ERROR] Failed to load resource: net::ERR_CONNECTION_CLOSED @ https://via.placeholder.com/300x200?text=No+Image:0
[  148473ms] [ERROR] Failed to load resource: net::ERR_CONNECTION_CLOSED @ https://via.placeholder.com/300x200?text=No+Image:0
[  148570ms] [ERROR] Failed to load resource: net::ERR_CONNECTION_CLOSED @ https://via.placeholder.com/300x200?text=No+Image:0
[  148664ms] [ERROR] Failed to load resource: net::ERR_CONNECTION_CLOSED @ https://via.placeholder.com/300x200?text=No+Image:0
[  148756ms] [ERROR] Failed to load resource: net::ERR_CONNECTION_CLOSED @ https://via.placeholder.com/300x200?text=No+Image:0
[  148847ms] [ERROR] Failed to load resource: net::ERR_CONNECTION_CLOSED @ https://via.placeholder.com/300x200?text=No+Image:0
[  148940ms] [ERROR] Failed to load resource: net::ERR_CONNECTION_CLOSED @ https://via.placeholder.com/300x200?text=No+Image:0
[  149029ms] [ERROR] Failed to load resource: net::ERR_CONNECTION_CLOSED @ https://via.placeholder.com/300x200?text=No+Image:0
[  149124ms] [ERROR] Failed to load resource: net::ERR_CONNECTION_CLOSED @ https://via.placeholder.com/300x200?text=No+Image:0
[  149218ms] [ERROR] Failed to load resource: net::ERR_CONNECTION_CLOSED @ https://via.placeholder.com/300x200?text=No+Image:0
[  149312ms] [ERROR] Failed to load resource: net::ERR_CONNECTION_CLOSED @ https://via.placeholder.com/300x200?text=No+Image:0
[  149405ms] [ERROR] Failed to load resource: net::ERR_CONNECTION_CLOSED @ https://via.placeholder.com/300x200?text=No+Image:0
[  149496ms] [ERROR] Failed to load resource: net::ERR_CONNECTION_CLOSED @ https://via.placeholder.com/300x200?text=No+Image:0
[  149587ms] [ERROR] Failed to load resource: net::ERR_CONNECTION_CLOSED @ https://via.placeholder.com/300x200?text=No+Image:0
[  149694ms] [ERROR] Failed to load resource: net::ERR_CONNECTION_CLOSED @ https://via.placeholder.com/300x200?text=No+Image:0
[  149787ms] [ERROR] Failed to load resource: net::ERR_CONNECTION_CLOSED @ https://via.placeholder.com/300x200?text=No+Image:0
[  149878ms] [ERROR] Failed to load resource: net::ERR_CONNECTION_CLOSED @ https://via.placeholder.com/300x200?text=No+Image:0
[  149972ms] [ERROR] Failed to load resource: net::ERR_CONNECTION_CLOSED @ https://via.placeholder.com/300x200?text=No+Image:0
[  150066ms] [ERROR] Failed to load resource: net::ERR_CONNECTION_CLOSED @ https://via.placeholder.com/300x200?text=No+Image:0
[  150169ms] [ERROR] Failed to load resource: net::ERR_CONNECTION_CLOSED @ https://via.placeholder.com/300x200?text=No+Image:0
[  150266ms] [ERROR] Failed to load resource: net::ERR_CONNECTION_CLOSED @ https://via.placeholder.com/300x200?text=No+Image:0
[  150367ms] [ERROR] Failed to load resource: net::ERR_CONNECTION_CLOSED @ https://via.placeholder.com/300x200?text=No+Image:0
[  150464ms] [ERROR] Failed to load resource: net::ERR_CONNECTION_CLOSED @ https://via.placeholder.com/300x200?text=No+Image:0
[  150562ms] [ERROR] Failed to load resource: net::ERR_CONNECTION_CLOSED @ https://via.placeholder.com/300x200?text=No+Image:0
[  150649ms] [ERROR] Failed to load resource: net::ERR_CONNECTION_CLOSED @ https://via.placeholder.com/300x200?text=No+Image:0
[  150747ms] [ERROR] Failed to load resource: net::ERR_CONNECTION_CLOSED @ https://via.placeholder.com/300x200?text=No+Image:0
[  150846ms] [ERROR] Failed to load resource: net::ERR_CONNECTION_CLOSED @ https://via.placeholder.com/300x200?text=No+Image:0
[  150944ms] [ERROR] Failed to load resource: net::ERR_CONNECTION_CLOSED @ https://via.placeholder.com/300x200?text=No+Image:0
[  151039ms] [ERROR] Failed to load resource: net::ERR_CONNECTION_CLOSED @ https://via.placeholder.com/300x200?text=No+Image:0
[  151139ms] [ERROR] Failed to load resource: net::ERR_CONNECTION_CLOSED @ https://via.placeholder.com/300x200?text=No+Image:0
[  151241ms] [ERROR] Failed to load resource: net::ERR_CONNECTION_CLOSED @ https://via.placeholder.com/300x200?text=No+Image:0
[  151337ms] [ERROR] Failed to load resource: net::ERR_CONNECTION_CLOSED @ https://via.placeholder.com/300x200?text=No+Image:0
[  151436ms] [ERROR] Failed to load resource: net::ERR_CONNECTION_CLOSED @ https://via.placeholder.com/300x200?text=No+Image:0
[  151529ms] [ERROR] Failed to load resource: net::ERR_CONNECTION_CLOSED @ https://via.placeholder.com/300x200?text=No+Image:0
[  151624ms] [ERROR] Failed to load resource: net::ERR_CONNECTION_CLOSED @ https://via.placeholder.com/300x200?text=No+Image:0
[  151720ms] [ERROR] Failed to load resource: net::ERR_CONNECTION_CLOSED @ https://via.placeholder.com/300x200?text=No+Image:0
[  151815ms] [ERROR] Failed to load resource: net::ERR_CONNECTION_CLOSED @ https://via.placeholder.com/300x200?text=No+Image:0
[  151904ms] [ERROR] Failed to load resource: net::ERR_CONNECTION_CLOSED @ https://via.placeholder.com/300x200?text=No+Image:0
[  151995ms] [ERROR] Failed to load resource: net::ERR_CONNECTION_CLOSED @ https://via.placeholder.com/300x200?text=No+Image:0
[  152094ms] [ERROR] Failed to load resource: net::ERR_CONNECTION_CLOSED @ https://via.placeholder.com/300x200?text=No+Image:0
[  152196ms] [ERROR] Failed to load resource: net::ERR_CONNECTION_CLOSED @ https://via.placeholder.com/300x200?text=No+Image:0
[  152287ms] [ERROR] Failed to load resource: net::ERR_CONNECTION_CLOSED @ https://via.placeholder.com/300x200?text=No+Image:0
[  152389ms] [ERROR] Failed to load resource: net::ERR_CONNECTION_CLOSED @ https://via.placeholder.com/300x200?text=No+Image:0
[  152479ms] [ERROR] Failed to load resource: net::ERR_CONNECTION_CLOSED @ https://via.placeholder.com/300x200?text=No+Image:0
[  152571ms] [ERROR] Failed to load resource: net::ERR_CONNECTION_CLOSED @ https://via.placeholder.com/300x200?text=No+Image:0
[  152707ms] [ERROR] Failed to load resource: net::ERR_CONNECTION_CLOSED @ https://via.placeholder.com/300x200?text=No+Image:0
[  152806ms] [ERROR] Failed to load resource: net::ERR_CONNECTION_CLOSED @ https://via.placeholder.com/300x200?text=No+Image:0
[  152903ms] [ERROR] Failed to load resource: net::ERR_CONNECTION_CLOSED @ https://via.placeholder.com/300x200?text=No+Image:0
[  153001ms] [ERROR] Failed to load resource: net::ERR_CONNECTION_CLOSED @ https://via.placeholder.com/300x200?text=No+Image:0
[  153095ms] [ERROR] Failed to load resource: net::ERR_CONNECTION_CLOSED @ https://via.placeholder.com/300x200?text=No+Image:0
[  153192ms] [ERROR] Failed to load resource: net::ERR_CONNECTION_CLOSED @ https://via.placeholder.com/300x200?text=No+Image:0
[  153288ms] [ERROR] Failed to load resource: net::ERR_CONNECTION_CLOSED @ https://via.placeholder.com/300x200?text=No+Image:0
[  153378ms] [ERROR] Failed to load resource: net::ERR_CONNECTION_CLOSED @ https://via.placeholder.com/300x200?text=No+Image:0
[  153469ms] [ERROR] Failed to load resource: net::ERR_CONNECTION_CLOSED @ https://via.placeholder.com/300x200?text=No+Image:0
[  153567ms] [ERROR] Failed to load resource: net::ERR_CONNECTION_CLOSED @ https://via.placeholder.com/300x200?text=No+Image:0
[  153670ms] [ERROR] Failed to load resource: net::ERR_CONNECTION_CLOSED @ https://via.placeholder.com/300x200?text=No+Image:0
[  153759ms] [ERROR] Failed to load resource: net::ERR_CONNECTION_CLOSED @ https://via.placeholder.com/300x200?text=No+Image:0
[  153852ms] [ERROR] Failed to load resource: net::ERR_CONNECTION_CLOSED @ https://via.placeholder.com/300x200?text=No+Image:0
[  153945ms] [ERROR] Failed to load resource: net::ERR_CONNECTION_CLOSED @ https://via.placeholder.com/300x200?text=No+Image:0
[  154037ms] [ERROR] Failed to load resource: net::ERR_CONNECTION_CLOSED @ https://via.placeholder.com/300x200?text=No+Image:0
[  154126ms] [ERROR] Failed to load resource: net::ERR_CONNECTION_CLOSED @ https://via.placeholder.com/300x200?text=No+Image:0
[  154223ms] [ERROR] Failed to load resource: net::ERR_CONNECTION_CLOSED @ https://via.placeholder.com/300x200?text=No+Image:0
[  154322ms] [ERROR] Failed to load resource: net::ERR_CONNECTION_CLOSED @ https://via.placeholder.com/300x200?text=No+Image:0
[  154438ms] [ERROR] Failed to load resource: net::ERR_CONNECTION_CLOSED @ https://via.placeholder.com/300x200?text=No+Image:0
[  154538ms] [ERROR] Failed to load resource: net::ERR_CONNECTION_CLOSED @ https://via.placeholder.com/300x200?text=No+Image:0
[  154630ms] [ERROR] Failed to load resource: net::ERR_CONNECTION_CLOSED @ https://via.placeholder.com/300x200?text=No+Image:0
[  154731ms] [ERROR] Failed to load resource: net::ERR_CONNECTION_CLOSED @ https://via.placeholder.com/300x200?text=No+Image:0
[  154825ms] [ERROR] Failed to load resource: net::ERR_CONNECTION_CLOSED @ https://via.placeholder.com/300x200?text=No+Image:0
[  154920ms] [ERROR] Failed to load resource: net::ERR_CONNECTION_CLOSED @ https://via.placeholder.com/300x200?text=No+Image:0
[  155015ms] [ERROR] Failed to load resource: net::ERR_CONNECTION_CLOSED @ https://via.placeholder.com/300x200?text=No+Image:0
[  155111ms] [ERROR] Failed to load resource: net::ERR_CONNECTION_CLOSED @ https://via.placeholder.com/300x200?text=No+Image:0
[  155212ms] [ERROR] Failed to load resource: net::ERR_CONNECTION_CLOSED @ https://via.placeholder.com/300x200?text=No+Image:0
[  155313ms] [ERROR] Failed to load resource: net::ERR_CONNECTION_CLOSED @ https://via.placeholder.com/300x200?text=No+Image:0
[  155408ms] [ERROR] Failed to load resource: net::ERR_CONNECTION_CLOSED @ https://via.placeholder.com/300x200?text=No+Image:0
[  155507ms] [ERROR] Failed to load resource: net::ERR_CONNECTION_CLOSED @ https://via.placeholder.com/300x200?text=No+Image:0
[  155596ms] [ERROR] Failed to load resource: net::ERR_CONNECTION_CLOSED @ https://via.placeholder.com/300x200?text=No+Image:0
[  155697ms] [ERROR] Failed to load resource: net::ERR_CONNECTION_CLOSED @ https://via.placeholder.com/300x200?text=No+Image:0
[  155794ms] [ERROR] Failed to load resource: net::ERR_CONNECTION_CLOSED @ https://via.placeholder.com/300x200?text=No+Image:0
[  155884ms] [ERROR] Failed to load resource: net::ERR_CONNECTION_CLOSED @ https://via.placeholder.com/300x200?text=No+Image:0
[  155976ms] [ERROR] Failed to load resource: net::ERR_CONNECTION_CLOSED @ https://via.placeholder.com/300x200?text=No+Image:0
[  156085ms] [ERROR] Failed to load resource: net::ERR_CONNECTION_CLOSED @ https://via.placeholder.com/300x200?text=No+Image:0
[  156177ms] [ERROR] Failed to load resource: net::ERR_CONNECTION_CLOSED @ https://via.placeholder.com/300x200?text=No+Image:0
[  156274ms] [ERROR] Failed to load resource: net::ERR_CONNECTION_CLOSED @ https://via.placeholder.com/300x200?text=No+Image:0
[  156377ms] [ERROR] Failed to load resource: net::ERR_CONNECTION_CLOSED @ https://via.placeholder.com/300x200?text=No+Image:0
[  156470ms] [ERROR] Failed to load resource: net::ERR_CONNECTION_CLOSED @ https://via.placeholder.com/300x200?text=No+Image:0
[  156562ms] [ERROR] Failed to load resource: net::ERR_CONNECTION_CLOSED @ https://via.placeholder.com/300x200?text=No+Image:0
[  156672ms] [ERROR] Failed to load resource: net::ERR_CONNECTION_CLOSED @ https://via.placeholder.com/300x200?text=No+Image:0
[  156766ms] [ERROR] Failed to load resource: net::ERR_CONNECTION_CLOSED @ https://via.placeholder.com/300x200?text=No+Image:0
[  156860ms] [ERROR] Failed to load resource: net::ERR_CONNECTION_CLOSED @ https://via.placeholder.com/300x200?text=No+Image:0
[  156950ms] [ERROR] Failed to load resource: net::ERR_CONNECTION_CLOSED @ https://via.placeholder.com/300x200?text=No+Image:0
[  157046ms] [ERROR] Failed to load resource: net::ERR_CONNECTION_CLOSED @ https://via.placeholder.com/300x200?text=No+Image:0
[  157134ms] [ERROR] Failed to load resource: net::ERR_CONNECTION_CLOSED @ https://via.placeholder.com/300x200?text=No+Image:0
[  157227ms] [ERROR] Failed to load resource: net::ERR_CONNECTION_CLOSED @ https://via.placeholder.com/300x200?text=No+Image:0
[  157318ms] [ERROR] Failed to load resource: net::ERR_CONNECTION_CLOSED @ https://via.placeholder.com/300x200?text=No+Image:0
[  157410ms] [ERROR] Failed to load resource: net::ERR_CONNECTION_CLOSED @ https://via.placeholder.com/300x200?text=No+Image:0
[  157500ms] [ERROR] Failed to load resource: net::ERR_CONNECTION_CLOSED @ https://via.placeholder.com/300x200?text=No+Image:0
[  157593ms] [ERROR] Failed to load resource: net::ERR_CONNECTION_CLOSED @ https://via.placeholder.com/300x200?text=No+Image:0
[  157691ms] [ERROR] Failed to load resource: net::ERR_CONNECTION_CLOSED @ https://via.placeholder.com/300x200?text=No+Image:0
[  157781ms] [ERROR] Failed to load resource: net::ERR_CONNECTION_CLOSED @ https://via.placeholder.com/300x200?text=No+Image:0
[  157877ms] [ERROR] Failed to load resource: net::ERR_CONNECTION_CLOSED @ https://via.placeholder.com/300x200?text=No+Image:0
[  157970ms] [ERROR] Failed to load resource: net::ERR_CONNECTION_CLOSED @ https://via.placeholder.com/300x200?text=No+Image:0
[  158063ms] [ERROR] Failed to load resource: net::ERR_CONNECTION_CLOSED @ https://via.placeholder.com/300x200?text=No+Image:0
[  158160ms] [ERROR] Failed to load resource: net::ERR_CONNECTION_CLOSED @ https://via.placeholder.com/300x200?text=No+Image:0
[  158263ms] [ERROR] Failed to load resource: net::ERR_CONNECTION_CLOSED @ https://via.placeholder.com/300x200?text=No+Image:0
[  158360ms] [ERROR] Failed to load resource: net::ERR_CONNECTION_CLOSED @ https://via.placeholder.com/300x200?text=No+Image:0
[  158457ms] [ERROR] Failed to load resource: net::ERR_CONNECTION_CLOSED @ https://via.placeholder.com/300x200?text=No+Image:0
[  158551ms] [ERROR] Failed to load resource: net::ERR_CONNECTION_CLOSED @ https://via.placeholder.com/300x200?text=No+Image:0
[  158690ms] [ERROR] Failed to load resource: net::ERR_CONNECTION_CLOSED @ https://via.placeholder.com/300x200?text=No+Image:0
[  158783ms] [ERROR] Failed to load resource: net::ERR_CONNECTION_CLOSED @ https://via.placeholder.com/300x200?text=No+Image:0
[  158879ms] [ERROR] Failed to load resource: net::ERR_CONNECTION_CLOSED @ https://via.placeholder.com/300x200?text=No+Image:0
[  158975ms] [ERROR] Failed to load resource: net::ERR_CONNECTION_CLOSED @ https://via.placeholder.com/300x200?text=No+Image:0
[  159078ms] [ERROR] Failed to load resource: net::ERR_CONNECTION_CLOSED @ https://via.placeholder.com/300x200?text=No+Image:0
[  159178ms] [ERROR] Failed to load resource: net::ERR_CONNECTION_CLOSED @ https://via.placeholder.com/300x200?text=No+Image:0
[  159266ms] [ERROR] Failed to load resource: net::ERR_CONNECTION_CLOSED @ https://via.placeholder.com/300x200?text=No+Image:0
[  159370ms] [ERROR] Failed to load resource: net::ERR_CONNECTION_CLOSED @ https://via.placeholder.com/300x200?text=No+Image:0
[  159463ms] [ERROR] Failed to load resource: net::ERR_CONNECTION_CLOSED @ https://via.placeholder.com/300x200?text=No+Image:0
[  159560ms] [ERROR] Failed to load resource: net::ERR_CONNECTION_CLOSED @ https://via.placeholder.com/300x200?text=No+Image:0
[  159659ms] [ERROR] Failed to load resource: net::ERR_CONNECTION_CLOSED @ https://via.placeholder.com/300x200?text=No+Image:0
[  159752ms] [ERROR] Failed to load resource: net::ERR_CONNECTION_CLOSED @ https://via.placeholder.com/300x200?text=No+Image:0
[  159842ms] [ERROR] Failed to load resource: net::ERR_CONNECTION_CLOSED @ https://via.placeholder.com/300x200?text=No+Image:0
[  159940ms] [ERROR] Failed to load resource: net::ERR_CONNECTION_CLOSED @ https://via.placeholder.com/300x200?text=No+Image:0
[  160027ms] [ERROR] Failed to load resource: net::ERR_CONNECTION_CLOSED @ https://via.placeholder.com/300x200?text=No+Image:0
[  160119ms] [ERROR] Failed to load resource: net::ERR_CONNECTION_CLOSED @ https://via.placeholder.com/300x200?text=No+Image:0
[  160218ms] [ERROR] Failed to load resource: net::ERR_CONNECTION_CLOSED @ https://via.placeholder.com/300x200?text=No+Image:0
[  160308ms] [ERROR] Failed to load resource: net::ERR_CONNECTION_CLOSED @ https://via.placeholder.com/300x200?text=No+Image:0
[  160400ms] [ERROR] Failed to load resource: net::ERR_CONNECTION_CLOSED @ https://via.placeholder.com/300x200?text=No+Image:0
[  160495ms] [ERROR] Failed to load resource: net::ERR_CONNECTION_CLOSED @ https://via.placeholder.com/300x200?text=No+Image:0
[  160597ms] [ERROR] Failed to load resource: net::ERR_CONNECTION_CLOSED @ https://via.placeholder.com/300x200?text=No+Image:0
[  160699ms] [ERROR] Failed to load resource: net::ERR_CONNECTION_CLOSED @ https://via.placeholder.com/300x200?text=No+Image:0
[  160791ms] [ERROR] Failed to load resource: net::ERR_CONNECTION_CLOSED @ https://via.placeholder.com/300x200?text=No+Image:0
[  160886ms] [ERROR] Failed to load resource: net::ERR_CONNECTION_CLOSED @ https://via.placeholder.com/300x200?text=No+Image:0
[  160987ms] [ERROR] Failed to load resource: net::ERR_CONNECTION_CLOSED @ https://via.placeholder.com/300x200?text=No+Image:0
[  161079ms] [ERROR] Failed to load resource: net::ERR_CONNECTION_CLOSED @ https://via.placeholder.com/300x200?text=No+Image:0
[  161176ms] [ERROR] Failed to load resource: net::ERR_CONNECTION_CLOSED @ https://via.placeholder.com/300x200?text=No+Image:0
[  161268ms] [ERROR] Failed to load resource: net::ERR_CONNECTION_CLOSED @ https://via.placeholder.com/300x200?text=No+Image:0
[  161362ms] [ERROR] Failed to load resource: net::ERR_CONNECTION_CLOSED @ https://via.placeholder.com/300x200?text=No+Image:0
[  161463ms] [ERROR] Failed to load resource: net::ERR_CONNECTION_CLOSED @ https://via.placeholder.com/300x200?text=No+Image:0
[  161556ms] [ERROR] Failed to load resource: net::ERR_CONNECTION_CLOSED @ https://via.placeholder.com/300x200?text=No+Image:0
[  161648ms] [ERROR] Failed to load resource: net::ERR_CONNECTION_CLOSED @ https://via.placeholder.com/300x200?text=No+Image:0
[  161740ms] [ERROR] Failed to load resource: net::ERR_CONNECTION_CLOSED @ https://via.placeholder.com/300x200?text=No+Image:0
[  161828ms] [ERROR] Failed to load resource: net::ERR_CONNECTION_CLOSED @ https://via.placeholder.com/300x200?text=No+Image:0
[  161919ms] [ERROR] Failed to load resource: net::ERR_CONNECTION_CLOSED @ https://via.placeholder.com/300x200?text=No+Image:0
[  162008ms] [ERROR] Failed to load resource: net::ERR_CONNECTION_CLOSED @ https://via.placeholder.com/300x200?text=No+Image:0
[  162100ms] [ERROR] Failed to load resource: net::ERR_CONNECTION_CLOSED @ https://via.placeholder.com/300x200?text=No+Image:0
[  162198ms] [ERROR] Failed to load resource: net::ERR_CONNECTION_CLOSED @ https://via.placeholder.com/300x200?text=No+Image:0
[  162293ms] [ERROR] Failed to load resource: net::ERR_CONNECTION_CLOSED @ https://via.placeholder.com/300x200?text=No+Image:0
[  162388ms] [ERROR] Failed to load resource: net::ERR_CONNECTION_CLOSED @ https://via.placeholder.com/300x200?text=No+Image:0
[  162476ms] [ERROR] Failed to load resource: net::ERR_CONNECTION_CLOSED @ https://via.placeholder.com/300x200?text=No+Image:0
[  162568ms] [ERROR] Failed to load resource: net::ERR_CONNECTION_CLOSED @ https://via.placeholder.com/300x200?text=No+Image:0
[  162664ms] [ERROR] Failed to load resource: net::ERR_CONNECTION_CLOSED @ https://via.placeholder.com/300x200?text=No+Image:0
[  162766ms] [ERROR] Failed to load resource: net::ERR_CONNECTION_CLOSED @ https://via.placeholder.com/300x200?text=No+Image:0
[  162862ms] [ERROR] Failed to load resource: net::ERR_CONNECTION_CLOSED @ https://via.placeholder.com/300x200?text=No+Image:0
[  162950ms] [ERROR] Failed to load resource: net::ERR_CONNECTION_CLOSED @ https://via.placeholder.com/300x200?text=No+Image:0
[  163045ms] [ERROR] Failed to load resource: net::ERR_CONNECTION_CLOSED @ https://via.placeholder.com/300x200?text=No+Image:0
[  163139ms] [ERROR] Failed to load resource: net::ERR_CONNECTION_CLOSED @ https://via.placeholder.com/300x200?text=No+Image:0
[  163235ms] [ERROR] Failed to load resource: net::ERR_CONNECTION_CLOSED @ https://via.placeholder.com/300x200?text=No+Image:0
[  163322ms] [ERROR] Failed to load resource: net::ERR_CONNECTION_CLOSED @ https://via.placeholder.com/300x200?text=No+Image:0
[  163416ms] [ERROR] Failed to load resource: net::ERR_CONNECTION_CLOSED @ https://via.placeholder.com/300x200?text=No+Image:0
[  163508ms] [ERROR] Failed to load resource: net::ERR_CONNECTION_CLOSED @ https://via.placeholder.com/300x200?text=No+Image:0
[  163603ms] [ERROR] Failed to load resource: net::ERR_CONNECTION_CLOSED @ https://via.placeholder.com/300x200?text=No+Image:0
[  163704ms] [ERROR] Failed to load resource: net::ERR_CONNECTION_CLOSED @ https://via.placeholder.com/300x200?text=No+Image:0
[  163797ms] [ERROR] Failed to load resource: net::ERR_CONNECTION_CLOSED @ https://via.placeholder.com/300x200?text=No+Image:0
[  163890ms] [ERROR] Failed to load resource: net::ERR_CONNECTION_CLOSED @ https://via.placeholder.com/300x200?text=No+Image:0
[  163988ms] [ERROR] Failed to load resource: net::ERR_CONNECTION_CLOSED @ https://via.placeholder.com/300x200?text=No+Image:0
[  164085ms] [ERROR] Failed to load resource: net::ERR_CONNECTION_CLOSED @ https://via.placeholder.com/300x200?text=No+Image:0
[  164180ms] [ERROR] Failed to load resource: net::ERR_CONNECTION_CLOSED @ https://via.placeholder.com/300x200?text=No+Image:0
[  164272ms] [ERROR] Failed to load resource: net::ERR_CONNECTION_CLOSED @ https://via.placeholder.com/300x200?text=No+Image:0
[  164364ms] [ERROR] Failed to load resource: net::ERR_CONNECTION_CLOSED @ https://via.placeholder.com/300x200?text=No+Image:0
[  164452ms] [ERROR] Failed to load resource: net::ERR_CONNECTION_CLOSED @ https://via.placeholder.com/300x200?text=No+Image:0
[  164554ms] [ERROR] Failed to load resource: net::ERR_CONNECTION_CLOSED @ https://via.placeholder.com/300x200?text=No+Image:0
[  164653ms] [ERROR] Failed to load resource: net::ERR_CONNECTION_CLOSED @ https://via.placeholder.com/300x200?text=No+Image:0
[  164753ms] [ERROR] Failed to load resource: net::ERR_CONNECTION_CLOSED @ https://via.placeholder.com/300x200?text=No+Image:0
[  164848ms] [ERROR] Failed to load resource: net::ERR_CONNECTION_CLOSED @ https://via.placeholder.com/300x200?text=No+Image:0
[  164947ms] [ERROR] Failed to load resource: net::ERR_CONNECTION_CLOSED @ https://via.placeholder.com/300x200?text=No+Image:0
[  165042ms] [ERROR] Failed to load resource: net::ERR_CONNECTION_CLOSED @ https://via.placeholder.com/300x200?text=No+Image:0
[  165141ms] [ERROR] Failed to load resource: net::ERR_CONNECTION_CLOSED @ https://via.placeholder.com/300x200?text=No+Image:0
[  165234ms] [ERROR] Failed to load resource: net::ERR_CONNECTION_CLOSED @ https://via.placeholder.com/300x200?text=No+Image:0
[  165327ms] [ERROR] Failed to load resource: net::ERR_CONNECTION_CLOSED @ https://via.placeholder.com/300x200?text=No+Image:0
[  165422ms] [ERROR] Failed to load resource: net::ERR_CONNECTION_CLOSED @ https://via.placeholder.com/300x200?text=No+Image:0
[  165515ms] [ERROR] Failed to load resource: net::ERR_CONNECTION_CLOSED @ https://via.placeholder.com/300x200?text=No+Image:0
[  165611ms] [ERROR] Failed to load resource: net::ERR_CONNECTION_CLOSED @ https://via.placeholder.com/300x200?text=No+Image:0
[  165712ms] [ERROR] Failed to load resource: net::ERR_CONNECTION_CLOSED @ https://via.placeholder.com/300x200?text=No+Image:0
[  165804ms] [ERROR] Failed to load resource: net::ERR_CONNECTION_CLOSED @ https://via.placeholder.com/300x200?text=No+Image:0
[  165897ms] [ERROR] Failed to load resource: net::ERR_CONNECTION_CLOSED @ https://via.placeholder.com/300x200?text=No+Image:0
[  165988ms] [ERROR] Failed to load resource: net::ERR_CONNECTION_CLOSED @ https://via.placeholder.com/300x200?text=No+Image:0
[  166080ms] [ERROR] Failed to load resource: net::ERR_CONNECTION_CLOSED @ https://via.placeholder.com/300x200?text=No+Image:0
[  166170ms] [ERROR] Failed to load resource: net::ERR_CONNECTION_CLOSED @ https://via.placeholder.com/300x200?text=No+Image:0
[  166262ms] [ERROR] Failed to load resource: net::ERR_CONNECTION_CLOSED @ https://via.placeholder.com/300x200?text=No+Image:0
[  166357ms] [ERROR] Failed to load resource: net::ERR_CONNECTION_CLOSED @ https://via.placeholder.com/300x200?text=No+Image:0
[  166455ms] [ERROR] Failed to load resource: net::ERR_CONNECTION_CLOSED @ https://via.placeholder.com/300x200?text=No+Image:0
[  166547ms] [ERROR] Failed to load resource: net::ERR_CONNECTION_CLOSED @ https://via.placeholder.com/300x200?text=No+Image:0
[  166641ms] [ERROR] Failed to load resource: net::ERR_CONNECTION_CLOSED @ https://via.placeholder.com/300x200?text=No+Image:0
[  166734ms] [ERROR] Failed to load resource: net::ERR_CONNECTION_CLOSED @ https://via.placeholder.com/300x200?text=No+Image:0
[  166826ms] [ERROR] Failed to load resource: net::ERR_CONNECTION_CLOSED @ https://via.placeholder.com/300x200?text=No+Image:0
[  166925ms] [ERROR] Failed to load resource: net::ERR_CONNECTION_CLOSED @ https://via.placeholder.com/300x200?text=No+Image:0
[  167015ms] [ERROR] Failed to load resource: net::ERR_CONNECTION_CLOSED @ https://via.placeholder.com/300x200?text=No+Image:0
[  167107ms] [ERROR] Failed to load resource: net::ERR_CONNECTION_CLOSED @ https://via.placeholder.com/300x200?text=No+Image:0
[  167209ms] [ERROR] Failed to load resource: net::ERR_CONNECTION_CLOSED @ https://via.placeholder.com/300x200?text=No+Image:0
[  167300ms] [ERROR] Failed to load resource: net::ERR_CONNECTION_CLOSED @ https://via.placeholder.com/300x200?text=No+Image:0
[  167393ms] [ERROR] Failed to load resource: net::ERR_CONNECTION_CLOSED @ https://via.placeholder.com/300x200?text=No+Image:0
[  167487ms] [ERROR] Failed to load resource: net::ERR_CONNECTION_CLOSED @ https://via.placeholder.com/300x200?text=No+Image:0
[  167581ms] [ERROR] Failed to load resource: net::ERR_CONNECTION_CLOSED @ https://via.placeholder.com/300x200?text=No+Image:0
[  167672ms] [ERROR] Failed to load resource: net::ERR_CONNECTION_CLOSED @ https://via.placeholder.com/300x200?text=No+Image:0
[  167770ms] [ERROR] Failed to load resource: net::ERR_CONNECTION_CLOSED @ https://via.placeholder.com/300x200?text=No+Image:0
[  167863ms] [ERROR] Failed to load resource: net::ERR_CONNECTION_CLOSED @ https://via.placeholder.com/300x200?text=No+Image:0
[  167956ms] [ERROR] Failed to load resource: net::ERR_CONNECTION_CLOSED @ https://via.placeholder.com/300x200?text=No+Image:0
[  168053ms] [ERROR] Failed to load resource: net::ERR_CONNECTION_CLOSED @ https://via.placeholder.com/300x200?text=No+Image:0
[  168153ms] [ERROR] Failed to load resource: net::ERR_CONNECTION_CLOSED @ https://via.placeholder.com/300x200?text=No+Image:0
[  168252ms] [ERROR] Failed to load resource: net::ERR_CONNECTION_CLOSED @ https://via.placeholder.com/300x200?text=No+Image:0
[  168348ms] [ERROR] Failed to load resource: net::ERR_CONNECTION_CLOSED @ https://via.placeholder.com/300x200?text=No+Image:0
[  168472ms] [ERROR] Failed to load resource: net::ERR_CONNECTION_CLOSED @ https://via.placeholder.com/300x200?text=No+Image:0
[  168565ms] [ERROR] Failed to load resource: net::ERR_CONNECTION_CLOSED @ https://via.placeholder.com/300x200?text=No+Image:0
[  168664ms] [ERROR] Failed to load resource: net::ERR_CONNECTION_CLOSED @ https://via.placeholder.com/300x200?text=No+Image:0
[  168763ms] [ERROR] Failed to load resource: net::ERR_CONNECTION_CLOSED @ https://via.placeholder.com/300x200?text=No+Image:0
[  168856ms] [ERROR] Failed to load resource: net::ERR_CONNECTION_CLOSED @ https://via.placeholder.com/300x200?text=No+Image:0
[  168947ms] [ERROR] Failed to load resource: net::ERR_CONNECTION_CLOSED @ https://via.placeholder.com/300x200?text=No+Image:0
[  169037ms] [ERROR] Failed to load resource: net::ERR_CONNECTION_CLOSED @ https://via.placeholder.com/300x200?text=No+Image:0
[  169128ms] [ERROR] Failed to load resource: net::ERR_CONNECTION_CLOSED @ https://via.placeholder.com/300x200?text=No+Image:0
[  169230ms] [ERROR] Failed to load resource: net::ERR_CONNECTION_CLOSED @ https://via.placeholder.com/300x200?text=No+Image:0
[  169318ms] [ERROR] Failed to load resource: net::ERR_CONNECTION_CLOSED @ https://via.placeholder.com/300x200?text=No+Image:0
[  169422ms] [ERROR] Failed to load resource: net::ERR_CONNECTION_CLOSED @ https://via.placeholder.com/300x200?text=No+Image:0
[  169523ms] [ERROR] Failed to load resource: net::ERR_CONNECTION_CLOSED @ https://via.placeholder.com/300x200?text=No+Image:0
[  169618ms] [ERROR] Failed to load resource: net::ERR_CONNECTION_CLOSED @ https://via.placeholder.com/300x200?text=No+Image:0
[  169710ms] [ERROR] Failed to load resource: net::ERR_CONNECTION_CLOSED @ https://via.placeholder.com/300x200?text=No+Image:0
[  169803ms] [ERROR] Failed to load resource: net::ERR_CONNECTION_CLOSED @ https://via.placeholder.com/300x200?text=No+Image:0
[  169894ms] [ERROR] Failed to load resource: net::ERR_CONNECTION_CLOSED @ https://via.placeholder.com/300x200?text=No+Image:0
[  169985ms] [ERROR] Failed to load resource: net::ERR_CONNECTION_CLOSED @ https://via.placeholder.com/300x200?text=No+Image:0
[  170073ms] [ERROR] Failed to load resource: net::ERR_CONNECTION_CLOSED @ https://via.placeholder.com/300x200?text=No+Image:0
[  170169ms] [ERROR] Failed to load resource: net::ERR_CONNECTION_CLOSED @ https://via.placeholder.com/300x200?text=No+Image:0
[  170259ms] [ERROR] Failed to load resource: net::ERR_CONNECTION_CLOSED @ https://via.placeholder.com/300x200?text=No+Image:0
[  170349ms] [ERROR] Failed to load resource: net::ERR_CONNECTION_CLOSED @ https://via.placeholder.com/300x200?text=No+Image:0
[  170444ms] [ERROR] Failed to load resource: net::ERR_CONNECTION_CLOSED @ https://via.placeholder.com/300x200?text=No+Image:0
[  170537ms] [ERROR] Failed to load resource: net::ERR_CONNECTION_CLOSED @ https://via.placeholder.com/300x200?text=No+Image:0
[  170630ms] [ERROR] Failed to load resource: net::ERR_CONNECTION_CLOSED @ https://via.placeholder.com/300x200?text=No+Image:0
[  170733ms] [ERROR] Failed to load resource: net::ERR_CONNECTION_CLOSED @ https://via.placeholder.com/300x200?text=No+Image:0
[  170829ms] [ERROR] Failed to load resource: net::ERR_CONNECTION_CLOSED @ https://via.placeholder.com/300x200?text=No+Image:0
[  170919ms] [ERROR] Failed to load resource: net::ERR_CONNECTION_CLOSED @ https://via.placeholder.com/300x200?text=No+Image:0
[  171010ms] [ERROR] Failed to load resource: net::ERR_CONNECTION_CLOSED @ https://via.placeholder.com/300x200?text=No+Image:0
[  171100ms] [ERROR] Failed to load resource: net::ERR_CONNECTION_CLOSED @ https://via.placeholder.com/300x200?text=No+Image:0
[  171197ms] [ERROR] Failed to load resource: net::ERR_CONNECTION_CLOSED @ https://via.placeholder.com/300x200?text=No+Image:0
[  171292ms] [ERROR] Failed to load resource: net::ERR_CONNECTION_CLOSED @ https://via.placeholder.com/300x200?text=No+Image:0
[  171380ms] [ERROR] Failed to load resource: net::ERR_CONNECTION_CLOSED @ https://via.placeholder.com/300x200?text=No+Image:0
[  171469ms] [ERROR] Failed to load resource: net::ERR_CONNECTION_CLOSED @ https://via.placeholder.com/300x200?text=No+Image:0
[  171560ms] [ERROR] Failed to load resource: net::ERR_CONNECTION_CLOSED @ https://via.placeholder.com/300x200?text=No+Image:0
[  171655ms] [ERROR] Failed to load resource: net::ERR_CONNECTION_CLOSED @ https://via.placeholder.com/300x200?text=No+Image:0
[  171754ms] [ERROR] Failed to load resource: net::ERR_CONNECTION_CLOSED @ https://via.placeholder.com/300x200?text=No+Image:0
[  171842ms] [ERROR] Failed to load resource: net::ERR_CONNECTION_CLOSED @ https://via.placeholder.com/300x200?text=No+Image:0
[  171937ms] [ERROR] Failed to load resource: net::ERR_CONNECTION_CLOSED @ https://via.placeholder.com/300x200?text=No+Image:0
[  172030ms] [ERROR] Failed to load resource: net::ERR_CONNECTION_CLOSED @ https://via.placeholder.com/300x200?text=No+Image:0
[  172120ms] [ERROR] Failed to load resource: net::ERR_CONNECTION_CLOSED @ https://via.placeholder.com/300x200?text=No+Image:0
[  172217ms] [ERROR] Failed to load resource: net::ERR_CONNECTION_CLOSED @ https://via.placeholder.com/300x200?text=No+Image:0
[  172307ms] [ERROR] Failed to load resource: net::ERR_CONNECTION_CLOSED @ https://via.placeholder.com/300x200?text=No+Image:0
[  172398ms] [ERROR] Failed to load resource: net::ERR_CONNECTION_CLOSED @ https://via.placeholder.com/300x200?text=No+Image:0
[  172489ms] [ERROR] Failed to load resource: net::ERR_CONNECTION_CLOSED @ https://via.placeholder.com/300x200?text=No+Image:0
[  172580ms] [ERROR] Failed to load resource: net::ERR_CONNECTION_CLOSED @ https://via.placeholder.com/300x200?text=No+Image:0
[  172672ms] [ERROR] Failed to load resource: net::ERR_CONNECTION_CLOSED @ https://via.placeholder.com/300x200?text=No+Image:0
[  172764ms] [ERROR] Failed to load resource: net::ERR_CONNECTION_CLOSED @ https://via.placeholder.com/300x200?text=No+Image:0
[  172860ms] [ERROR] Failed to load resource: net::ERR_CONNECTION_CLOSED @ https://via.placeholder.com/300x200?text=No+Image:0
[  172948ms] [ERROR] Failed to load resource: net::ERR_CONNECTION_CLOSED @ https://via.placeholder.com/300x200?text=No+Image:0
[  173041ms] [ERROR] Failed to load resource: net::ERR_CONNECTION_CLOSED @ https://via.placeholder.com/300x200?text=No+Image:0
[  173131ms] [ERROR] Failed to load resource: net::ERR_CONNECTION_CLOSED @ https://via.placeholder.com/300x200?text=No+Image:0
[  173227ms] [ERROR] Failed to load resource: net::ERR_CONNECTION_CLOSED @ https://via.placeholder.com/300x200?text=No+Image:0
[  173323ms] [ERROR] Failed to load resource: net::ERR_CONNECTION_CLOSED @ https://via.placeholder.com/300x200?text=No+Image:0
[  173417ms] [ERROR] Failed to load resource: net::ERR_CONNECTION_CLOSED @ https://via.placeholder.com/300x200?text=No+Image:0
[  173505ms] [ERROR] Failed to load resource: net::ERR_CONNECTION_CLOSED @ https://via.placeholder.com/300x200?text=No+Image:0
[  173600ms] [ERROR] Failed to load resource: net::ERR_CONNECTION_CLOSED @ https://via.placeholder.com/300x200?text=No+Image:0
[  173693ms] [ERROR] Failed to load resource: net::ERR_CONNECTION_CLOSED @ https://via.placeholder.com/300x200?text=No+Image:0
[  173791ms] [ERROR] Failed to load resource: net::ERR_CONNECTION_CLOSED @ https://via.placeholder.com/300x200?text=No+Image:0
[  173886ms] [ERROR] Failed to load resource: net::ERR_CONNECTION_CLOSED @ https://via.placeholder.com/300x200?text=No+Image:0
[  173978ms] [ERROR] Failed to load resource: net::ERR_CONNECTION_CLOSED @ https://via.placeholder.com/300x200?text=No+Image:0
[  174077ms] [ERROR] Failed to load resource: net::ERR_CONNECTION_CLOSED @ https://via.placeholder.com/300x200?text=No+Image:0
[  174178ms] [ERROR] Failed to load resource: net::ERR_CONNECTION_CLOSED @ https://via.placeholder.com/300x200?text=No+Image:0
