[      34ms] TypeError: route.handler is not a function
    at App.handleRouting (http://localhost:3000/src/App.js:22:13)
    at App.init (http://localhost:3000/src/App.js:13:10)
    at http://localhost:3000/src/main.js:4:5
[      41ms] [ERROR] Failed to load resource: the server responded with a status of 401 (Unauthorized) @ http://localhost:3001/api/auth/me:0
[      43ms] [ERROR] Failed to load resource: the server responded with a status of 404 (Not Found) @ http://localhost:3000/favicon.ico:0
[      57ms] TypeError: Cannot read properties of null (reading 'addEventListener')
    at Object.onMount (http://localhost:3000/src/pages/products.js:122:40)
[     268ms] [ERROR] Failed to load resource: net::ERR_CONNECTION_CLOSED @ https://via.placeholder.com/300x200?text=No+Image:0
[     422ms] [ERROR] Failed to load resource: net::ERR_CONNECTION_CLOSED @ https://via.placeholder.com/300x200?text=No+Image:0
[     512ms] [ERROR] Failed to load resource: net::ERR_CONNECTION_CLOSED @ https://via.placeholder.com/300x200?text=No+Image:0
[     604ms] [ERROR] Failed to load resource: net::ERR_CONNECTION_CLOSED @ https://via.placeholder.com/300x200?text=No+Image:0
[     746ms] [ERROR] Failed to load resource: net::ERR_CONNECTION_CLOSED @ https://via.placeholder.com/300x200?text=No+Image:0
[     897ms] [ERROR] Failed to load resource: net::ERR_CONNECTION_CLOSED @ https://via.placeholder.com/300x200?text=No+Image:0
[     989ms] [ERROR] Failed to load resource: net::ERR_CONNECTION_CLOSED @ https://via.placeholder.com/300x200?text=No+Image:0
[    1081ms] [ERROR] Failed to load resource: net::ERR_CONNECTION_CLOSED @ https://via.placeholder.com/300x200?text=No+Image:0
[    1246ms] [ERROR] Failed to load resource: net::ERR_CONNECTION_CLOSED @ https://via.placeholder.com/300x200?text=No+Image:0
[    1399ms] [ERROR] Failed to load resource: net::ERR_CONNECTION_CLOSED @ https://via.placeholder.com/300x200?text=No+Image:0
[    1496ms] [ERROR] Failed to load resource: net::ERR_CONNECTION_CLOSED @ https://via.placeholder.com/300x200?text=No+Image:0
[    1587ms] [ERROR] Failed to load resource: net::ERR_CONNECTION_CLOSED @ https://via.placeholder.com/300x200?text=No+Image:0
[    1750ms] [ERROR] Failed to load resource: net::ERR_CONNECTION_CLOSED @ https://via.placeholder.com/300x200?text=No+Image:0
[    1846ms] [ERROR] Failed to load resource: net::ERR_CONNECTION_CLOSED @ https://via.placeholder.com/300x200?text=No+Image:0
[    1994ms] [ERROR] Failed to load resource: net::ERR_CONNECTION_CLOSED @ https://via.placeholder.com/300x200?text=No+Image:0
[    2101ms] [ERROR] Failed to load resource: net::ERR_CONNECTION_CLOSED @ https://via.placeholder.com/300x200?text=No+Image:0
[    2254ms] [ERROR] Failed to load resource: net::ERR_CONNECTION_CLOSED @ https://via.placeholder.com/300x200?text=No+Image:0
[    2349ms] [ERROR] Failed to load resource: net::ERR_CONNECTION_CLOSED @ https://via.placeholder.com/300x200?text=No+Image:0
[    2495ms] [ERROR] Failed to load resource: net::ERR_CONNECTION_CLOSED @ https://via.placeholder.com/300x200?text=No+Image:0
[    2590ms] [ERROR] Failed to load resource: net::ERR_CONNECTION_CLOSED @ https://via.placeholder.com/300x200?text=No+Image:0
[    2684ms] [ERROR] Failed to load resource: net::ERR_CONNECTION_CLOSED @ https://via.placeholder.com/300x200?text=No+Image:0
[    2842ms] [ERROR] Failed to load resource: net::ERR_CONNECTION_CLOSED @ https://via.placeholder.com/300x200?text=No+Image:0
[    2993ms] [ERROR] Failed to load resource: net::ERR_CONNECTION_CLOSED @ https://via.placeholder.com/300x200?text=No+Image:0
[    3083ms] [ERROR] Failed to load resource: net::ERR_CONNECTION_CLOSED @ https://via.placeholder.com/300x200?text=No+Image:0
[    3175ms] [ERROR] Failed to load resource: net::ERR_CONNECTION_CLOSED @ https://via.placeholder.com/300x200?text=No+Image:0
[    3322ms] [ERROR] Failed to load resource: net::ERR_CONNECTION_CLOSED @ https://via.placeholder.com/300x200?text=No+Image:0
[    3415ms] [ERROR] Failed to load resource: net::ERR_CONNECTION_CLOSED @ https://via.placeholder.com/300x200?text=No+Image:0
[    3561ms] [ERROR] Failed to load resource: net::ERR_CONNECTION_CLOSED @ https://via.placeholder.com/300x200?text=No+Image:0
[    3652ms] [ERROR] Failed to load resource: net::ERR_CONNECTION_CLOSED @ https://via.placeholder.com/300x200?text=No+Image:0
[    3748ms] [ERROR] Failed to load resource: net::ERR_CONNECTION_CLOSED @ https://via.placeholder.com/300x200?text=No+Image:0
[    3893ms] [ERROR] Failed to load resource: net::ERR_CONNECTION_CLOSED @ https://via.placeholder.com/300x200?text=No+Image:0
[    4044ms] [ERROR] Failed to load resource: net::ERR_CONNECTION_CLOSED @ https://via.placeholder.com/300x200?text=No+Image:0
[    4138ms] [ERROR] Failed to load resource: net::ERR_CONNECTION_CLOSED @ https://via.placeholder.com/300x200?text=No+Image:0
[    4228ms] [ERROR] Failed to load resource: net::ERR_CONNECTION_CLOSED @ https://via.placeholder.com/300x200?text=No+Image:0
[    4386ms] [ERROR] Failed to load resource: net::ERR_CONNECTION_CLOSED @ https://via.placeholder.com/300x200?text=No+Image:0
[    4545ms] [ERROR] Failed to load resource: net::ERR_CONNECTION_CLOSED @ https://via.placeholder.com/300x200?text=No+Image:0
[    4639ms] [ERROR] Failed to load resource: net::ERR_CONNECTION_CLOSED @ https://via.placeholder.com/300x200?text=No+Image:0
[    4730ms] [ERROR] Failed to load resource: net::ERR_CONNECTION_CLOSED @ https://via.placeholder.com/300x200?text=No+Image:0
[    4892ms] [ERROR] Failed to load resource: net::ERR_CONNECTION_CLOSED @ https://via.placeholder.com/300x200?text=No+Image:0
[    4981ms] [ERROR] Failed to load resource: net::ERR_CONNECTION_CLOSED @ https://via.placeholder.com/300x200?text=No+Image:0
[    5141ms] [ERROR] Failed to load resource: net::ERR_CONNECTION_CLOSED @ https://via.placeholder.com/300x200?text=No+Image:0
[    5235ms] [ERROR] Failed to load resource: net::ERR_CONNECTION_CLOSED @ https://via.placeholder.com/300x200?text=No+Image:0
[    5325ms] [ERROR] Failed to load resource: net::ERR_CONNECTION_CLOSED @ https://via.placeholder.com/300x200?text=No+Image:0
[    5485ms] [ERROR] Failed to load resource: net::ERR_CONNECTION_CLOSED @ https://via.placeholder.com/300x200?text=No+Image:0
[    5639ms] [ERROR] Failed to load resource: net::ERR_CONNECTION_CLOSED @ https://via.placeholder.com/300x200?text=No+Image:0
[    5733ms] [ERROR] Failed to load resource: net::ERR_CONNECTION_CLOSED @ https://via.placeholder.com/300x200?text=No+Image:0
[    5825ms] [ERROR] Failed to load resource: net::ERR_CONNECTION_CLOSED @ https://via.placeholder.com/300x200?text=No+Image:0
[    5988ms] [ERROR] Failed to load resource: net::ERR_CONNECTION_CLOSED @ https://via.placeholder.com/300x200?text=No+Image:0
[    6143ms] [ERROR] Failed to load resource: net::ERR_CONNECTION_CLOSED @ https://via.placeholder.com/300x200?text=No+Image:0
[    6271ms] [ERROR] Failed to load resource: net::ERR_CONNECTION_CLOSED @ https://via.placeholder.com/300x200?text=No+Image:0
[    6365ms] [ERROR] Failed to load resource: net::ERR_CONNECTION_CLOSED @ https://via.placeholder.com/300x200?text=No+Image:0
[    6514ms] [ERROR] Failed to load resource: net::ERR_CONNECTION_CLOSED @ https://via.placeholder.com/300x200?text=No+Image:0
[    6665ms] [ERROR] Failed to load resource: net::ERR_CONNECTION_CLOSED @ https://via.placeholder.com/300x200?text=No+Image:0
[    6755ms] [ERROR] Failed to load resource: net::ERR_CONNECTION_CLOSED @ https://via.placeholder.com/300x200?text=No+Image:0
[    6849ms] [ERROR] Failed to load resource: net::ERR_CONNECTION_CLOSED @ https://via.placeholder.com/300x200?text=No+Image:0
[    7010ms] [ERROR] Failed to load resource: net::ERR_CONNECTION_CLOSED @ https://via.placeholder.com/300x200?text=No+Image:0
[    7168ms] [ERROR] Failed to load resource: net::ERR_CONNECTION_CLOSED @ https://via.placeholder.com/300x200?text=No+Image:0
[    7261ms] [ERROR] Failed to load resource: net::ERR_CONNECTION_CLOSED @ https://via.placeholder.com/300x200?text=No+Image:0
[    7352ms] [ERROR] Failed to load resource: net::ERR_CONNECTION_CLOSED @ https://via.placeholder.com/300x200?text=No+Image:0
[    7495ms] [ERROR] Failed to load resource: net::ERR_CONNECTION_CLOSED @ https://via.placeholder.com/300x200?text=No+Image:0
[    7588ms] [ERROR] Failed to load resource: net::ERR_CONNECTION_CLOSED @ https://via.placeholder.com/300x200?text=No+Image:0
[    7739ms] [ERROR] Failed to load resource: net::ERR_CONNECTION_CLOSED @ https://via.placeholder.com/300x200?text=No+Image:0
[    7828ms] [ERROR] Failed to load resource: net::ERR_CONNECTION_CLOSED @ https://via.placeholder.com/300x200?text=No+Image:0
[    7920ms] [ERROR] Failed to load resource: net::ERR_CONNECTION_CLOSED @ https://via.placeholder.com/300x200?text=No+Image:0
[    8083ms] [ERROR] Failed to load resource: net::ERR_CONNECTION_CLOSED @ https://via.placeholder.com/300x200?text=No+Image:0
[    8236ms] [ERROR] Failed to load resource: net::ERR_CONNECTION_CLOSED @ https://via.placeholder.com/300x200?text=No+Image:0
[    8335ms] [ERROR] Failed to load resource: net::ERR_CONNECTION_CLOSED @ https://via.placeholder.com/300x200?text=No+Image:0
[    8436ms] [ERROR] Failed to load resource: net::ERR_CONNECTION_CLOSED @ https://via.placeholder.com/300x200?text=No+Image:0
[    8620ms] [ERROR] Failed to load resource: net::ERR_CONNECTION_CLOSED @ https://via.placeholder.com/300x200?text=No+Image:0
[    8711ms] [ERROR] Failed to load resource: net::ERR_CONNECTION_CLOSED @ https://via.placeholder.com/300x200?text=No+Image:0
[    8808ms] [ERROR] Failed to load resource: net::ERR_CONNECTION_CLOSED @ https://via.placeholder.com/300x200?text=No+Image:0
[    8903ms] [ERROR] Failed to load resource: net::ERR_CONNECTION_CLOSED @ https://via.placeholder.com/300x200?text=No+Image:0
[    8994ms] [ERROR] Failed to load resource: net::ERR_CONNECTION_CLOSED @ https://via.placeholder.com/300x200?text=No+Image:0
[    9092ms] [ERROR] Failed to load resource: net::ERR_CONNECTION_CLOSED @ https://via.placeholder.com/300x200?text=No+Image:0
[    9183ms] [ERROR] Failed to load resource: net::ERR_CONNECTION_CLOSED @ https://via.placeholder.com/300x200?text=No+Image:0
[    9274ms] [ERROR] Failed to load resource: net::ERR_CONNECTION_CLOSED @ https://via.placeholder.com/300x200?text=No+Image:0
[    9372ms] [ERROR] Failed to load resource: net::ERR_CONNECTION_CLOSED @ https://via.placeholder.com/300x200?text=No+Image:0
[    9463ms] [ERROR] Failed to load resource: net::ERR_CONNECTION_CLOSED @ https://via.placeholder.com/300x200?text=No+Image:0
[    9555ms] [ERROR] Failed to load resource: net::ERR_CONNECTION_CLOSED @ https://via.placeholder.com/300x200?text=No+Image:0
[    9647ms] [ERROR] Failed to load resource: net::ERR_CONNECTION_CLOSED @ https://via.placeholder.com/300x200?text=No+Image:0
[    9743ms] [ERROR] Failed to load resource: net::ERR_CONNECTION_CLOSED @ https://via.placeholder.com/300x200?text=No+Image:0
[    9837ms] [ERROR] Failed to load resource: net::ERR_CONNECTION_CLOSED @ https://via.placeholder.com/300x200?text=No+Image:0
[    9931ms] [ERROR] Failed to load resource: net::ERR_CONNECTION_CLOSED @ https://via.placeholder.com/300x200?text=No+Image:0
[   10024ms] [ERROR] Failed to load resource: net::ERR_CONNECTION_CLOSED @ https://via.placeholder.com/300x200?text=No+Image:0
[   10119ms] [ERROR] Failed to load resource: net::ERR_CONNECTION_CLOSED @ https://via.placeholder.com/300x200?text=No+Image:0
[   10220ms] [ERROR] Failed to load resource: net::ERR_CONNECTION_CLOSED @ https://via.placeholder.com/300x200?text=No+Image:0
[   10330ms] [ERROR] Failed to load resource: net::ERR_CONNECTION_CLOSED @ https://via.placeholder.com/300x200?text=No+Image:0
[   10424ms] [ERROR] Failed to load resource: net::ERR_CONNECTION_CLOSED @ https://via.placeholder.com/300x200?text=No+Image:0
[   10538ms] [ERROR] Failed to load resource: net::ERR_CONNECTION_CLOSED @ https://via.placeholder.com/300x200?text=No+Image:0
[   10667ms] [ERROR] Failed to load resource: net::ERR_CONNECTION_CLOSED @ https://via.placeholder.com/300x200?text=No+Image:0
[   10760ms] [ERROR] Failed to load resource: net::ERR_CONNECTION_CLOSED @ https://via.placeholder.com/300x200?text=No+Image:0
[   10870ms] [ERROR] Failed to load resource: net::ERR_CONNECTION_CLOSED @ https://via.placeholder.com/300x200?text=No+Image:0
[   10969ms] [ERROR] Failed to load resource: net::ERR_CONNECTION_CLOSED @ https://via.placeholder.com/300x200?text=No+Image:0
[   11064ms] [ERROR] Failed to load resource: net::ERR_CONNECTION_CLOSED @ https://via.placeholder.com/300x200?text=No+Image:0
[   11159ms] [ERROR] Failed to load resource: net::ERR_CONNECTION_CLOSED @ https://via.placeholder.com/300x200?text=No+Image:0
[   11256ms] [ERROR] Failed to load resource: net::ERR_CONNECTION_CLOSED @ https://via.placeholder.com/300x200?text=No+Image:0
[   11347ms] [ERROR] Failed to load resource: net::ERR_CONNECTION_CLOSED @ https://via.placeholder.com/300x200?text=No+Image:0
[   11436ms] [ERROR] Failed to load resource: net::ERR_CONNECTION_CLOSED @ https://via.placeholder.com/300x200?text=No+Image:0
[   11526ms] [ERROR] Failed to load resource: net::ERR_CONNECTION_CLOSED @ https://via.placeholder.com/300x200?text=No+Image:0
[   11621ms] [ERROR] Failed to load resource: net::ERR_CONNECTION_CLOSED @ https://via.placeholder.com/300x200?text=No+Image:0
[   11715ms] [ERROR] Failed to load resource: net::ERR_CONNECTION_CLOSED @ https://via.placeholder.com/300x200?text=No+Image:0
[   11818ms] [ERROR] Failed to load resource: net::ERR_CONNECTION_CLOSED @ https://via.placeholder.com/300x200?text=No+Image:0
[   12012ms] [ERROR] Failed to load resource: net::ERR_CONNECTION_CLOSED @ https://via.placeholder.com/300x200?text=No+Image:0
[   12115ms] [ERROR] Failed to load resource: net::ERR_CONNECTION_CLOSED @ https://via.placeholder.com/300x200?text=No+Image:0
[   12222ms] [ERROR] Failed to load resource: net::ERR_CONNECTION_CLOSED @ https://via.placeholder.com/300x200?text=No+Image:0
[   12311ms] [ERROR] Failed to load resource: net::ERR_CONNECTION_CLOSED @ https://via.placeholder.com/300x200?text=No+Image:0
[   12460ms] [ERROR] Failed to load resource: net::ERR_CONNECTION_CLOSED @ https://via.placeholder.com/300x200?text=No+Image:0
[   12550ms] [ERROR] Failed to load resource: net::ERR_CONNECTION_CLOSED @ https://via.placeholder.com/300x200?text=No+Image:0
[   12649ms] [ERROR] Failed to load resource: net::ERR_CONNECTION_CLOSED @ https://via.placeholder.com/300x200?text=No+Image:0
[   12745ms] [ERROR] Failed to load resource: net::ERR_CONNECTION_CLOSED @ https://via.placeholder.com/300x200?text=No+Image:0
[   12844ms] [ERROR] Failed to load resource: net::ERR_CONNECTION_CLOSED @ https://via.placeholder.com/300x200?text=No+Image:0
[   12937ms] [ERROR] Failed to load resource: net::ERR_CONNECTION_CLOSED @ https://via.placeholder.com/300x200?text=No+Image:0
[   13038ms] [ERROR] Failed to load resource: net::ERR_CONNECTION_CLOSED @ https://via.placeholder.com/300x200?text=No+Image:0
[   13164ms] [ERROR] Failed to load resource: net::ERR_CONNECTION_CLOSED @ https://via.placeholder.com/300x200?text=No+Image:0
[   13276ms] [ERROR] Failed to load resource: net::ERR_CONNECTION_CLOSED @ https://via.placeholder.com/300x200?text=No+Image:0
[   13373ms] [ERROR] Failed to load resource: net::ERR_CONNECTION_CLOSED @ https://via.placeholder.com/300x200?text=No+Image:0
[   13476ms] [ERROR] Failed to load resource: net::ERR_CONNECTION_CLOSED @ https://via.placeholder.com/300x200?text=No+Image:0
[   13570ms] [ERROR] Failed to load resource: net::ERR_CONNECTION_CLOSED @ https://via.placeholder.com/300x200?text=No+Image:0
[   13674ms] [ERROR] Failed to load resource: net::ERR_CONNECTION_CLOSED @ https://via.placeholder.com/300x200?text=No+Image:0
[   13765ms] [ERROR] Failed to load resource: net::ERR_CONNECTION_CLOSED @ https://via.placeholder.com/300x200?text=No+Image:0
[   13861ms] [ERROR] Failed to load resource: net::ERR_CONNECTION_CLOSED @ https://via.placeholder.com/300x200?text=No+Image:0
[   13954ms] [ERROR] Failed to load resource: net::ERR_CONNECTION_CLOSED @ https://via.placeholder.com/300x200?text=No+Image:0
[   14054ms] [ERROR] Failed to load resource: net::ERR_CONNECTION_CLOSED @ https://via.placeholder.com/300x200?text=No+Image:0
[   14149ms] [ERROR] Failed to load resource: net::ERR_CONNECTION_CLOSED @ https://via.placeholder.com/300x200?text=No+Image:0
[   14240ms] [ERROR] Failed to load resource: net::ERR_CONNECTION_CLOSED @ https://via.placeholder.com/300x200?text=No+Image:0
[   14342ms] [ERROR] Failed to load resource: net::ERR_CONNECTION_CLOSED @ https://via.placeholder.com/300x200?text=No+Image:0
[   14437ms] [ERROR] Failed to load resource: net::ERR_CONNECTION_CLOSED @ https://via.placeholder.com/300x200?text=No+Image:0
[   14528ms] [ERROR] Failed to load resource: net::ERR_CONNECTION_CLOSED @ https://via.placeholder.com/300x200?text=No+Image:0
[   14620ms] [ERROR] Failed to load resource: net::ERR_CONNECTION_CLOSED @ https://via.placeholder.com/300x200?text=No+Image:0
[   14710ms] [ERROR] Failed to load resource: net::ERR_CONNECTION_CLOSED @ https://via.placeholder.com/300x200?text=No+Image:0
[   14803ms] [ERROR] Failed to load resource: net::ERR_CONNECTION_CLOSED @ https://via.placeholder.com/300x200?text=No+Image:0
[   14900ms] [ERROR] Failed to load resource: net::ERR_CONNECTION_CLOSED @ https://via.placeholder.com/300x200?text=No+Image:0
[   14992ms] [ERROR] Failed to load resource: net::ERR_CONNECTION_CLOSED @ https://via.placeholder.com/300x200?text=No+Image:0
[   15085ms] [ERROR] Failed to load resource: net::ERR_CONNECTION_CLOSED @ https://via.placeholder.com/300x200?text=No+Image:0
[   15195ms] [ERROR] Failed to load resource: net::ERR_CONNECTION_CLOSED @ https://via.placeholder.com/300x200?text=No+Image:0
[   15294ms] [ERROR] Failed to load resource: net::ERR_CONNECTION_CLOSED @ https://via.placeholder.com/300x200?text=No+Image:0
[   15387ms] [ERROR] Failed to load resource: net::ERR_CONNECTION_CLOSED @ https://via.placeholder.com/300x200?text=No+Image:0
[   15485ms] [ERROR] Failed to load resource: net::ERR_CONNECTION_CLOSED @ https://via.placeholder.com/300x200?text=No+Image:0
[   15582ms] [ERROR] Failed to load resource: net::ERR_CONNECTION_CLOSED @ https://via.placeholder.com/300x200?text=No+Image:0
[   15678ms] [ERROR] Failed to load resource: net::ERR_CONNECTION_CLOSED @ https://via.placeholder.com/300x200?text=No+Image:0
[   15776ms] [ERROR] Failed to load resource: net::ERR_CONNECTION_CLOSED @ https://via.placeholder.com/300x200?text=No+Image:0
[   15872ms] [ERROR] Failed to load resource: net::ERR_CONNECTION_CLOSED @ https://via.placeholder.com/300x200?text=No+Image:0
[   15966ms] [ERROR] Failed to load resource: net::ERR_CONNECTION_CLOSED @ https://via.placeholder.com/300x200?text=No+Image:0
[   16064ms] [ERROR] Failed to load resource: net::ERR_CONNECTION_CLOSED @ https://via.placeholder.com/300x200?text=No+Image:0
[   16154ms] [ERROR] Failed to load resource: net::ERR_CONNECTION_CLOSED @ https://via.placeholder.com/300x200?text=No+Image:0
[   16246ms] [ERROR] Failed to load resource: net::ERR_CONNECTION_CLOSED @ https://via.placeholder.com/300x200?text=No+Image:0
[   16339ms] [ERROR] Failed to load resource: net::ERR_CONNECTION_CLOSED @ https://via.placeholder.com/300x200?text=No+Image:0
[   16431ms] [ERROR] Failed to load resource: net::ERR_CONNECTION_CLOSED @ https://via.placeholder.com/300x200?text=No+Image:0
[   16525ms] [ERROR] Failed to load resource: net::ERR_CONNECTION_CLOSED @ https://via.placeholder.com/300x200?text=No+Image:0
[   16621ms] [ERROR] Failed to load resource: net::ERR_CONNECTION_CLOSED @ https://via.placeholder.com/300x200?text=No+Image:0
[   16715ms] [ERROR] Failed to load resource: net::ERR_CONNECTION_CLOSED @ https://via.placeholder.com/300x200?text=No+Image:0
[   16814ms] [ERROR] Failed to load resource: net::ERR_CONNECTION_CLOSED @ https://via.placeholder.com/300x200?text=No+Image:0
[   16909ms] [ERROR] Failed to load resource: net::ERR_CONNECTION_CLOSED @ https://via.placeholder.com/300x200?text=No+Image:0
[   17001ms] [ERROR] Failed to load resource: net::ERR_CONNECTION_CLOSED @ https://via.placeholder.com/300x200?text=No+Image:0
[   17090ms] [ERROR] Failed to load resource: net::ERR_CONNECTION_CLOSED @ https://via.placeholder.com/300x200?text=No+Image:0
[   17184ms] [ERROR] Failed to load resource: net::ERR_CONNECTION_CLOSED @ https://via.placeholder.com/300x200?text=No+Image:0
[   17275ms] [ERROR] Failed to load resource: net::ERR_CONNECTION_CLOSED @ https://via.placeholder.com/300x200?text=No+Image:0
[   17368ms] [ERROR] Failed to load resource: net::ERR_CONNECTION_CLOSED @ https://via.placeholder.com/300x200?text=No+Image:0
[   17458ms] [ERROR] Failed to load resource: net::ERR_CONNECTION_CLOSED @ https://via.placeholder.com/300x200?text=No+Image:0
[   17550ms] [ERROR] Failed to load resource: net::ERR_CONNECTION_CLOSED @ https://via.placeholder.com/300x200?text=No+Image:0
[   17643ms] [ERROR] Failed to load resource: net::ERR_CONNECTION_CLOSED @ https://via.placeholder.com/300x200?text=No+Image:0
[   17738ms] [ERROR] Failed to load resource: net::ERR_CONNECTION_CLOSED @ https://via.placeholder.com/300x200?text=No+Image:0
[   17836ms] [ERROR] Failed to load resource: net::ERR_CONNECTION_CLOSED @ https://via.placeholder.com/300x200?text=No+Image:0
[   17933ms] [ERROR] Failed to load resource: net::ERR_CONNECTION_CLOSED @ https://via.placeholder.com/300x200?text=No+Image:0
[   18035ms] [ERROR] Failed to load resource: net::ERR_CONNECTION_CLOSED @ https://via.placeholder.com/300x200?text=No+Image:0
[   18130ms] [ERROR] Failed to load resource: net::ERR_CONNECTION_CLOSED @ https://via.placeholder.com/300x200?text=No+Image:0
[   18226ms] [ERROR] Failed to load resource: net::ERR_CONNECTION_CLOSED @ https://via.placeholder.com/300x200?text=No+Image:0
[   18320ms] [ERROR] Failed to load resource: net::ERR_CONNECTION_CLOSED @ https://via.placeholder.com/300x200?text=No+Image:0
[   18413ms] [ERROR] Failed to load resource: net::ERR_CONNECTION_CLOSED @ https://via.placeholder.com/300x200?text=No+Image:0
[   18502ms] [ERROR] Failed to load resource: net::ERR_CONNECTION_CLOSED @ https://via.placeholder.com/300x200?text=No+Image:0
[   18592ms] [ERROR] Failed to load resource: net::ERR_CONNECTION_CLOSED @ https://via.placeholder.com/300x200?text=No+Image:0
[   18687ms] [ERROR] Failed to load resource: net::ERR_CONNECTION_CLOSED @ https://via.placeholder.com/300x200?text=No+Image:0
[   18778ms] [ERROR] Failed to load resource: net::ERR_CONNECTION_CLOSED @ https://via.placeholder.com/300x200?text=No+Image:0
[   18872ms] [ERROR] Failed to load resource: net::ERR_CONNECTION_CLOSED @ https://via.placeholder.com/300x200?text=No+Image:0
[   18968ms] [ERROR] Failed to load resource: net::ERR_CONNECTION_CLOSED @ https://via.placeholder.com/300x200?text=No+Image:0
[   19061ms] [ERROR] Failed to load resource: net::ERR_CONNECTION_CLOSED @ https://via.placeholder.com/300x200?text=No+Image:0
[   19154ms] [ERROR] Failed to load resource: net::ERR_CONNECTION_CLOSED @ https://via.placeholder.com/300x200?text=No+Image:0
[   19243ms] [ERROR] Failed to load resource: net::ERR_CONNECTION_CLOSED @ https://via.placeholder.com/300x200?text=No+Image:0
[   19335ms] [ERROR] Failed to load resource: net::ERR_CONNECTION_CLOSED @ https://via.placeholder.com/300x200?text=No+Image:0
[   19427ms] [ERROR] Failed to load resource: net::ERR_CONNECTION_CLOSED @ https://via.placeholder.com/300x200?text=No+Image:0
[   19525ms] [ERROR] Failed to load resource: net::ERR_CONNECTION_CLOSED @ https://via.placeholder.com/300x200?text=No+Image:0
[   19617ms] [ERROR] Failed to load resource: net::ERR_CONNECTION_CLOSED @ https://via.placeholder.com/300x200?text=No+Image:0
[   19710ms] [ERROR] Failed to load resource: net::ERR_CONNECTION_CLOSED @ https://via.placeholder.com/300x200?text=No+Image:0
[   19801ms] [ERROR] Failed to load resource: net::ERR_CONNECTION_CLOSED @ https://via.placeholder.com/300x200?text=No+Image:0
[   19892ms] [ERROR] Failed to load resource: net::ERR_CONNECTION_CLOSED @ https://via.placeholder.com/300x200?text=No+Image:0
[   19996ms] [ERROR] Failed to load resource: net::ERR_CONNECTION_CLOSED @ https://via.placeholder.com/300x200?text=No+Image:0
[   20093ms] [ERROR] Failed to load resource: net::ERR_CONNECTION_CLOSED @ https://via.placeholder.com/300x200?text=No+Image:0
[   20203ms] [ERROR] Failed to load resource: net::ERR_CONNECTION_CLOSED @ https://via.placeholder.com/300x200?text=No+Image:0
[   20295ms] [ERROR] Failed to load resource: net::ERR_CONNECTION_CLOSED @ https://via.placeholder.com/300x200?text=No+Image:0
[   20394ms] [ERROR] Failed to load resource: net::ERR_CONNECTION_CLOSED @ https://via.placeholder.com/300x200?text=No+Image:0
[   20491ms] [ERROR] Failed to load resource: net::ERR_CONNECTION_CLOSED @ https://via.placeholder.com/300x200?text=No+Image:0
[   20584ms] [ERROR] Failed to load resource: net::ERR_CONNECTION_CLOSED @ https://via.placeholder.com/300x200?text=No+Image:0
[   20682ms] [ERROR] Failed to load resource: net::ERR_CONNECTION_CLOSED @ https://via.placeholder.com/300x200?text=No+Image:0
[   20780ms] [ERROR] Failed to load resource: net::ERR_CONNECTION_CLOSED @ https://via.placeholder.com/300x200?text=No+Image:0
[   20876ms] [ERROR] Failed to load resource: net::ERR_CONNECTION_CLOSED @ https://via.placeholder.com/300x200?text=No+Image:0
[   20966ms] [ERROR] Failed to load resource: net::ERR_CONNECTION_CLOSED @ https://via.placeholder.com/300x200?text=No+Image:0
[   21066ms] [ERROR] Failed to load resource: net::ERR_CONNECTION_CLOSED @ https://via.placeholder.com/300x200?text=No+Image:0
[   21162ms] [ERROR] Failed to load resource: net::ERR_CONNECTION_CLOSED @ https://via.placeholder.com/300x200?text=No+Image:0
[   21254ms] [ERROR] Failed to load resource: net::ERR_CONNECTION_CLOSED @ https://via.placeholder.com/300x200?text=No+Image:0
[   21311ms] TypeError: route.handler is not a function
    at App.handleRouting (http://localhost:3000/src/App.js:22:13)
    at http://localhost:3000/src/App.js:12:54
[   21350ms] [ERROR] Failed to load resource: net::ERR_CONNECTION_CLOSED @ https://via.placeholder.com/300x200?text=No+Image:0
[   21442ms] [ERROR] Failed to load resource: net::ERR_CONNECTION_CLOSED @ https://via.placeholder.com/300x200?text=No+Image:0
[   21535ms] [ERROR] Failed to load resource: net::ERR_CONNECTION_CLOSED @ https://via.placeholder.com/300x200?text=No+Image:0
[   21625ms] [ERROR] Failed to load resource: net::ERR_CONNECTION_CLOSED @ https://via.placeholder.com/300x200?text=No+Image:0
[   21714ms] [ERROR] Failed to load resource: net::ERR_CONNECTION_CLOSED @ https://via.placeholder.com/300x200?text=No+Image:0
[   21814ms] [ERROR] Failed to load resource: net::ERR_CONNECTION_CLOSED @ https://via.placeholder.com/300x200?text=No+Image:0
[   21925ms] [ERROR] Failed to load resource: net::ERR_CONNECTION_CLOSED @ https://via.placeholder.com/300x200?text=No+Image:0
[   22019ms] [ERROR] Failed to load resource: net::ERR_CONNECTION_CLOSED @ https://via.placeholder.com/300x200?text=No+Image:0
[   22115ms] [ERROR] Failed to load resource: net::ERR_CONNECTION_CLOSED @ https://via.placeholder.com/300x200?text=No+Image:0
[   22210ms] [ERROR] Failed to load resource: net::ERR_CONNECTION_CLOSED @ https://via.placeholder.com/300x200?text=No+Image:0
[   22314ms] [ERROR] Failed to load resource: net::ERR_CONNECTION_CLOSED @ https://via.placeholder.com/300x200?text=No+Image:0
[   22409ms] [ERROR] Failed to load resource: net::ERR_CONNECTION_CLOSED @ https://via.placeholder.com/300x200?text=No+Image:0
[   22506ms] [ERROR] Failed to load resource: net::ERR_CONNECTION_CLOSED @ https://via.placeholder.com/300x200?text=No+Image:0
[   22600ms] [ERROR] Failed to load resource: net::ERR_CONNECTION_CLOSED @ https://via.placeholder.com/300x200?text=No+Image:0
[   22696ms] [ERROR] Failed to load resource: net::ERR_CONNECTION_CLOSED @ https://via.placeholder.com/300x200?text=No+Image:0
[   22789ms] [ERROR] Failed to load resource: net::ERR_CONNECTION_CLOSED @ https://via.placeholder.com/300x200?text=No+Image:0
[   22895ms] [ERROR] Failed to load resource: net::ERR_CONNECTION_CLOSED @ https://via.placeholder.com/300x200?text=No+Image:0
[   22987ms] [ERROR] Failed to load resource: net::ERR_CONNECTION_CLOSED @ https://via.placeholder.com/300x200?text=No+Image:0
[   23077ms] [ERROR] Failed to load resource: net::ERR_CONNECTION_CLOSED @ https://via.placeholder.com/300x200?text=No+Image:0
[   23170ms] [ERROR] Failed to load resource: net::ERR_CONNECTION_CLOSED @ https://via.placeholder.com/300x200?text=No+Image:0
[   23270ms] [ERROR] Failed to load resource: net::ERR_CONNECTION_CLOSED @ https://via.placeholder.com/300x200?text=No+Image:0
[   23367ms] [ERROR] Failed to load resource: net::ERR_CONNECTION_CLOSED @ https://via.placeholder.com/300x200?text=No+Image:0
[   23460ms] [ERROR] Failed to load resource: net::ERR_CONNECTION_CLOSED @ https://via.placeholder.com/300x200?text=No+Image:0
[   23556ms] [ERROR] Failed to load resource: net::ERR_CONNECTION_CLOSED @ https://via.placeholder.com/300x200?text=No+Image:0
[   23649ms] [ERROR] Failed to load resource: net::ERR_CONNECTION_CLOSED @ https://via.placeholder.com/300x200?text=No+Image:0
[   23738ms] [ERROR] Failed to load resource: net::ERR_CONNECTION_CLOSED @ https://via.placeholder.com/300x200?text=No+Image:0
[   23832ms] [ERROR] Failed to load resource: net::ERR_CONNECTION_CLOSED @ https://via.placeholder.com/300x200?text=No+Image:0
[   23928ms] [ERROR] Failed to load resource: net::ERR_CONNECTION_CLOSED @ https://via.placeholder.com/300x200?text=No+Image:0
[   24021ms] [ERROR] Failed to load resource: net::ERR_CONNECTION_CLOSED @ https://via.placeholder.com/300x200?text=No+Image:0
[   24117ms] [ERROR] Failed to load resource: net::ERR_CONNECTION_CLOSED @ https://via.placeholder.com/300x200?text=No+Image:0
[   24219ms] [ERROR] Failed to load resource: net::ERR_CONNECTION_CLOSED @ https://via.placeholder.com/300x200?text=No+Image:0
[   24312ms] [ERROR] Failed to load resource: net::ERR_CONNECTION_CLOSED @ https://via.placeholder.com/300x200?text=No+Image:0
[   24406ms] [ERROR] Failed to load resource: net::ERR_CONNECTION_CLOSED @ https://via.placeholder.com/300x200?text=No+Image:0
[   24500ms] [ERROR] Failed to load resource: net::ERR_CONNECTION_CLOSED @ https://via.placeholder.com/300x200?text=No+Image:0
[   24602ms] [ERROR] Failed to load resource: net::ERR_CONNECTION_CLOSED @ https://via.placeholder.com/300x200?text=No+Image:0
[   24699ms] [ERROR] Failed to load resource: net::ERR_CONNECTION_CLOSED @ https://via.placeholder.com/300x200?text=No+Image:0
[   24794ms] [ERROR] Failed to load resource: net::ERR_CONNECTION_CLOSED @ https://via.placeholder.com/300x200?text=No+Image:0
[   24892ms] [ERROR] Failed to load resource: net::ERR_CONNECTION_CLOSED @ https://via.placeholder.com/300x200?text=No+Image:0
[   24987ms] [ERROR] Failed to load resource: net::ERR_CONNECTION_CLOSED @ https://via.placeholder.com/300x200?text=No+Image:0
[   25080ms] [ERROR] Failed to load resource: net::ERR_CONNECTION_CLOSED @ https://via.placeholder.com/300x200?text=No+Image:0
[   25175ms] [ERROR] Failed to load resource: net::ERR_CONNECTION_CLOSED @ https://via.placeholder.com/300x200?text=No+Image:0
[   25268ms] [ERROR] Failed to load resource: net::ERR_CONNECTION_CLOSED @ https://via.placeholder.com/300x200?text=No+Image:0
[   25364ms] [ERROR] Failed to load resource: net::ERR_CONNECTION_CLOSED @ https://via.placeholder.com/300x200?text=No+Image:0
[   25459ms] [ERROR] Failed to load resource: net::ERR_CONNECTION_CLOSED @ https://via.placeholder.com/300x200?text=No+Image:0
[   25550ms] [ERROR] Failed to load resource: net::ERR_CONNECTION_CLOSED @ https://via.placeholder.com/300x200?text=No+Image:0
[   25641ms] [ERROR] Failed to load resource: net::ERR_CONNECTION_CLOSED @ https://via.placeholder.com/300x200?text=No+Image:0
[   25743ms] [ERROR] Failed to load resource: net::ERR_CONNECTION_CLOSED @ https://via.placeholder.com/300x200?text=No+Image:0
[   25840ms] [ERROR] Failed to load resource: net::ERR_CONNECTION_CLOSED @ https://via.placeholder.com/300x200?text=No+Image:0
[   25932ms] [ERROR] Failed to load resource: net::ERR_CONNECTION_CLOSED @ https://via.placeholder.com/300x200?text=No+Image:0
[   26026ms] [ERROR] Failed to load resource: net::ERR_CONNECTION_CLOSED @ https://via.placeholder.com/300x200?text=No+Image:0
[   26132ms] [ERROR] Failed to load resource: net::ERR_CONNECTION_CLOSED @ https://via.placeholder.com/300x200?text=No+Image:0
[   26227ms] [ERROR] Failed to load resource: net::ERR_CONNECTION_CLOSED @ https://via.placeholder.com/300x200?text=No+Image:0
[   26318ms] [ERROR] Failed to load resource: net::ERR_CONNECTION_CLOSED @ https://via.placeholder.com/300x200?text=No+Image:0
[   26411ms] [ERROR] Failed to load resource: net::ERR_CONNECTION_CLOSED @ https://via.placeholder.com/300x200?text=No+Image:0
[   26500ms] [ERROR] Failed to load resource: net::ERR_CONNECTION_CLOSED @ https://via.placeholder.com/300x200?text=No+Image:0
[   26596ms] [ERROR] Failed to load resource: net::ERR_CONNECTION_CLOSED @ https://via.placeholder.com/300x200?text=No+Image:0
[   26689ms] [ERROR] Failed to load resource: net::ERR_CONNECTION_CLOSED @ https://via.placeholder.com/300x200?text=No+Image:0
[   26784ms] [ERROR] Failed to load resource: net::ERR_CONNECTION_CLOSED @ https://via.placeholder.com/300x200?text=No+Image:0
[   26882ms] [ERROR] Failed to load resource: net::ERR_CONNECTION_CLOSED @ https://via.placeholder.com/300x200?text=No+Image:0
[   26978ms] [ERROR] Failed to load resource: net::ERR_CONNECTION_CLOSED @ https://via.placeholder.com/300x200?text=No+Image:0
[   27071ms] [ERROR] Failed to load resource: net::ERR_CONNECTION_CLOSED @ https://via.placeholder.com/300x200?text=No+Image:0
[   27164ms] [ERROR] Failed to load resource: net::ERR_CONNECTION_CLOSED @ https://via.placeholder.com/300x200?text=No+Image:0
[   27254ms] [ERROR] Failed to load resource: net::ERR_CONNECTION_CLOSED @ https://via.placeholder.com/300x200?text=No+Image:0
[   27347ms] [ERROR] Failed to load resource: net::ERR_CONNECTION_CLOSED @ https://via.placeholder.com/300x200?text=No+Image:0
[   27441ms] [ERROR] Failed to load resource: net::ERR_CONNECTION_CLOSED @ https://via.placeholder.com/300x200?text=No+Image:0
[   27534ms] [ERROR] Failed to load resource: net::ERR_CONNECTION_CLOSED @ https://via.placeholder.com/300x200?text=No+Image:0
[   27629ms] [ERROR] Failed to load resource: net::ERR_CONNECTION_CLOSED @ https://via.placeholder.com/300x200?text=No+Image:0
[   27722ms] [ERROR] Failed to load resource: net::ERR_CONNECTION_CLOSED @ https://via.placeholder.com/300x200?text=No+Image:0
[   27812ms] [ERROR] Failed to load resource: net::ERR_CONNECTION_CLOSED @ https://via.placeholder.com/300x200?text=No+Image:0
[   27908ms] [ERROR] Failed to load resource: net::ERR_CONNECTION_CLOSED @ https://via.placeholder.com/300x200?text=No+Image:0
[   28008ms] [ERROR] Failed to load resource: net::ERR_CONNECTION_CLOSED @ https://via.placeholder.com/300x200?text=No+Image:0
[   28105ms] [ERROR] Failed to load resource: net::ERR_CONNECTION_CLOSED @ https://via.placeholder.com/300x200?text=No+Image:0
[   28198ms] [ERROR] Failed to load resource: net::ERR_CONNECTION_CLOSED @ https://via.placeholder.com/300x200?text=No+Image:0
[   28297ms] [ERROR] Failed to load resource: net::ERR_CONNECTION_CLOSED @ https://via.placeholder.com/300x200?text=No+Image:0
[   28404ms] [ERROR] Failed to load resource: net::ERR_CONNECTION_CLOSED @ https://via.placeholder.com/300x200?text=No+Image:0
[   28493ms] [ERROR] Failed to load resource: net::ERR_CONNECTION_CLOSED @ https://via.placeholder.com/300x200?text=No+Image:0
[   28582ms] [ERROR] Failed to load resource: net::ERR_CONNECTION_CLOSED @ https://via.placeholder.com/300x200?text=No+Image:0
[   28723ms] [ERROR] Failed to load resource: net::ERR_CONNECTION_CLOSED @ https://via.placeholder.com/300x200?text=No+Image:0
[   28820ms] [ERROR] Failed to load resource: net::ERR_CONNECTION_CLOSED @ https://via.placeholder.com/300x200?text=No+Image:0
[   28926ms] [ERROR] Failed to load resource: net::ERR_CONNECTION_CLOSED @ https://via.placeholder.com/300x200?text=No+Image:0
[   29021ms] [ERROR] Failed to load resource: net::ERR_CONNECTION_CLOSED @ https://via.placeholder.com/300x200?text=No+Image:0
[   29116ms] [ERROR] Failed to load resource: net::ERR_CONNECTION_CLOSED @ https://via.placeholder.com/300x200?text=No+Image:0
[   29208ms] [ERROR] Failed to load resource: net::ERR_CONNECTION_CLOSED @ https://via.placeholder.com/300x200?text=No+Image:0
[   29301ms] [ERROR] Failed to load resource: net::ERR_CONNECTION_CLOSED @ https://via.placeholder.com/300x200?text=No+Image:0
[   29397ms] [ERROR] Failed to load resource: net::ERR_CONNECTION_CLOSED @ https://via.placeholder.com/300x200?text=No+Image:0
[   29487ms] [ERROR] Failed to load resource: net::ERR_CONNECTION_CLOSED @ https://via.placeholder.com/300x200?text=No+Image:0
[   29581ms] [ERROR] Failed to load resource: net::ERR_CONNECTION_CLOSED @ https://via.placeholder.com/300x200?text=No+Image:0
[   29673ms] [ERROR] Failed to load resource: net::ERR_CONNECTION_CLOSED @ https://via.placeholder.com/300x200?text=No+Image:0
[   29766ms] [ERROR] Failed to load resource: net::ERR_CONNECTION_CLOSED @ https://via.placeholder.com/300x200?text=No+Image:0
[   29859ms] [ERROR] Failed to load resource: net::ERR_CONNECTION_CLOSED @ https://via.placeholder.com/300x200?text=No+Image:0
[   29952ms] [ERROR] Failed to load resource: net::ERR_CONNECTION_CLOSED @ https://via.placeholder.com/300x200?text=No+Image:0
[   30042ms] [ERROR] Failed to load resource: net::ERR_CONNECTION_CLOSED @ https://via.placeholder.com/300x200?text=No+Image:0
[   30132ms] [ERROR] Failed to load resource: net::ERR_CONNECTION_CLOSED @ https://via.placeholder.com/300x200?text=No+Image:0
[   30223ms] [ERROR] Failed to load resource: net::ERR_CONNECTION_CLOSED @ https://via.placeholder.com/300x200?text=No+Image:0
[   30315ms] [ERROR] Failed to load resource: net::ERR_CONNECTION_CLOSED @ https://via.placeholder.com/300x200?text=No+Image:0
[   30406ms] [ERROR] Failed to load resource: net::ERR_CONNECTION_CLOSED @ https://via.placeholder.com/300x200?text=No+Image:0
[   30505ms] [ERROR] Failed to load resource: net::ERR_CONNECTION_CLOSED @ https://via.placeholder.com/300x200?text=No+Image:0
[   30600ms] [ERROR] Failed to load resource: net::ERR_CONNECTION_CLOSED @ https://via.placeholder.com/300x200?text=No+Image:0
[   30691ms] [ERROR] Failed to load resource: net::ERR_CONNECTION_CLOSED @ https://via.placeholder.com/300x200?text=No+Image:0
[   30793ms] [ERROR] Failed to load resource: net::ERR_CONNECTION_CLOSED @ https://via.placeholder.com/300x200?text=No+Image:0
[   30885ms] [ERROR] Failed to load resource: net::ERR_CONNECTION_CLOSED @ https://via.placeholder.com/300x200?text=No+Image:0
[   30975ms] [ERROR] Failed to load resource: net::ERR_CONNECTION_CLOSED @ https://via.placeholder.com/300x200?text=No+Image:0
[   31069ms] [ERROR] Failed to load resource: net::ERR_CONNECTION_CLOSED @ https://via.placeholder.com/300x200?text=No+Image:0
[   31161ms] [ERROR] Failed to load resource: net::ERR_CONNECTION_CLOSED @ https://via.placeholder.com/300x200?text=No+Image:0
[   31257ms] [ERROR] Failed to load resource: net::ERR_CONNECTION_CLOSED @ https://via.placeholder.com/300x200?text=No+Image:0
[   31352ms] [ERROR] Failed to load resource: net::ERR_CONNECTION_CLOSED @ https://via.placeholder.com/300x200?text=No+Image:0
[   31445ms] [ERROR] Failed to load resource: net::ERR_CONNECTION_CLOSED @ https://via.placeholder.com/300x200?text=No+Image:0
[   31540ms] [ERROR] Failed to load resource: net::ERR_CONNECTION_CLOSED @ https://via.placeholder.com/300x200?text=No+Image:0
[   31633ms] [ERROR] Failed to load resource: net::ERR_CONNECTION_CLOSED @ https://via.placeholder.com/300x200?text=No+Image:0
[   31731ms] [ERROR] Failed to load resource: net::ERR_CONNECTION_CLOSED @ https://via.placeholder.com/300x200?text=No+Image:0
[   31826ms] [ERROR] Failed to load resource: net::ERR_CONNECTION_CLOSED @ https://via.placeholder.com/300x200?text=No+Image:0
[   31921ms] [ERROR] Failed to load resource: net::ERR_CONNECTION_CLOSED @ https://via.placeholder.com/300x200?text=No+Image:0
[   32012ms] [ERROR] Failed to load resource: net::ERR_CONNECTION_CLOSED @ https://via.placeholder.com/300x200?text=No+Image:0
[   32110ms] [ERROR] Failed to load resource: net::ERR_CONNECTION_CLOSED @ https://via.placeholder.com/300x200?text=No+Image:0
[   32205ms] [ERROR] Failed to load resource: net::ERR_CONNECTION_CLOSED @ https://via.placeholder.com/300x200?text=No+Image:0
[   32297ms] [ERROR] Failed to load resource: net::ERR_CONNECTION_CLOSED @ https://via.placeholder.com/300x200?text=No+Image:0
[   32391ms] [ERROR] Failed to load resource: net::ERR_CONNECTION_CLOSED @ https://via.placeholder.com/300x200?text=No+Image:0
[   32486ms] [ERROR] Failed to load resource: net::ERR_CONNECTION_CLOSED @ https://via.placeholder.com/300x200?text=No+Image:0
[   32579ms] [ERROR] Failed to load resource: net::ERR_CONNECTION_CLOSED @ https://via.placeholder.com/300x200?text=No+Image:0
[   32672ms] [ERROR] Failed to load resource: net::ERR_CONNECTION_CLOSED @ https://via.placeholder.com/300x200?text=No+Image:0
[   32764ms] [ERROR] Failed to load resource: net::ERR_CONNECTION_CLOSED @ https://via.placeholder.com/300x200?text=No+Image:0
[   32857ms] [ERROR] Failed to load resource: net::ERR_CONNECTION_CLOSED @ https://via.placeholder.com/300x200?text=No+Image:0
[   32953ms] [ERROR] Failed to load resource: net::ERR_CONNECTION_CLOSED @ https://via.placeholder.com/300x200?text=No+Image:0
[   33047ms] [ERROR] Failed to load resource: net::ERR_CONNECTION_CLOSED @ https://via.placeholder.com/300x200?text=No+Image:0
[   33147ms] [ERROR] Failed to load resource: net::ERR_CONNECTION_CLOSED @ https://via.placeholder.com/300x200?text=No+Image:0
[   33240ms] [ERROR] Failed to load resource: net::ERR_CONNECTION_CLOSED @ https://via.placeholder.com/300x200?text=No+Image:0
[   33333ms] [ERROR] Failed to load resource: net::ERR_CONNECTION_CLOSED @ https://via.placeholder.com/300x200?text=No+Image:0
[   33426ms] [ERROR] Failed to load resource: net::ERR_CONNECTION_CLOSED @ https://via.placeholder.com/300x200?text=No+Image:0
[   33517ms] [ERROR] Failed to load resource: net::ERR_CONNECTION_CLOSED @ https://via.placeholder.com/300x200?text=No+Image:0
[   33608ms] [ERROR] Failed to load resource: net::ERR_CONNECTION_CLOSED @ https://via.placeholder.com/300x200?text=No+Image:0
[   33705ms] [ERROR] Failed to load resource: net::ERR_CONNECTION_CLOSED @ https://via.placeholder.com/300x200?text=No+Image:0
[   33798ms] [ERROR] Failed to load resource: net::ERR_CONNECTION_CLOSED @ https://via.placeholder.com/300x200?text=No+Image:0
[   33890ms] [ERROR] Failed to load resource: net::ERR_CONNECTION_CLOSED @ https://via.placeholder.com/300x200?text=No+Image:0
[   33992ms] [ERROR] Failed to load resource: net::ERR_CONNECTION_CLOSED @ https://via.placeholder.com/300x200?text=No+Image:0
[   34085ms] [ERROR] Failed to load resource: net::ERR_CONNECTION_CLOSED @ https://via.placeholder.com/300x200?text=No+Image:0
[   34178ms] [ERROR] Failed to load resource: net::ERR_CONNECTION_CLOSED @ https://via.placeholder.com/300x200?text=No+Image:0
[   34284ms] [ERROR] Failed to load resource: net::ERR_CONNECTION_CLOSED @ https://via.placeholder.com/300x200?text=No+Image:0
[   34378ms] [ERROR] Failed to load resource: net::ERR_CONNECTION_CLOSED @ https://via.placeholder.com/300x200?text=No+Image:0
[   34476ms] [ERROR] Failed to load resource: net::ERR_CONNECTION_CLOSED @ https://via.placeholder.com/300x200?text=No+Image:0
[   34573ms] [ERROR] Failed to load resource: net::ERR_CONNECTION_CLOSED @ https://via.placeholder.com/300x200?text=No+Image:0
[   34678ms] [ERROR] Failed to load resource: net::ERR_CONNECTION_CLOSED @ https://via.placeholder.com/300x200?text=No+Image:0
[   34771ms] [ERROR] Failed to load resource: net::ERR_CONNECTION_CLOSED @ https://via.placeholder.com/300x200?text=No+Image:0
[   34872ms] [ERROR] Failed to load resource: net::ERR_CONNECTION_CLOSED @ https://via.placeholder.com/300x200?text=No+Image:0
[   34966ms] [ERROR] Failed to load resource: net::ERR_CONNECTION_CLOSED @ https://via.placeholder.com/300x200?text=No+Image:0
[   35075ms] [ERROR] Failed to load resource: net::ERR_CONNECTION_CLOSED @ https://via.placeholder.com/300x200?text=No+Image:0
[   35175ms] [ERROR] Failed to load resource: net::ERR_CONNECTION_CLOSED @ https://via.placeholder.com/300x200?text=No+Image:0
[   35272ms] [ERROR] Failed to load resource: net::ERR_CONNECTION_CLOSED @ https://via.placeholder.com/300x200?text=No+Image:0
[   35363ms] [ERROR] Failed to load resource: net::ERR_CONNECTION_CLOSED @ https://via.placeholder.com/300x200?text=No+Image:0
[   35456ms] [ERROR] Failed to load resource: net::ERR_CONNECTION_CLOSED @ https://via.placeholder.com/300x200?text=No+Image:0
[   35555ms] [ERROR] Failed to load resource: net::ERR_CONNECTION_CLOSED @ https://via.placeholder.com/300x200?text=No+Image:0
[   35643ms] [ERROR] Failed to load resource: net::ERR_CONNECTION_CLOSED @ https://via.placeholder.com/300x200?text=No+Image:0
[   35732ms] [ERROR] Failed to load resource: net::ERR_CONNECTION_CLOSED @ https://via.placeholder.com/300x200?text=No+Image:0
[   35830ms] [ERROR] Failed to load resource: net::ERR_CONNECTION_CLOSED @ https://via.placeholder.com/300x200?text=No+Image:0
[   35923ms] [ERROR] Failed to load resource: net::ERR_CONNECTION_CLOSED @ https://via.placeholder.com/300x200?text=No+Image:0
[   36019ms] [ERROR] Failed to load resource: net::ERR_CONNECTION_CLOSED @ https://via.placeholder.com/300x200?text=No+Image:0
[   36114ms] [ERROR] Failed to load resource: net::ERR_CONNECTION_CLOSED @ https://via.placeholder.com/300x200?text=No+Image:0
[   36209ms] [ERROR] Failed to load resource: net::ERR_CONNECTION_CLOSED @ https://via.placeholder.com/300x200?text=No+Image:0
[   36305ms] [ERROR] Failed to load resource: net::ERR_CONNECTION_CLOSED @ https://via.placeholder.com/300x200?text=No+Image:0
[   36399ms] [ERROR] Failed to load resource: net::ERR_CONNECTION_CLOSED @ https://via.placeholder.com/300x200?text=No+Image:0
[   36492ms] [ERROR] Failed to load resource: net::ERR_CONNECTION_CLOSED @ https://via.placeholder.com/300x200?text=No+Image:0
[   36579ms] [ERROR] Failed to load resource: net::ERR_CONNECTION_CLOSED @ https://via.placeholder.com/300x200?text=No+Image:0
[   36672ms] [ERROR] Failed to load resource: net::ERR_CONNECTION_CLOSED @ https://via.placeholder.com/300x200?text=No+Image:0
[   36763ms] [ERROR] Failed to load resource: net::ERR_CONNECTION_CLOSED @ https://via.placeholder.com/300x200?text=No+Image:0
[   36868ms] [ERROR] Failed to load resource: net::ERR_CONNECTION_CLOSED @ https://via.placeholder.com/300x200?text=No+Image:0
[   36987ms] [ERROR] Failed to load resource: net::ERR_CONNECTION_CLOSED @ https://via.placeholder.com/300x200?text=No+Image:0
[   37082ms] [ERROR] Failed to load resource: net::ERR_CONNECTION_CLOSED @ https://via.placeholder.com/300x200?text=No+Image:0
[   37175ms] [ERROR] Failed to load resource: net::ERR_CONNECTION_CLOSED @ https://via.placeholder.com/300x200?text=No+Image:0
[   37272ms] [ERROR] Failed to load resource: net::ERR_CONNECTION_CLOSED @ https://via.placeholder.com/300x200?text=No+Image:0
[   37370ms] [ERROR] Failed to load resource: net::ERR_CONNECTION_CLOSED @ https://via.placeholder.com/300x200?text=No+Image:0
[   37465ms] [ERROR] Failed to load resource: net::ERR_CONNECTION_CLOSED @ https://via.placeholder.com/300x200?text=No+Image:0
[   37555ms] [ERROR] Failed to load resource: net::ERR_CONNECTION_CLOSED @ https://via.placeholder.com/300x200?text=No+Image:0
[   37651ms] [ERROR] Failed to load resource: net::ERR_CONNECTION_CLOSED @ https://via.placeholder.com/300x200?text=No+Image:0
[   37747ms] [ERROR] Failed to load resource: net::ERR_CONNECTION_CLOSED @ https://via.placeholder.com/300x200?text=No+Image:0
[   37841ms] [ERROR] Failed to load resource: net::ERR_CONNECTION_CLOSED @ https://via.placeholder.com/300x200?text=No+Image:0
[   37939ms] [ERROR] Failed to load resource: net::ERR_CONNECTION_CLOSED @ https://via.placeholder.com/300x200?text=No+Image:0
[   38040ms] [ERROR] Failed to load resource: net::ERR_CONNECTION_CLOSED @ https://via.placeholder.com/300x200?text=No+Image:0
[   38135ms] [ERROR] Failed to load resource: net::ERR_CONNECTION_CLOSED @ https://via.placeholder.com/300x200?text=No+Image:0
[   38229ms] [ERROR] Failed to load resource: net::ERR_CONNECTION_CLOSED @ https://via.placeholder.com/300x200?text=No+Image:0
[   38325ms] [ERROR] Failed to load resource: net::ERR_CONNECTION_CLOSED @ https://via.placeholder.com/300x200?text=No+Image:0
[   38420ms] [ERROR] Failed to load resource: net::ERR_CONNECTION_CLOSED @ https://via.placeholder.com/300x200?text=No+Image:0
[   38511ms] [ERROR] Failed to load resource: net::ERR_CONNECTION_CLOSED @ https://via.placeholder.com/300x200?text=No+Image:0
[   38604ms] [ERROR] Failed to load resource: net::ERR_CONNECTION_CLOSED @ https://via.placeholder.com/300x200?text=No+Image:0
[   38700ms] [ERROR] Failed to load resource: net::ERR_CONNECTION_CLOSED @ https://via.placeholder.com/300x200?text=No+Image:0
[   38792ms] [ERROR] Failed to load resource: net::ERR_CONNECTION_CLOSED @ https://via.placeholder.com/300x200?text=No+Image:0
[   38885ms] [ERROR] Failed to load resource: net::ERR_CONNECTION_CLOSED @ https://via.placeholder.com/300x200?text=No+Image:0
[   38977ms] [ERROR] Failed to load resource: net::ERR_CONNECTION_CLOSED @ https://via.placeholder.com/300x200?text=No+Image:0
[   39073ms] [ERROR] Failed to load resource: net::ERR_CONNECTION_CLOSED @ https://via.placeholder.com/300x200?text=No+Image:0
[   39166ms] [ERROR] Failed to load resource: net::ERR_CONNECTION_CLOSED @ https://via.placeholder.com/300x200?text=No+Image:0
[   39258ms] [ERROR] Failed to load resource: net::ERR_CONNECTION_CLOSED @ https://via.placeholder.com/300x200?text=No+Image:0
[   39351ms] [ERROR] Failed to load resource: net::ERR_CONNECTION_CLOSED @ https://via.placeholder.com/300x200?text=No+Image:0
[   39443ms] [ERROR] Failed to load resource: net::ERR_CONNECTION_CLOSED @ https://via.placeholder.com/300x200?text=No+Image:0
[   39534ms] [ERROR] Failed to load resource: net::ERR_CONNECTION_CLOSED @ https://via.placeholder.com/300x200?text=No+Image:0
[   39629ms] [ERROR] Failed to load resource: net::ERR_CONNECTION_CLOSED @ https://via.placeholder.com/300x200?text=No+Image:0
[   39721ms] [ERROR] Failed to load resource: net::ERR_CONNECTION_CLOSED @ https://via.placeholder.com/300x200?text=No+Image:0
[   39814ms] [ERROR] Failed to load resource: net::ERR_CONNECTION_CLOSED @ https://via.placeholder.com/300x200?text=No+Image:0
[   39906ms] [ERROR] Failed to load resource: net::ERR_CONNECTION_CLOSED @ https://via.placeholder.com/300x200?text=No+Image:0
[   40002ms] [ERROR] Failed to load resource: net::ERR_CONNECTION_CLOSED @ https://via.placeholder.com/300x200?text=No+Image:0
[   40091ms] [ERROR] Failed to load resource: net::ERR_CONNECTION_CLOSED @ https://via.placeholder.com/300x200?text=No+Image:0
[   40179ms] [ERROR] Failed to load resource: net::ERR_CONNECTION_CLOSED @ https://via.placeholder.com/300x200?text=No+Image:0
[   40295ms] [ERROR] Failed to load resource: net::ERR_CONNECTION_CLOSED @ https://via.placeholder.com/300x200?text=No+Image:0
[   40385ms] [ERROR] Failed to load resource: net::ERR_CONNECTION_CLOSED @ https://via.placeholder.com/300x200?text=No+Image:0
[   40484ms] [ERROR] Failed to load resource: net::ERR_CONNECTION_CLOSED @ https://via.placeholder.com/300x200?text=No+Image:0
[   40582ms] [ERROR] Failed to load resource: net::ERR_CONNECTION_CLOSED @ https://via.placeholder.com/300x200?text=No+Image:0
[   40680ms] [ERROR] Failed to load resource: net::ERR_CONNECTION_CLOSED @ https://via.placeholder.com/300x200?text=No+Image:0
[   40773ms] [ERROR] Failed to load resource: net::ERR_CONNECTION_CLOSED @ https://via.placeholder.com/300x200?text=No+Image:0
[   40869ms] [ERROR] Failed to load resource: net::ERR_CONNECTION_CLOSED @ https://via.placeholder.com/300x200?text=No+Image:0
[   40965ms] [ERROR] Failed to load resource: net::ERR_CONNECTION_CLOSED @ https://via.placeholder.com/300x200?text=No+Image:0
[   41066ms] [ERROR] Failed to load resource: net::ERR_CONNECTION_CLOSED @ https://via.placeholder.com/300x200?text=No+Image:0
[   41160ms] [ERROR] Failed to load resource: net::ERR_CONNECTION_CLOSED @ https://via.placeholder.com/300x200?text=No+Image:0
[   41254ms] [ERROR] Failed to load resource: net::ERR_CONNECTION_CLOSED @ https://via.placeholder.com/300x200?text=No+Image:0
[   41349ms] [ERROR] Failed to load resource: net::ERR_CONNECTION_CLOSED @ https://via.placeholder.com/300x200?text=No+Image:0
[   41443ms] [ERROR] Failed to load resource: net::ERR_CONNECTION_CLOSED @ https://via.placeholder.com/300x200?text=No+Image:0
[   41537ms] [ERROR] Failed to load resource: net::ERR_CONNECTION_CLOSED @ https://via.placeholder.com/300x200?text=No+Image:0
[   41655ms] [ERROR] Failed to load resource: net::ERR_CONNECTION_CLOSED @ https://via.placeholder.com/300x200?text=No+Image:0
[   41753ms] [ERROR] Failed to load resource: net::ERR_CONNECTION_CLOSED @ https://via.placeholder.com/300x200?text=No+Image:0
[   41847ms] [ERROR] Failed to load resource: net::ERR_CONNECTION_CLOSED @ https://via.placeholder.com/300x200?text=No+Image:0
[   41963ms] [ERROR] Failed to load resource: net::ERR_CONNECTION_CLOSED @ https://via.placeholder.com/300x200?text=No+Image:0
[   42062ms] [ERROR] Failed to load resource: net::ERR_CONNECTION_CLOSED @ https://via.placeholder.com/300x200?text=No+Image:0
[   42156ms] [ERROR] Failed to load resource: net::ERR_CONNECTION_CLOSED @ https://via.placeholder.com/300x200?text=No+Image:0
[   42249ms] [ERROR] Failed to load resource: net::ERR_CONNECTION_CLOSED @ https://via.placeholder.com/300x200?text=No+Image:0
[   42339ms] [ERROR] Failed to load resource: net::ERR_CONNECTION_CLOSED @ https://via.placeholder.com/300x200?text=No+Image:0
[   42429ms] [ERROR] Failed to load resource: net::ERR_CONNECTION_CLOSED @ https://via.placeholder.com/300x200?text=No+Image:0
[   42519ms] [ERROR] Failed to load resource: net::ERR_CONNECTION_CLOSED @ https://via.placeholder.com/300x200?text=No+Image:0
[   42625ms] [ERROR] Failed to load resource: net::ERR_CONNECTION_CLOSED @ https://via.placeholder.com/300x200?text=No+Image:0
[   42729ms] [ERROR] Failed to load resource: net::ERR_CONNECTION_CLOSED @ https://via.placeholder.com/300x200?text=No+Image:0
[   42820ms] [ERROR] Failed to load resource: net::ERR_CONNECTION_CLOSED @ https://via.placeholder.com/300x200?text=No+Image:0
[   42918ms] [ERROR] Failed to load resource: net::ERR_CONNECTION_CLOSED @ https://via.placeholder.com/300x200?text=No+Image:0
[   43012ms] [ERROR] Failed to load resource: net::ERR_CONNECTION_CLOSED @ https://via.placeholder.com/300x200?text=No+Image:0
[   43102ms] [ERROR] Failed to load resource: net::ERR_CONNECTION_CLOSED @ https://via.placeholder.com/300x200?text=No+Image:0
[   43204ms] [ERROR] Failed to load resource: net::ERR_CONNECTION_CLOSED @ https://via.placeholder.com/300x200?text=No+Image:0
[   43299ms] [ERROR] Failed to load resource: net::ERR_CONNECTION_CLOSED @ https://via.placeholder.com/300x200?text=No+Image:0
[   43391ms] [ERROR] Failed to load resource: net::ERR_CONNECTION_CLOSED @ https://via.placeholder.com/300x200?text=No+Image:0
[   43494ms] [ERROR] Failed to load resource: net::ERR_CONNECTION_CLOSED @ https://via.placeholder.com/300x200?text=No+Image:0
[   43589ms] [ERROR] Failed to load resource: net::ERR_CONNECTION_CLOSED @ https://via.placeholder.com/300x200?text=No+Image:0
[   43684ms] [ERROR] Failed to load resource: net::ERR_CONNECTION_CLOSED @ https://via.placeholder.com/300x200?text=No+Image:0
[   43775ms] [ERROR] Failed to load resource: net::ERR_CONNECTION_CLOSED @ https://via.placeholder.com/300x200?text=No+Image:0
[   43872ms] [ERROR] Failed to load resource: net::ERR_CONNECTION_CLOSED @ https://via.placeholder.com/300x200?text=No+Image:0
[   43963ms] [ERROR] Failed to load resource: net::ERR_CONNECTION_CLOSED @ https://via.placeholder.com/300x200?text=No+Image:0
[   44057ms] [ERROR] Failed to load resource: net::ERR_CONNECTION_CLOSED @ https://via.placeholder.com/300x200?text=No+Image:0
[   44149ms] [ERROR] Failed to load resource: net::ERR_CONNECTION_CLOSED @ https://via.placeholder.com/300x200?text=No+Image:0
[   44244ms] [ERROR] Failed to load resource: net::ERR_CONNECTION_CLOSED @ https://via.placeholder.com/300x200?text=No+Image:0
[   44332ms] [ERROR] Failed to load resource: net::ERR_CONNECTION_CLOSED @ https://via.placeholder.com/300x200?text=No+Image:0
[   44425ms] [ERROR] Failed to load resource: net::ERR_CONNECTION_CLOSED @ https://via.placeholder.com/300x200?text=No+Image:0
[   44521ms] [ERROR] Failed to load resource: net::ERR_CONNECTION_CLOSED @ https://via.placeholder.com/300x200?text=No+Image:0
[   44616ms] [ERROR] Failed to load resource: net::ERR_CONNECTION_CLOSED @ https://via.placeholder.com/300x200?text=No+Image:0
[   44717ms] [ERROR] Failed to load resource: net::ERR_CONNECTION_CLOSED @ https://via.placeholder.com/300x200?text=No+Image:0
[   44807ms] [ERROR] Failed to load resource: net::ERR_CONNECTION_CLOSED @ https://via.placeholder.com/300x200?text=No+Image:0
[   44904ms] [ERROR] Failed to load resource: net::ERR_CONNECTION_CLOSED @ https://via.placeholder.com/300x200?text=No+Image:0
[   44994ms] [ERROR] Failed to load resource: net::ERR_CONNECTION_CLOSED @ https://via.placeholder.com/300x200?text=No+Image:0
[   45091ms] [ERROR] Failed to load resource: net::ERR_CONNECTION_CLOSED @ https://via.placeholder.com/300x200?text=No+Image:0
[   45180ms] [ERROR] Failed to load resource: net::ERR_CONNECTION_CLOSED @ https://via.placeholder.com/300x200?text=No+Image:0
[   45279ms] [ERROR] Failed to load resource: net::ERR_CONNECTION_CLOSED @ https://via.placeholder.com/300x200?text=No+Image:0
[   45374ms] [ERROR] Failed to load resource: net::ERR_CONNECTION_CLOSED @ https://via.placeholder.com/300x200?text=No+Image:0
[   45465ms] [ERROR] Failed to load resource: net::ERR_CONNECTION_CLOSED @ https://via.placeholder.com/300x200?text=No+Image:0
[   45566ms] [ERROR] Failed to load resource: net::ERR_CONNECTION_CLOSED @ https://via.placeholder.com/300x200?text=No+Image:0
[   45665ms] [ERROR] Failed to load resource: net::ERR_CONNECTION_CLOSED @ https://via.placeholder.com/300x200?text=No+Image:0
[   45761ms] [ERROR] Failed to load resource: net::ERR_CONNECTION_CLOSED @ https://via.placeholder.com/300x200?text=No+Image:0
[   45854ms] [ERROR] Failed to load resource: net::ERR_CONNECTION_CLOSED @ https://via.placeholder.com/300x200?text=No+Image:0
[   45950ms] [ERROR] Failed to load resource: net::ERR_CONNECTION_CLOSED @ https://via.placeholder.com/300x200?text=No+Image:0
[   46043ms] [ERROR] Failed to load resource: net::ERR_CONNECTION_CLOSED @ https://via.placeholder.com/300x200?text=No+Image:0
[   46138ms] [ERROR] Failed to load resource: net::ERR_CONNECTION_CLOSED @ https://via.placeholder.com/300x200?text=No+Image:0
[   46231ms] [ERROR] Failed to load resource: net::ERR_CONNECTION_CLOSED @ https://via.placeholder.com/300x200?text=No+Image:0
[   46323ms] [ERROR] Failed to load resource: net::ERR_CONNECTION_CLOSED @ https://via.placeholder.com/300x200?text=No+Image:0
[   46416ms] [ERROR] Failed to load resource: net::ERR_CONNECTION_CLOSED @ https://via.placeholder.com/300x200?text=No+Image:0
[   46510ms] [ERROR] Failed to load resource: net::ERR_CONNECTION_CLOSED @ https://via.placeholder.com/300x200?text=No+Image:0
[   46600ms] [ERROR] Failed to load resource: net::ERR_CONNECTION_CLOSED @ https://via.placeholder.com/300x200?text=No+Image:0
[   46690ms] [ERROR] Failed to load resource: net::ERR_CONNECTION_CLOSED @ https://via.placeholder.com/300x200?text=No+Image:0
[   46785ms] [ERROR] Failed to load resource: net::ERR_CONNECTION_CLOSED @ https://via.placeholder.com/300x200?text=No+Image:0
[   46874ms] [ERROR] Failed to load resource: net::ERR_CONNECTION_CLOSED @ https://via.placeholder.com/300x200?text=No+Image:0
[   46965ms] [ERROR] Failed to load resource: net::ERR_CONNECTION_CLOSED @ https://via.placeholder.com/300x200?text=No+Image:0
[   47055ms] [ERROR] Failed to load resource: net::ERR_CONNECTION_CLOSED @ https://via.placeholder.com/300x200?text=No+Image:0
[   47148ms] [ERROR] Failed to load resource: net::ERR_CONNECTION_CLOSED @ https://via.placeholder.com/300x200?text=No+Image:0
[   47237ms] [ERROR] Failed to load resource: net::ERR_CONNECTION_CLOSED @ https://via.placeholder.com/300x200?text=No+Image:0
[   47328ms] [ERROR] Failed to load resource: net::ERR_CONNECTION_CLOSED @ https://via.placeholder.com/300x200?text=No+Image:0
[   47422ms] [ERROR] Failed to load resource: net::ERR_CONNECTION_CLOSED @ https://via.placeholder.com/300x200?text=No+Image:0
[   47529ms] [ERROR] Failed to load resource: net::ERR_CONNECTION_CLOSED @ https://via.placeholder.com/300x200?text=No+Image:0
[   47625ms] [ERROR] Failed to load resource: net::ERR_CONNECTION_CLOSED @ https://via.placeholder.com/300x200?text=No+Image:0
[   47715ms] [ERROR] Failed to load resource: net::ERR_CONNECTION_CLOSED @ https://via.placeholder.com/300x200?text=No+Image:0
[   47813ms] [ERROR] Failed to load resource: net::ERR_CONNECTION_CLOSED @ https://via.placeholder.com/300x200?text=No+Image:0
[   47909ms] [ERROR] Failed to load resource: net::ERR_CONNECTION_CLOSED @ https://via.placeholder.com/300x200?text=No+Image:0
[   48001ms] [ERROR] Failed to load resource: net::ERR_CONNECTION_CLOSED @ https://via.placeholder.com/300x200?text=No+Image:0
[   48096ms] [ERROR] Failed to load resource: net::ERR_CONNECTION_CLOSED @ https://via.placeholder.com/300x200?text=No+Image:0
[   48185ms] [ERROR] Failed to load resource: net::ERR_CONNECTION_CLOSED @ https://via.placeholder.com/300x200?text=No+Image:0
[   48280ms] [ERROR] Failed to load resource: net::ERR_CONNECTION_CLOSED @ https://via.placeholder.com/300x200?text=No+Image:0
[   48375ms] [ERROR] Failed to load resource: net::ERR_CONNECTION_CLOSED @ https://via.placeholder.com/300x200?text=No+Image:0
[   48480ms] [ERROR] Failed to load resource: net::ERR_CONNECTION_CLOSED @ https://via.placeholder.com/300x200?text=No+Image:0
[   48575ms] [ERROR] Failed to load resource: net::ERR_CONNECTION_CLOSED @ https://via.placeholder.com/300x200?text=No+Image:0
[   48673ms] [ERROR] Failed to load resource: net::ERR_CONNECTION_CLOSED @ https://via.placeholder.com/300x200?text=No+Image:0
[   48775ms] [ERROR] Failed to load resource: net::ERR_CONNECTION_CLOSED @ https://via.placeholder.com/300x200?text=No+Image:0
[   48874ms] [ERROR] Failed to load resource: net::ERR_CONNECTION_CLOSED @ https://via.placeholder.com/300x200?text=No+Image:0
[   48973ms] [ERROR] Failed to load resource: net::ERR_CONNECTION_CLOSED @ https://via.placeholder.com/300x200?text=No+Image:0
[   49069ms] [ERROR] Failed to load resource: net::ERR_CONNECTION_CLOSED @ https://via.placeholder.com/300x200?text=No+Image:0
[   49165ms] [ERROR] Failed to load resource: net::ERR_CONNECTION_CLOSED @ https://via.placeholder.com/300x200?text=No+Image:0
[   49268ms] [ERROR] Failed to load resource: net::ERR_CONNECTION_CLOSED @ https://via.placeholder.com/300x200?text=No+Image:0
[   49360ms] [ERROR] Failed to load resource: net::ERR_CONNECTION_CLOSED @ https://via.placeholder.com/300x200?text=No+Image:0
[   49453ms] [ERROR] Failed to load resource: net::ERR_CONNECTION_CLOSED @ https://via.placeholder.com/300x200?text=No+Image:0
[   49545ms] [ERROR] Failed to load resource: net::ERR_CONNECTION_CLOSED @ https://via.placeholder.com/300x200?text=No+Image:0
[   49641ms] [ERROR] Failed to load resource: net::ERR_CONNECTION_CLOSED @ https://via.placeholder.com/300x200?text=No+Image:0
[   49733ms] [ERROR] Failed to load resource: net::ERR_CONNECTION_CLOSED @ https://via.placeholder.com/300x200?text=No+Image:0
[   49825ms] [ERROR] Failed to load resource: net::ERR_CONNECTION_CLOSED @ https://via.placeholder.com/300x200?text=No+Image:0
[   49918ms] [ERROR] Failed to load resource: net::ERR_CONNECTION_CLOSED @ https://via.placeholder.com/300x200?text=No+Image:0
[   50024ms] [ERROR] Failed to load resource: net::ERR_CONNECTION_CLOSED @ https://via.placeholder.com/300x200?text=No+Image:0
[   50126ms] [ERROR] Failed to load resource: net::ERR_CONNECTION_CLOSED @ https://via.placeholder.com/300x200?text=No+Image:0
[   50217ms] [ERROR] Failed to load resource: net::ERR_CONNECTION_CLOSED @ https://via.placeholder.com/300x200?text=No+Image:0
[   50320ms] [ERROR] Failed to load resource: net::ERR_CONNECTION_CLOSED @ https://via.placeholder.com/300x200?text=No+Image:0
[   50412ms] [ERROR] Failed to load resource: net::ERR_CONNECTION_CLOSED @ https://via.placeholder.com/300x200?text=No+Image:0
[   50503ms] [ERROR] Failed to load resource: net::ERR_CONNECTION_CLOSED @ https://via.placeholder.com/300x200?text=No+Image:0
[   50599ms] [ERROR] Failed to load resource: net::ERR_CONNECTION_CLOSED @ https://via.placeholder.com/300x200?text=No+Image:0
[   50696ms] [ERROR] Failed to load resource: net::ERR_CONNECTION_CLOSED @ https://via.placeholder.com/300x200?text=No+Image:0
[   50790ms] [ERROR] Failed to load resource: net::ERR_CONNECTION_CLOSED @ https://via.placeholder.com/300x200?text=No+Image:0
[   50880ms] [ERROR] Failed to load resource: net::ERR_CONNECTION_CLOSED @ https://via.placeholder.com/300x200?text=No+Image:0
[   50974ms] [ERROR] Failed to load resource: net::ERR_CONNECTION_CLOSED @ https://via.placeholder.com/300x200?text=No+Image:0
[   51074ms] [ERROR] Failed to load resource: net::ERR_CONNECTION_CLOSED @ https://via.placeholder.com/300x200?text=No+Image:0
[   51169ms] [ERROR] Failed to load resource: net::ERR_CONNECTION_CLOSED @ https://via.placeholder.com/300x200?text=No+Image:0
[   51266ms] [ERROR] Failed to load resource: net::ERR_CONNECTION_CLOSED @ https://via.placeholder.com/300x200?text=No+Image:0
[   51362ms] [ERROR] Failed to load resource: net::ERR_CONNECTION_CLOSED @ https://via.placeholder.com/300x200?text=No+Image:0
[   51454ms] [ERROR] Failed to load resource: net::ERR_CONNECTION_CLOSED @ https://via.placeholder.com/300x200?text=No+Image:0
[   51544ms] [ERROR] Failed to load resource: net::ERR_CONNECTION_CLOSED @ https://via.placeholder.com/300x200?text=No+Image:0
[   51644ms] [ERROR] Failed to load resource: net::ERR_CONNECTION_CLOSED @ https://via.placeholder.com/300x200?text=No+Image:0
[   51737ms] [ERROR] Failed to load resource: net::ERR_CONNECTION_CLOSED @ https://via.placeholder.com/300x200?text=No+Image:0
[   51835ms] [ERROR] Failed to load resource: net::ERR_CONNECTION_CLOSED @ https://via.placeholder.com/300x200?text=No+Image:0
[   51926ms] [ERROR] Failed to load resource: net::ERR_CONNECTION_CLOSED @ https://via.placeholder.com/300x200?text=No+Image:0
[   52030ms] [ERROR] Failed to load resource: net::ERR_CONNECTION_CLOSED @ https://via.placeholder.com/300x200?text=No+Image:0
[   52125ms] [ERROR] Failed to load resource: net::ERR_CONNECTION_CLOSED @ https://via.placeholder.com/300x200?text=No+Image:0
[   52219ms] [ERROR] Failed to load resource: net::ERR_CONNECTION_CLOSED @ https://via.placeholder.com/300x200?text=No+Image:0
[   52316ms] [ERROR] Failed to load resource: net::ERR_CONNECTION_CLOSED @ https://via.placeholder.com/300x200?text=No+Image:0
[   52409ms] [ERROR] Failed to load resource: net::ERR_CONNECTION_CLOSED @ https://via.placeholder.com/300x200?text=No+Image:0
[   52511ms] [ERROR] Failed to load resource: net::ERR_CONNECTION_CLOSED @ https://via.placeholder.com/300x200?text=No+Image:0
[   52607ms] [ERROR] Failed to load resource: net::ERR_CONNECTION_CLOSED @ https://via.placeholder.com/300x200?text=No+Image:0
[   52706ms] [ERROR] Failed to load resource: net::ERR_CONNECTION_CLOSED @ https://via.placeholder.com/300x200?text=No+Image:0
[   52797ms] [ERROR] Failed to load resource: net::ERR_CONNECTION_CLOSED @ https://via.placeholder.com/300x200?text=No+Image:0
[   52894ms] [ERROR] Failed to load resource: net::ERR_CONNECTION_CLOSED @ https://via.placeholder.com/300x200?text=No+Image:0
[   52990ms] [ERROR] Failed to load resource: net::ERR_CONNECTION_CLOSED @ https://via.placeholder.com/300x200?text=No+Image:0
[   53082ms] [ERROR] Failed to load resource: net::ERR_CONNECTION_CLOSED @ https://via.placeholder.com/300x200?text=No+Image:0
[   53175ms] [ERROR] Failed to load resource: net::ERR_CONNECTION_CLOSED @ https://via.placeholder.com/300x200?text=No+Image:0
[   53267ms] [ERROR] Failed to load resource: net::ERR_CONNECTION_CLOSED @ https://via.placeholder.com/300x200?text=No+Image:0
[   53370ms] [ERROR] Failed to load resource: net::ERR_CONNECTION_CLOSED @ https://via.placeholder.com/300x200?text=No+Image:0
[   53470ms] [ERROR] Failed to load resource: net::ERR_CONNECTION_CLOSED @ https://via.placeholder.com/300x200?text=No+Image:0
[   53561ms] [ERROR] Failed to load resource: net::ERR_CONNECTION_CLOSED @ https://via.placeholder.com/300x200?text=No+Image:0
[   53660ms] [ERROR] Failed to load resource: net::ERR_CONNECTION_CLOSED @ https://via.placeholder.com/300x200?text=No+Image:0
[   53750ms] [ERROR] Failed to load resource: net::ERR_CONNECTION_CLOSED @ https://via.placeholder.com/300x200?text=No+Image:0
[   53845ms] [ERROR] Failed to load resource: net::ERR_CONNECTION_CLOSED @ https://via.placeholder.com/300x200?text=No+Image:0
[   53939ms] [ERROR] Failed to load resource: net::ERR_CONNECTION_CLOSED @ https://via.placeholder.com/300x200?text=No+Image:0
[   54030ms] [ERROR] Failed to load resource: net::ERR_CONNECTION_CLOSED @ https://via.placeholder.com/300x200?text=No+Image:0
[   54122ms] [ERROR] Failed to load resource: net::ERR_CONNECTION_CLOSED @ https://via.placeholder.com/300x200?text=No+Image:0
[   54219ms] [ERROR] Failed to load resource: net::ERR_CONNECTION_CLOSED @ https://via.placeholder.com/300x200?text=No+Image:0
[   54311ms] [ERROR] Failed to load resource: net::ERR_CONNECTION_CLOSED @ https://via.placeholder.com/300x200?text=No+Image:0
[   54406ms] [ERROR] Failed to load resource: net::ERR_CONNECTION_CLOSED @ https://via.placeholder.com/300x200?text=No+Image:0
[   54499ms] [ERROR] Failed to load resource: net::ERR_CONNECTION_CLOSED @ https://via.placeholder.com/300x200?text=No+Image:0
[   54595ms] [ERROR] Failed to load resource: net::ERR_CONNECTION_CLOSED @ https://via.placeholder.com/300x200?text=No+Image:0
[   54697ms] [ERROR] Failed to load resource: net::ERR_CONNECTION_CLOSED @ https://via.placeholder.com/300x200?text=No+Image:0
[   54790ms] [ERROR] Failed to load resource: net::ERR_CONNECTION_CLOSED @ https://via.placeholder.com/300x200?text=No+Image:0
[   54890ms] [ERROR] Failed to load resource: net::ERR_CONNECTION_CLOSED @ https://via.placeholder.com/300x200?text=No+Image:0
[   54991ms] [ERROR] Failed to load resource: net::ERR_CONNECTION_CLOSED @ https://via.placeholder.com/300x200?text=No+Image:0
[   55083ms] [ERROR] Failed to load resource: net::ERR_CONNECTION_CLOSED @ https://via.placeholder.com/300x200?text=No+Image:0
[   55180ms] [ERROR] Failed to load resource: net::ERR_CONNECTION_CLOSED @ https://via.placeholder.com/300x200?text=No+Image:0
[   55286ms] [ERROR] Failed to load resource: net::ERR_CONNECTION_CLOSED @ https://via.placeholder.com/300x200?text=No+Image:0
[   55389ms] [ERROR] Failed to load resource: net::ERR_CONNECTION_CLOSED @ https://via.placeholder.com/300x200?text=No+Image:0
[   55482ms] [ERROR] Failed to load resource: net::ERR_CONNECTION_CLOSED @ https://via.placeholder.com/300x200?text=No+Image:0
[   55572ms] [ERROR] Failed to load resource: net::ERR_CONNECTION_CLOSED @ https://via.placeholder.com/300x200?text=No+Image:0
[   55665ms] [ERROR] Failed to load resource: net::ERR_CONNECTION_CLOSED @ https://via.placeholder.com/300x200?text=No+Image:0
[   55761ms] [ERROR] Failed to load resource: net::ERR_CONNECTION_CLOSED @ https://via.placeholder.com/300x200?text=No+Image:0
[   55855ms] [ERROR] Failed to load resource: net::ERR_CONNECTION_CLOSED @ https://via.placeholder.com/300x200?text=No+Image:0
[   55948ms] [ERROR] Failed to load resource: net::ERR_CONNECTION_CLOSED @ https://via.placeholder.com/300x200?text=No+Image:0
[   56042ms] [ERROR] Failed to load resource: net::ERR_CONNECTION_CLOSED @ https://via.placeholder.com/300x200?text=No+Image:0
[   56133ms] [ERROR] Failed to load resource: net::ERR_CONNECTION_CLOSED @ https://via.placeholder.com/300x200?text=No+Image:0
[   56233ms] [ERROR] Failed to load resource: net::ERR_CONNECTION_CLOSED @ https://via.placeholder.com/300x200?text=No+Image:0
[   56326ms] [ERROR] Failed to load resource: net::ERR_CONNECTION_CLOSED @ https://via.placeholder.com/300x200?text=No+Image:0
[   56417ms] [ERROR] Failed to load resource: net::ERR_CONNECTION_CLOSED @ https://via.placeholder.com/300x200?text=No+Image:0
[   56509ms] [ERROR] Failed to load resource: net::ERR_CONNECTION_CLOSED @ https://via.placeholder.com/300x200?text=No+Image:0
[   56602ms] [ERROR] Failed to load resource: net::ERR_CONNECTION_CLOSED @ https://via.placeholder.com/300x200?text=No+Image:0
[   56695ms] [ERROR] Failed to load resource: net::ERR_CONNECTION_CLOSED @ https://via.placeholder.com/300x200?text=No+Image:0
[   56787ms] [ERROR] Failed to load resource: net::ERR_CONNECTION_CLOSED @ https://via.placeholder.com/300x200?text=No+Image:0
[   56882ms] [ERROR] Failed to load resource: net::ERR_CONNECTION_CLOSED @ https://via.placeholder.com/300x200?text=No+Image:0
[   56974ms] [ERROR] Failed to load resource: net::ERR_CONNECTION_CLOSED @ https://via.placeholder.com/300x200?text=No+Image:0
[   57073ms] [ERROR] Failed to load resource: net::ERR_CONNECTION_CLOSED @ https://via.placeholder.com/300x200?text=No+Image:0
[   57166ms] [ERROR] Failed to load resource: net::ERR_CONNECTION_CLOSED @ https://via.placeholder.com/300x200?text=No+Image:0
[   57267ms] [ERROR] Failed to load resource: net::ERR_CONNECTION_CLOSED @ https://via.placeholder.com/300x200?text=No+Image:0
[   57360ms] [ERROR] Failed to load resource: net::ERR_CONNECTION_CLOSED @ https://via.placeholder.com/300x200?text=No+Image:0
[   57456ms] [ERROR] Failed to load resource: net::ERR_CONNECTION_CLOSED @ https://via.placeholder.com/300x200?text=No+Image:0
[   57549ms] [ERROR] Failed to load resource: net::ERR_CONNECTION_CLOSED @ https://via.placeholder.com/300x200?text=No+Image:0
[   57643ms] [ERROR] Failed to load resource: net::ERR_CONNECTION_CLOSED @ https://via.placeholder.com/300x200?text=No+Image:0
[   57736ms] [ERROR] Failed to load resource: net::ERR_CONNECTION_CLOSED @ https://via.placeholder.com/300x200?text=No+Image:0
[   57829ms] [ERROR] Failed to load resource: net::ERR_CONNECTION_CLOSED @ https://via.placeholder.com/300x200?text=No+Image:0
[   57929ms] [ERROR] Failed to load resource: net::ERR_CONNECTION_CLOSED @ https://via.placeholder.com/300x200?text=No+Image:0
[   58021ms] [ERROR] Failed to load resource: net::ERR_CONNECTION_CLOSED @ https://via.placeholder.com/300x200?text=No+Image:0
[   58121ms] [ERROR] Failed to load resource: net::ERR_CONNECTION_CLOSED @ https://via.placeholder.com/300x200?text=No+Image:0
[   58224ms] [ERROR] Failed to load resource: net::ERR_CONNECTION_CLOSED @ https://via.placeholder.com/300x200?text=No+Image:0
[   58317ms] [ERROR] Failed to load resource: net::ERR_CONNECTION_CLOSED @ https://via.placeholder.com/300x200?text=No+Image:0
[   58412ms] [ERROR] Failed to load resource: net::ERR_CONNECTION_CLOSED @ https://via.placeholder.com/300x200?text=No+Image:0
[   58507ms] [ERROR] Failed to load resource: net::ERR_CONNECTION_CLOSED @ https://via.placeholder.com/300x200?text=No+Image:0
[   58598ms] [ERROR] Failed to load resource: net::ERR_CONNECTION_CLOSED @ https://via.placeholder.com/300x200?text=No+Image:0
[   58690ms] [ERROR] Failed to load resource: net::ERR_CONNECTION_CLOSED @ https://via.placeholder.com/300x200?text=No+Image:0
[   58781ms] [ERROR] Failed to load resource: net::ERR_CONNECTION_CLOSED @ https://via.placeholder.com/300x200?text=No+Image:0
[   58874ms] [ERROR] Failed to load resource: net::ERR_CONNECTION_CLOSED @ https://via.placeholder.com/300x200?text=No+Image:0
[   58966ms] [ERROR] Failed to load resource: net::ERR_CONNECTION_CLOSED @ https://via.placeholder.com/300x200?text=No+Image:0
[   59059ms] [ERROR] Failed to load resource: net::ERR_CONNECTION_CLOSED @ https://via.placeholder.com/300x200?text=No+Image:0
[   59155ms] [ERROR] Failed to load resource: net::ERR_CONNECTION_CLOSED @ https://via.placeholder.com/300x200?text=No+Image:0
[   59251ms] [ERROR] Failed to load resource: net::ERR_CONNECTION_CLOSED @ https://via.placeholder.com/300x200?text=No+Image:0
[   59345ms] [ERROR] Failed to load resource: net::ERR_CONNECTION_CLOSED @ https://via.placeholder.com/300x200?text=No+Image:0
[   59438ms] [ERROR] Failed to load resource: net::ERR_CONNECTION_CLOSED @ https://via.placeholder.com/300x200?text=No+Image:0
[   59533ms] [ERROR] Failed to load resource: net::ERR_CONNECTION_CLOSED @ https://via.placeholder.com/300x200?text=No+Image:0
[   59630ms] [ERROR] Failed to load resource: net::ERR_CONNECTION_CLOSED @ https://via.placeholder.com/300x200?text=No+Image:0
[   59723ms] [ERROR] Failed to load resource: net::ERR_CONNECTION_CLOSED @ https://via.placeholder.com/300x200?text=No+Image:0
[   59819ms] [ERROR] Failed to load resource: net::ERR_CONNECTION_CLOSED @ https://via.placeholder.com/300x200?text=No+Image:0
[   59913ms] [ERROR] Failed to load resource: net::ERR_CONNECTION_CLOSED @ https://via.placeholder.com/300x200?text=No+Image:0
[   60011ms] [ERROR] Failed to load resource: net::ERR_CONNECTION_CLOSED @ https://via.placeholder.com/300x200?text=No+Image:0
[   60103ms] [ERROR] Failed to load resource: net::ERR_CONNECTION_CLOSED @ https://via.placeholder.com/300x200?text=No+Image:0
[   60205ms] [ERROR] Failed to load resource: net::ERR_CONNECTION_CLOSED @ https://via.placeholder.com/300x200?text=No+Image:0
[   60304ms] [ERROR] Failed to load resource: net::ERR_CONNECTION_CLOSED @ https://via.placeholder.com/300x200?text=No+Image:0
[   60396ms] [ERROR] Failed to load resource: net::ERR_CONNECTION_CLOSED @ https://via.placeholder.com/300x200?text=No+Image:0
[   60493ms] [ERROR] Failed to load resource: net::ERR_CONNECTION_CLOSED @ https://via.placeholder.com/300x200?text=No+Image:0
[   60588ms] [ERROR] Failed to load resource: net::ERR_CONNECTION_CLOSED @ https://via.placeholder.com/300x200?text=No+Image:0
[   60681ms] [ERROR] Failed to load resource: net::ERR_CONNECTION_CLOSED @ https://via.placeholder.com/300x200?text=No+Image:0
[   60773ms] [ERROR] Failed to load resource: net::ERR_CONNECTION_CLOSED @ https://via.placeholder.com/300x200?text=No+Image:0
[   60869ms] [ERROR] Failed to load resource: net::ERR_CONNECTION_CLOSED @ https://via.placeholder.com/300x200?text=No+Image:0
[   60971ms] [ERROR] Failed to load resource: net::ERR_CONNECTION_CLOSED @ https://via.placeholder.com/300x200?text=No+Image:0
[   61067ms] [ERROR] Failed to load resource: net::ERR_CONNECTION_CLOSED @ https://via.placeholder.com/300x200?text=No+Image:0
[   61160ms] [ERROR] Failed to load resource: net::ERR_CONNECTION_CLOSED @ https://via.placeholder.com/300x200?text=No+Image:0
[   61253ms] [ERROR] Failed to load resource: net::ERR_CONNECTION_CLOSED @ https://via.placeholder.com/300x200?text=No+Image:0
[   61353ms] [ERROR] Failed to load resource: net::ERR_CONNECTION_CLOSED @ https://via.placeholder.com/300x200?text=No+Image:0
[   61450ms] [ERROR] Failed to load resource: net::ERR_CONNECTION_CLOSED @ https://via.placeholder.com/300x200?text=No+Image:0
[   61542ms] [ERROR] Failed to load resource: net::ERR_CONNECTION_CLOSED @ https://via.placeholder.com/300x200?text=No+Image:0
[   61639ms] [ERROR] Failed to load resource: net::ERR_CONNECTION_CLOSED @ https://via.placeholder.com/300x200?text=No+Image:0
[   61734ms] [ERROR] Failed to load resource: net::ERR_CONNECTION_CLOSED @ https://via.placeholder.com/300x200?text=No+Image:0
[   61826ms] [ERROR] Failed to load resource: net::ERR_CONNECTION_CLOSED @ https://via.placeholder.com/300x200?text=No+Image:0
[   61914ms] [ERROR] Failed to load resource: net::ERR_CONNECTION_CLOSED @ https://via.placeholder.com/300x200?text=No+Image:0
[   62006ms] [ERROR] Failed to load resource: net::ERR_CONNECTION_CLOSED @ https://via.placeholder.com/300x200?text=No+Image:0
[   62099ms] [ERROR] Failed to load resource: net::ERR_CONNECTION_CLOSED @ https://via.placeholder.com/300x200?text=No+Image:0
[   62193ms] [ERROR] Failed to load resource: net::ERR_CONNECTION_CLOSED @ https://via.placeholder.com/300x200?text=No+Image:0
[   62291ms] [ERROR] Failed to load resource: net::ERR_CONNECTION_CLOSED @ https://via.placeholder.com/300x200?text=No+Image:0
[   62382ms] [ERROR] Failed to load resource: net::ERR_CONNECTION_CLOSED @ https://via.placeholder.com/300x200?text=No+Image:0
[   62474ms] [ERROR] Failed to load resource: net::ERR_CONNECTION_CLOSED @ https://via.placeholder.com/300x200?text=No+Image:0
[   62571ms] [ERROR] Failed to load resource: net::ERR_CONNECTION_CLOSED @ https://via.placeholder.com/300x200?text=No+Image:0
[   62665ms] [ERROR] Failed to load resource: net::ERR_CONNECTION_CLOSED @ https://via.placeholder.com/300x200?text=No+Image:0
[   62768ms] [ERROR] Failed to load resource: net::ERR_CONNECTION_CLOSED @ https://via.placeholder.com/300x200?text=No+Image:0
[   62868ms] [ERROR] Failed to load resource: net::ERR_CONNECTION_CLOSED @ https://via.placeholder.com/300x200?text=No+Image:0
[   62966ms] [ERROR] Failed to load resource: net::ERR_CONNECTION_CLOSED @ https://via.placeholder.com/300x200?text=No+Image:0
[   63058ms] [ERROR] Failed to load resource: net::ERR_CONNECTION_CLOSED @ https://via.placeholder.com/300x200?text=No+Image:0
[   63159ms] [ERROR] Failed to load resource: net::ERR_CONNECTION_CLOSED @ https://via.placeholder.com/300x200?text=No+Image:0
[   63263ms] [ERROR] Failed to load resource: net::ERR_CONNECTION_CLOSED @ https://via.placeholder.com/300x200?text=No+Image:0
[   63359ms] [ERROR] Failed to load resource: net::ERR_CONNECTION_CLOSED @ https://via.placeholder.com/300x200?text=No+Image:0
[   63456ms] [ERROR] Failed to load resource: net::ERR_CONNECTION_CLOSED @ https://via.placeholder.com/300x200?text=No+Image:0
[   63550ms] [ERROR] Failed to load resource: net::ERR_CONNECTION_CLOSED @ https://via.placeholder.com/300x200?text=No+Image:0
[   63643ms] [ERROR] Failed to load resource: net::ERR_CONNECTION_CLOSED @ https://via.placeholder.com/300x200?text=No+Image:0
[   63735ms] [ERROR] Failed to load resource: net::ERR_CONNECTION_CLOSED @ https://via.placeholder.com/300x200?text=No+Image:0
[   63827ms] [ERROR] Failed to load resource: net::ERR_CONNECTION_CLOSED @ https://via.placeholder.com/300x200?text=No+Image:0
[   63922ms] [ERROR] Failed to load resource: net::ERR_CONNECTION_CLOSED @ https://via.placeholder.com/300x200?text=No+Image:0
[   64013ms] [ERROR] Failed to load resource: net::ERR_CONNECTION_CLOSED @ https://via.placeholder.com/300x200?text=No+Image:0
[   64104ms] [ERROR] Failed to load resource: net::ERR_CONNECTION_CLOSED @ https://via.placeholder.com/300x200?text=No+Image:0
[   64198ms] [ERROR] Failed to load resource: net::ERR_CONNECTION_CLOSED @ https://via.placeholder.com/300x200?text=No+Image:0
[   64292ms] [ERROR] Failed to load resource: net::ERR_CONNECTION_CLOSED @ https://via.placeholder.com/300x200?text=No+Image:0
[   64383ms] [ERROR] Failed to load resource: net::ERR_CONNECTION_CLOSED @ https://via.placeholder.com/300x200?text=No+Image:0
[   64481ms] [ERROR] Failed to load resource: net::ERR_CONNECTION_CLOSED @ https://via.placeholder.com/300x200?text=No+Image:0
[   64574ms] [ERROR] Failed to load resource: net::ERR_CONNECTION_CLOSED @ https://via.placeholder.com/300x200?text=No+Image:0
[   64668ms] [ERROR] Failed to load resource: net::ERR_CONNECTION_CLOSED @ https://via.placeholder.com/300x200?text=No+Image:0
[   64765ms] [ERROR] Failed to load resource: net::ERR_CONNECTION_CLOSED @ https://via.placeholder.com/300x200?text=No+Image:0
[   64858ms] [ERROR] Failed to load resource: net::ERR_CONNECTION_CLOSED @ https://via.placeholder.com/300x200?text=No+Image:0
[   64952ms] [ERROR] Failed to load resource: net::ERR_CONNECTION_CLOSED @ https://via.placeholder.com/300x200?text=No+Image:0
[   65047ms] [ERROR] Failed to load resource: net::ERR_CONNECTION_CLOSED @ https://via.placeholder.com/300x200?text=No+Image:0
[   65145ms] [ERROR] Failed to load resource: net::ERR_CONNECTION_CLOSED @ https://via.placeholder.com/300x200?text=No+Image:0
[   65237ms] [ERROR] Failed to load resource: net::ERR_CONNECTION_CLOSED @ https://via.placeholder.com/300x200?text=No+Image:0
[   65333ms] [ERROR] Failed to load resource: net::ERR_CONNECTION_CLOSED @ https://via.placeholder.com/300x200?text=No+Image:0
[   65421ms] [ERROR] Failed to load resource: net::ERR_CONNECTION_CLOSED @ https://via.placeholder.com/300x200?text=No+Image:0
[   65517ms] [ERROR] Failed to load resource: net::ERR_CONNECTION_CLOSED @ https://via.placeholder.com/300x200?text=No+Image:0
[   65607ms] [ERROR] Failed to load resource: net::ERR_CONNECTION_CLOSED @ https://via.placeholder.com/300x200?text=No+Image:0
[   65709ms] [ERROR] Failed to load resource: net::ERR_CONNECTION_CLOSED @ https://via.placeholder.com/300x200?text=No+Image:0
[   65804ms] [ERROR] Failed to load resource: net::ERR_CONNECTION_CLOSED @ https://via.placeholder.com/300x200?text=No+Image:0
[   65894ms] [ERROR] Failed to load resource: net::ERR_CONNECTION_CLOSED @ https://via.placeholder.com/300x200?text=No+Image:0
[   65989ms] [ERROR] Failed to load resource: net::ERR_CONNECTION_CLOSED @ https://via.placeholder.com/300x200?text=No+Image:0
[   66080ms] [ERROR] Failed to load resource: net::ERR_CONNECTION_CLOSED @ https://via.placeholder.com/300x200?text=No+Image:0
[   66172ms] [ERROR] Failed to load resource: net::ERR_CONNECTION_CLOSED @ https://via.placeholder.com/300x200?text=No+Image:0
[   66264ms] [ERROR] Failed to load resource: net::ERR_CONNECTION_CLOSED @ https://via.placeholder.com/300x200?text=No+Image:0
[   66363ms] [ERROR] Failed to load resource: net::ERR_CONNECTION_CLOSED @ https://via.placeholder.com/300x200?text=No+Image:0
[   66455ms] [ERROR] Failed to load resource: net::ERR_CONNECTION_CLOSED @ https://via.placeholder.com/300x200?text=No+Image:0
[   66551ms] [ERROR] Failed to load resource: net::ERR_CONNECTION_CLOSED @ https://via.placeholder.com/300x200?text=No+Image:0
[   66645ms] [ERROR] Failed to load resource: net::ERR_CONNECTION_CLOSED @ https://via.placeholder.com/300x200?text=No+Image:0
[   66738ms] [ERROR] Failed to load resource: net::ERR_CONNECTION_CLOSED @ https://via.placeholder.com/300x200?text=No+Image:0
[   66830ms] [ERROR] Failed to load resource: net::ERR_CONNECTION_CLOSED @ https://via.placeholder.com/300x200?text=No+Image:0
[   66922ms] [ERROR] Failed to load resource: net::ERR_CONNECTION_CLOSED @ https://via.placeholder.com/300x200?text=No+Image:0
[   67016ms] [ERROR] Failed to load resource: net::ERR_CONNECTION_CLOSED @ https://via.placeholder.com/300x200?text=No+Image:0
[   67111ms] [ERROR] Failed to load resource: net::ERR_CONNECTION_CLOSED @ https://via.placeholder.com/300x200?text=No+Image:0
[   67208ms] [ERROR] Failed to load resource: net::ERR_CONNECTION_CLOSED @ https://via.placeholder.com/300x200?text=No+Image:0
[   67302ms] [ERROR] Failed to load resource: net::ERR_CONNECTION_CLOSED @ https://via.placeholder.com/300x200?text=No+Image:0
[   67403ms] [ERROR] Failed to load resource: net::ERR_CONNECTION_CLOSED @ https://via.placeholder.com/300x200?text=No+Image:0
[   67494ms] [ERROR] Failed to load resource: net::ERR_CONNECTION_CLOSED @ https://via.placeholder.com/300x200?text=No+Image:0
[   67592ms] [ERROR] Failed to load resource: net::ERR_CONNECTION_CLOSED @ https://via.placeholder.com/300x200?text=No+Image:0
[   67689ms] [ERROR] Failed to load resource: net::ERR_CONNECTION_CLOSED @ https://via.placeholder.com/300x200?text=No+Image:0
[   67786ms] [ERROR] Failed to load resource: net::ERR_CONNECTION_CLOSED @ https://via.placeholder.com/300x200?text=No+Image:0
[   67881ms] [ERROR] Failed to load resource: net::ERR_CONNECTION_CLOSED @ https://via.placeholder.com/300x200?text=No+Image:0
[   67973ms] [ERROR] Failed to load resource: net::ERR_CONNECTION_CLOSED @ https://via.placeholder.com/300x200?text=No+Image:0
[   68077ms] [ERROR] Failed to load resource: net::ERR_CONNECTION_CLOSED @ https://via.placeholder.com/300x200?text=No+Image:0
[   68169ms] [ERROR] Failed to load resource: net::ERR_CONNECTION_CLOSED @ https://via.placeholder.com/300x200?text=No+Image:0
[   68270ms] [ERROR] Failed to load resource: net::ERR_CONNECTION_CLOSED @ https://via.placeholder.com/300x200?text=No+Image:0
[   68363ms] [ERROR] Failed to load resource: net::ERR_CONNECTION_CLOSED @ https://via.placeholder.com/300x200?text=No+Image:0
[   68455ms] [ERROR] Failed to load resource: net::ERR_CONNECTION_CLOSED @ https://via.placeholder.com/300x200?text=No+Image:0
[   68545ms] [ERROR] Failed to load resource: net::ERR_CONNECTION_CLOSED @ https://via.placeholder.com/300x200?text=No+Image:0
[   68647ms] [ERROR] Failed to load resource: net::ERR_CONNECTION_CLOSED @ https://via.placeholder.com/300x200?text=No+Image:0
[   68749ms] [ERROR] Failed to load resource: net::ERR_CONNECTION_CLOSED @ https://via.placeholder.com/300x200?text=No+Image:0
[   68846ms] [ERROR] Failed to load resource: net::ERR_CONNECTION_CLOSED @ https://via.placeholder.com/300x200?text=No+Image:0
[   68945ms] [ERROR] Failed to load resource: net::ERR_CONNECTION_CLOSED @ https://via.placeholder.com/300x200?text=No+Image:0
[   69042ms] [ERROR] Failed to load resource: net::ERR_CONNECTION_CLOSED @ https://via.placeholder.com/300x200?text=No+Image:0
[   69148ms] [ERROR] Failed to load resource: net::ERR_CONNECTION_CLOSED @ https://via.placeholder.com/300x200?text=No+Image:0
[   69240ms] [ERROR] Failed to load resource: net::ERR_CONNECTION_CLOSED @ https://via.placeholder.com/300x200?text=No+Image:0
[   69339ms] [ERROR] Failed to load resource: net::ERR_CONNECTION_CLOSED @ https://via.placeholder.com/300x200?text=No+Image:0
[   69433ms] [ERROR] Failed to load resource: net::ERR_CONNECTION_CLOSED @ https://via.placeholder.com/300x200?text=No+Image:0
[   69523ms] [ERROR] Failed to load resource: net::ERR_CONNECTION_CLOSED @ https://via.placeholder.com/300x200?text=No+Image:0
[   69629ms] [ERROR] Failed to load resource: net::ERR_CONNECTION_CLOSED @ https://via.placeholder.com/300x200?text=No+Image:0
[   69725ms] [ERROR] Failed to load resource: net::ERR_CONNECTION_CLOSED @ https://via.placeholder.com/300x200?text=No+Image:0
[   69819ms] [ERROR] Failed to load resource: net::ERR_CONNECTION_CLOSED @ https://via.placeholder.com/300x200?text=No+Image:0
[   69918ms] [ERROR] Failed to load resource: net::ERR_CONNECTION_CLOSED @ https://via.placeholder.com/300x200?text=No+Image:0
[   70011ms] [ERROR] Failed to load resource: net::ERR_CONNECTION_CLOSED @ https://via.placeholder.com/300x200?text=No+Image:0
[   70110ms] [ERROR] Failed to load resource: net::ERR_CONNECTION_CLOSED @ https://via.placeholder.com/300x200?text=No+Image:0
[   70205ms] [ERROR] Failed to load resource: net::ERR_CONNECTION_CLOSED @ https://via.placeholder.com/300x200?text=No+Image:0
[   70301ms] [ERROR] Failed to load resource: net::ERR_CONNECTION_CLOSED @ https://via.placeholder.com/300x200?text=No+Image:0
[   70394ms] [ERROR] Failed to load resource: net::ERR_CONNECTION_CLOSED @ https://via.placeholder.com/300x200?text=No+Image:0
[   70489ms] [ERROR] Failed to load resource: net::ERR_CONNECTION_CLOSED @ https://via.placeholder.com/300x200?text=No+Image:0
[   70583ms] [ERROR] Failed to load resource: net::ERR_CONNECTION_CLOSED @ https://via.placeholder.com/300x200?text=No+Image:0
[   70708ms] [ERROR] Failed to load resource: net::ERR_CONNECTION_CLOSED @ https://via.placeholder.com/300x200?text=No+Image:0
[   70798ms] [ERROR] Failed to load resource: net::ERR_CONNECTION_CLOSED @ https://via.placeholder.com/300x200?text=No+Image:0
[   70897ms] [ERROR] Failed to load resource: net::ERR_CONNECTION_CLOSED @ https://via.placeholder.com/300x200?text=No+Image:0
[   70990ms] [ERROR] Failed to load resource: net::ERR_CONNECTION_CLOSED @ https://via.placeholder.com/300x200?text=No+Image:0
[   71083ms] [ERROR] Failed to load resource: net::ERR_CONNECTION_CLOSED @ https://via.placeholder.com/300x200?text=No+Image:0
[   71177ms] [ERROR] Failed to load resource: net::ERR_CONNECTION_CLOSED @ https://via.placeholder.com/300x200?text=No+Image:0
[   71268ms] [ERROR] Failed to load resource: net::ERR_CONNECTION_CLOSED @ https://via.placeholder.com/300x200?text=No+Image:0
[   71359ms] [ERROR] Failed to load resource: net::ERR_CONNECTION_CLOSED @ https://via.placeholder.com/300x200?text=No+Image:0
[   71453ms] [ERROR] Failed to load resource: net::ERR_CONNECTION_CLOSED @ https://via.placeholder.com/300x200?text=No+Image:0
[   71550ms] [ERROR] Failed to load resource: net::ERR_CONNECTION_CLOSED @ https://via.placeholder.com/300x200?text=No+Image:0
[   71641ms] [ERROR] Failed to load resource: net::ERR_CONNECTION_CLOSED @ https://via.placeholder.com/300x200?text=No+Image:0
[   71739ms] [ERROR] Failed to load resource: net::ERR_CONNECTION_CLOSED @ https://via.placeholder.com/300x200?text=No+Image:0
[   71835ms] [ERROR] Failed to load resource: net::ERR_CONNECTION_CLOSED @ https://via.placeholder.com/300x200?text=No+Image:0
[   71926ms] [ERROR] Failed to load resource: net::ERR_CONNECTION_CLOSED @ https://via.placeholder.com/300x200?text=No+Image:0
[   72038ms] [ERROR] Failed to load resource: net::ERR_CONNECTION_CLOSED @ https://via.placeholder.com/300x200?text=No+Image:0
[   72129ms] [ERROR] Failed to load resource: net::ERR_CONNECTION_CLOSED @ https://via.placeholder.com/300x200?text=No+Image:0
[   72251ms] [ERROR] Failed to load resource: net::ERR_CONNECTION_CLOSED @ https://via.placeholder.com/300x200?text=No+Image:0
[   72341ms] [ERROR] Failed to load resource: net::ERR_CONNECTION_CLOSED @ https://via.placeholder.com/300x200?text=No+Image:0
[   72441ms] [ERROR] Failed to load resource: net::ERR_CONNECTION_CLOSED @ https://via.placeholder.com/300x200?text=No+Image:0
[   72536ms] [ERROR] Failed to load resource: net::ERR_CONNECTION_CLOSED @ https://via.placeholder.com/300x200?text=No+Image:0
[   72628ms] [ERROR] Failed to load resource: net::ERR_CONNECTION_CLOSED @ https://via.placeholder.com/300x200?text=No+Image:0
[   72726ms] [ERROR] Failed to load resource: net::ERR_CONNECTION_CLOSED @ https://via.placeholder.com/300x200?text=No+Image:0
[   72843ms] [ERROR] Failed to load resource: net::ERR_CONNECTION_CLOSED @ https://via.placeholder.com/300x200?text=No+Image:0
[   72933ms] [ERROR] Failed to load resource: net::ERR_CONNECTION_CLOSED @ https://via.placeholder.com/300x200?text=No+Image:0
[   73030ms] [ERROR] Failed to load resource: net::ERR_CONNECTION_CLOSED @ https://via.placeholder.com/300x200?text=No+Image:0
[   73126ms] [ERROR] Failed to load resource: net::ERR_CONNECTION_CLOSED @ https://via.placeholder.com/300x200?text=No+Image:0
[   73223ms] [ERROR] Failed to load resource: net::ERR_CONNECTION_CLOSED @ https://via.placeholder.com/300x200?text=No+Image:0
[   73309ms] [ERROR] Failed to load resource: net::ERR_CONNECTION_CLOSED @ https://via.placeholder.com/300x200?text=No+Image:0
[   73398ms] [ERROR] Failed to load resource: net::ERR_CONNECTION_CLOSED @ https://via.placeholder.com/300x200?text=No+Image:0
[   73500ms] [ERROR] Failed to load resource: net::ERR_CONNECTION_CLOSED @ https://via.placeholder.com/300x200?text=No+Image:0
[   73591ms] [ERROR] Failed to load resource: net::ERR_CONNECTION_CLOSED @ https://via.placeholder.com/300x200?text=No+Image:0
[   73690ms] [ERROR] Failed to load resource: net::ERR_CONNECTION_CLOSED @ https://via.placeholder.com/300x200?text=No+Image:0
[   73786ms] [ERROR] Failed to load resource: net::ERR_CONNECTION_CLOSED @ https://via.placeholder.com/300x200?text=No+Image:0
[   73878ms] [ERROR] Failed to load resource: net::ERR_CONNECTION_CLOSED @ https://via.placeholder.com/300x200?text=No+Image:0
[   73968ms] [ERROR] Failed to load resource: net::ERR_CONNECTION_CLOSED @ https://via.placeholder.com/300x200?text=No+Image:0
[   74064ms] [ERROR] Failed to load resource: net::ERR_CONNECTION_CLOSED @ https://via.placeholder.com/300x200?text=No+Image:0
[   74163ms] [ERROR] Failed to load resource: net::ERR_CONNECTION_CLOSED @ https://via.placeholder.com/300x200?text=No+Image:0
[   74254ms] [ERROR] Failed to load resource: net::ERR_CONNECTION_CLOSED @ https://via.placeholder.com/300x200?text=No+Image:0
[   74344ms] [ERROR] Failed to load resource: net::ERR_CONNECTION_CLOSED @ https://via.placeholder.com/300x200?text=No+Image:0
[   74443ms] [ERROR] Failed to load resource: net::ERR_CONNECTION_CLOSED @ https://via.placeholder.com/300x200?text=No+Image:0
[   74543ms] [ERROR] Failed to load resource: net::ERR_CONNECTION_CLOSED @ https://via.placeholder.com/300x200?text=No+Image:0
[   74630ms] [ERROR] Failed to load resource: net::ERR_CONNECTION_CLOSED @ https://via.placeholder.com/300x200?text=No+Image:0
[   74725ms] [ERROR] Failed to load resource: net::ERR_CONNECTION_CLOSED @ https://via.placeholder.com/300x200?text=No+Image:0
[   74819ms] [ERROR] Failed to load resource: net::ERR_CONNECTION_CLOSED @ https://via.placeholder.com/300x200?text=No+Image:0
[   74912ms] [ERROR] Failed to load resource: net::ERR_CONNECTION_CLOSED @ https://via.placeholder.com/300x200?text=No+Image:0
[   75002ms] [ERROR] Failed to load resource: net::ERR_CONNECTION_CLOSED @ https://via.placeholder.com/300x200?text=No+Image:0
[   75093ms] [ERROR] Failed to load resource: net::ERR_CONNECTION_CLOSED @ https://via.placeholder.com/300x200?text=No+Image:0
[   75186ms] [ERROR] Failed to load resource: net::ERR_CONNECTION_CLOSED @ https://via.placeholder.com/300x200?text=No+Image:0
[   75284ms] [ERROR] Failed to load resource: net::ERR_CONNECTION_CLOSED @ https://via.placeholder.com/300x200?text=No+Image:0
[   75377ms] [ERROR] Failed to load resource: net::ERR_CONNECTION_CLOSED @ https://via.placeholder.com/300x200?text=No+Image:0
[   75469ms] [ERROR] Failed to load resource: net::ERR_CONNECTION_CLOSED @ https://via.placeholder.com/300x200?text=No+Image:0
[   75561ms] [ERROR] Failed to load resource: net::ERR_CONNECTION_CLOSED @ https://via.placeholder.com/300x200?text=No+Image:0
[   75661ms] [ERROR] Failed to load resource: net::ERR_CONNECTION_CLOSED @ https://via.placeholder.com/300x200?text=No+Image:0
[   75753ms] [ERROR] Failed to load resource: net::ERR_CONNECTION_CLOSED @ https://via.placeholder.com/300x200?text=No+Image:0
[   75844ms] [ERROR] Failed to load resource: net::ERR_CONNECTION_CLOSED @ https://via.placeholder.com/300x200?text=No+Image:0
[   75937ms] [ERROR] Failed to load resource: net::ERR_CONNECTION_CLOSED @ https://via.placeholder.com/300x200?text=No+Image:0
[   76032ms] [ERROR] Failed to load resource: net::ERR_CONNECTION_CLOSED @ https://via.placeholder.com/300x200?text=No+Image:0
[   76124ms] [ERROR] Failed to load resource: net::ERR_CONNECTION_CLOSED @ https://via.placeholder.com/300x200?text=No+Image:0
[   76225ms] [ERROR] Failed to load resource: net::ERR_CONNECTION_CLOSED @ https://via.placeholder.com/300x200?text=No+Image:0
[   76317ms] [ERROR] Failed to load resource: net::ERR_CONNECTION_CLOSED @ https://via.placeholder.com/300x200?text=No+Image:0
[   76407ms] [ERROR] Failed to load resource: net::ERR_CONNECTION_CLOSED @ https://via.placeholder.com/300x200?text=No+Image:0
[   76498ms] [ERROR] Failed to load resource: net::ERR_CONNECTION_CLOSED @ https://via.placeholder.com/300x200?text=No+Image:0
[   76602ms] [ERROR] Failed to load resource: net::ERR_CONNECTION_CLOSED @ https://via.placeholder.com/300x200?text=No+Image:0
[   76701ms] [ERROR] Failed to load resource: net::ERR_CONNECTION_CLOSED @ https://via.placeholder.com/300x200?text=No+Image:0
[   76794ms] [ERROR] Failed to load resource: net::ERR_CONNECTION_CLOSED @ https://via.placeholder.com/300x200?text=No+Image:0
[   76895ms] [ERROR] Failed to load resource: net::ERR_CONNECTION_CLOSED @ https://via.placeholder.com/300x200?text=No+Image:0
[   77009ms] [ERROR] Failed to load resource: net::ERR_CONNECTION_CLOSED @ https://via.placeholder.com/300x200?text=No+Image:0
[   77102ms] [ERROR] Failed to load resource: net::ERR_CONNECTION_CLOSED @ https://via.placeholder.com/300x200?text=No+Image:0
[   77194ms] [ERROR] Failed to load resource: net::ERR_CONNECTION_CLOSED @ https://via.placeholder.com/300x200?text=No+Image:0
[   77287ms] [ERROR] Failed to load resource: net::ERR_CONNECTION_CLOSED @ https://via.placeholder.com/300x200?text=No+Image:0
[   77378ms] [ERROR] Failed to load resource: net::ERR_CONNECTION_CLOSED @ https://via.placeholder.com/300x200?text=No+Image:0
[   77472ms] [ERROR] Failed to load resource: net::ERR_CONNECTION_CLOSED @ https://via.placeholder.com/300x200?text=No+Image:0
[   77563ms] [ERROR] Failed to load resource: net::ERR_CONNECTION_CLOSED @ https://via.placeholder.com/300x200?text=No+Image:0
[   77661ms] [ERROR] Failed to load resource: net::ERR_CONNECTION_CLOSED @ https://via.placeholder.com/300x200?text=No+Image:0
[   77757ms] [ERROR] Failed to load resource: net::ERR_CONNECTION_CLOSED @ https://via.placeholder.com/300x200?text=No+Image:0
[   77849ms] [ERROR] Failed to load resource: net::ERR_CONNECTION_CLOSED @ https://via.placeholder.com/300x200?text=No+Image:0
[   77942ms] [ERROR] Failed to load resource: net::ERR_CONNECTION_CLOSED @ https://via.placeholder.com/300x200?text=No+Image:0
[   78038ms] [ERROR] Failed to load resource: net::ERR_CONNECTION_CLOSED @ https://via.placeholder.com/300x200?text=No+Image:0
[   78135ms] [ERROR] Failed to load resource: net::ERR_CONNECTION_CLOSED @ https://via.placeholder.com/300x200?text=No+Image:0
[   78229ms] [ERROR] Failed to load resource: net::ERR_CONNECTION_CLOSED @ https://via.placeholder.com/300x200?text=No+Image:0
[   78320ms] [ERROR] Failed to load resource: net::ERR_CONNECTION_CLOSED @ https://via.placeholder.com/300x200?text=No+Image:0
[   78413ms] [ERROR] Failed to load resource: net::ERR_CONNECTION_CLOSED @ https://via.placeholder.com/300x200?text=No+Image:0
[   78506ms] [ERROR] Failed to load resource: net::ERR_CONNECTION_CLOSED @ https://via.placeholder.com/300x200?text=No+Image:0
[   78603ms] [ERROR] Failed to load resource: net::ERR_CONNECTION_CLOSED @ https://via.placeholder.com/300x200?text=No+Image:0
[   78693ms] [ERROR] Failed to load resource: net::ERR_CONNECTION_CLOSED @ https://via.placeholder.com/300x200?text=No+Image:0
[   78784ms] [ERROR] Failed to load resource: net::ERR_CONNECTION_CLOSED @ https://via.placeholder.com/300x200?text=No+Image:0
[   78884ms] [ERROR] Failed to load resource: net::ERR_CONNECTION_CLOSED @ https://via.placeholder.com/300x200?text=No+Image:0
[   78976ms] [ERROR] Failed to load resource: net::ERR_CONNECTION_CLOSED @ https://via.placeholder.com/300x200?text=No+Image:0
[   79075ms] [ERROR] Failed to load resource: net::ERR_CONNECTION_CLOSED @ https://via.placeholder.com/300x200?text=No+Image:0
[   79171ms] [ERROR] Failed to load resource: net::ERR_CONNECTION_CLOSED @ https://via.placeholder.com/300x200?text=No+Image:0
[   79265ms] [ERROR] Failed to load resource: net::ERR_CONNECTION_CLOSED @ https://via.placeholder.com/300x200?text=No+Image:0
[   79379ms] [ERROR] Failed to load resource: net::ERR_CONNECTION_CLOSED @ https://via.placeholder.com/300x200?text=No+Image:0
[   79478ms] [ERROR] Failed to load resource: net::ERR_CONNECTION_CLOSED @ https://via.placeholder.com/300x200?text=No+Image:0
[   79570ms] [ERROR] Failed to load resource: net::ERR_CONNECTION_CLOSED @ https://via.placeholder.com/300x200?text=No+Image:0
[   79665ms] [ERROR] Failed to load resource: net::ERR_CONNECTION_CLOSED @ https://via.placeholder.com/300x200?text=No+Image:0
[   79767ms] [ERROR] Failed to load resource: net::ERR_CONNECTION_CLOSED @ https://via.placeholder.com/300x200?text=No+Image:0
[   79866ms] [ERROR] Failed to load resource: net::ERR_CONNECTION_CLOSED @ https://via.placeholder.com/300x200?text=No+Image:0
[   79964ms] [ERROR] Failed to load resource: net::ERR_CONNECTION_CLOSED @ https://via.placeholder.com/300x200?text=No+Image:0
[   80067ms] [ERROR] Failed to load resource: net::ERR_CONNECTION_CLOSED @ https://via.placeholder.com/300x200?text=No+Image:0
[   80166ms] [ERROR] Failed to load resource: net::ERR_CONNECTION_CLOSED @ https://via.placeholder.com/300x200?text=No+Image:0
[   80253ms] [ERROR] Failed to load resource: net::ERR_CONNECTION_CLOSED @ https://via.placeholder.com/300x200?text=No+Image:0
[   80350ms] [ERROR] Failed to load resource: net::ERR_CONNECTION_CLOSED @ https://via.placeholder.com/300x200?text=No+Image:0
[   80444ms] [ERROR] Failed to load resource: net::ERR_CONNECTION_CLOSED @ https://via.placeholder.com/300x200?text=No+Image:0
[   80535ms] [ERROR] Failed to load resource: net::ERR_CONNECTION_CLOSED @ https://via.placeholder.com/300x200?text=No+Image:0
[   80630ms] [ERROR] Failed to load resource: net::ERR_CONNECTION_CLOSED @ https://via.placeholder.com/300x200?text=No+Image:0
[   80726ms] [ERROR] Failed to load resource: net::ERR_CONNECTION_CLOSED @ https://via.placeholder.com/300x200?text=No+Image:0
[   80818ms] [ERROR] Failed to load resource: net::ERR_CONNECTION_CLOSED @ https://via.placeholder.com/300x200?text=No+Image:0
[   80911ms] [ERROR] Failed to load resource: net::ERR_CONNECTION_CLOSED @ https://via.placeholder.com/300x200?text=No+Image:0
[   81013ms] [ERROR] Failed to load resource: net::ERR_CONNECTION_CLOSED @ https://via.placeholder.com/300x200?text=No+Image:0
[   81106ms] [ERROR] Failed to load resource: net::ERR_CONNECTION_CLOSED @ https://via.placeholder.com/300x200?text=No+Image:0
[   81202ms] [ERROR] Failed to load resource: net::ERR_CONNECTION_CLOSED @ https://via.placeholder.com/300x200?text=No+Image:0
[   81295ms] [ERROR] Failed to load resource: net::ERR_CONNECTION_CLOSED @ https://via.placeholder.com/300x200?text=No+Image:0
[   81394ms] [ERROR] Failed to load resource: net::ERR_CONNECTION_CLOSED @ https://via.placeholder.com/300x200?text=No+Image:0
[   81482ms] [ERROR] Failed to load resource: net::ERR_CONNECTION_CLOSED @ https://via.placeholder.com/300x200?text=No+Image:0
[   81579ms] [ERROR] Failed to load resource: net::ERR_CONNECTION_CLOSED @ https://via.placeholder.com/300x200?text=No+Image:0
[   81671ms] [ERROR] Failed to load resource: net::ERR_CONNECTION_CLOSED @ https://via.placeholder.com/300x200?text=No+Image:0
[   81771ms] [ERROR] Failed to load resource: net::ERR_CONNECTION_CLOSED @ https://via.placeholder.com/300x200?text=No+Image:0
[   81865ms] [ERROR] Failed to load resource: net::ERR_CONNECTION_CLOSED @ https://via.placeholder.com/300x200?text=No+Image:0
[   81959ms] [ERROR] Failed to load resource: net::ERR_CONNECTION_CLOSED @ https://via.placeholder.com/300x200?text=No+Image:0
[   82050ms] [ERROR] Failed to load resource: net::ERR_CONNECTION_CLOSED @ https://via.placeholder.com/300x200?text=No+Image:0
[   82143ms] [ERROR] Failed to load resource: net::ERR_CONNECTION_CLOSED @ https://via.placeholder.com/300x200?text=No+Image:0
[   82239ms] [ERROR] Failed to load resource: net::ERR_CONNECTION_CLOSED @ https://via.placeholder.com/300x200?text=No+Image:0
[   82328ms] [ERROR] Failed to load resource: net::ERR_CONNECTION_CLOSED @ https://via.placeholder.com/300x200?text=No+Image:0
[   82423ms] [ERROR] Failed to load resource: net::ERR_CONNECTION_CLOSED @ https://via.placeholder.com/300x200?text=No+Image:0
[   82517ms] [ERROR] Failed to load resource: net::ERR_CONNECTION_CLOSED @ https://via.placeholder.com/300x200?text=No+Image:0
[   82610ms] [ERROR] Failed to load resource: net::ERR_CONNECTION_CLOSED @ https://via.placeholder.com/300x200?text=No+Image:0
[   82708ms] [ERROR] Failed to load resource: net::ERR_CONNECTION_CLOSED @ https://via.placeholder.com/300x200?text=No+Image:0
[   82802ms] [ERROR] Failed to load resource: net::ERR_CONNECTION_CLOSED @ https://via.placeholder.com/300x200?text=No+Image:0
[   82895ms] [ERROR] Failed to load resource: net::ERR_CONNECTION_CLOSED @ https://via.placeholder.com/300x200?text=No+Image:0
[   82986ms] [ERROR] Failed to load resource: net::ERR_CONNECTION_CLOSED @ https://via.placeholder.com/300x200?text=No+Image:0
[   83079ms] [ERROR] Failed to load resource: net::ERR_CONNECTION_CLOSED @ https://via.placeholder.com/300x200?text=No+Image:0
[   83177ms] [ERROR] Failed to load resource: net::ERR_CONNECTION_CLOSED @ https://via.placeholder.com/300x200?text=No+Image:0
[   83272ms] [ERROR] Failed to load resource: net::ERR_CONNECTION_CLOSED @ https://via.placeholder.com/300x200?text=No+Image:0
[   83361ms] [ERROR] Failed to load resource: net::ERR_CONNECTION_CLOSED @ https://via.placeholder.com/300x200?text=No+Image:0
[   83454ms] [ERROR] Failed to load resource: net::ERR_CONNECTION_CLOSED @ https://via.placeholder.com/300x200?text=No+Image:0
[   83543ms] [ERROR] Failed to load resource: net::ERR_CONNECTION_CLOSED @ https://via.placeholder.com/300x200?text=No+Image:0
[   83637ms] [ERROR] Failed to load resource: net::ERR_CONNECTION_CLOSED @ https://via.placeholder.com/300x200?text=No+Image:0
[   83749ms] [ERROR] Failed to load resource: net::ERR_CONNECTION_CLOSED @ https://via.placeholder.com/300x200?text=No+Image:0
[   83846ms] [ERROR] Failed to load resource: net::ERR_CONNECTION_CLOSED @ https://via.placeholder.com/300x200?text=No+Image:0
[   83941ms] [ERROR] Failed to load resource: net::ERR_CONNECTION_CLOSED @ https://via.placeholder.com/300x200?text=No+Image:0
[   84040ms] [ERROR] Failed to load resource: net::ERR_CONNECTION_CLOSED @ https://via.placeholder.com/300x200?text=No+Image:0
[   84134ms] [ERROR] Failed to load resource: net::ERR_CONNECTION_CLOSED @ https://via.placeholder.com/300x200?text=No+Image:0
[   84236ms] [ERROR] Failed to load resource: net::ERR_CONNECTION_CLOSED @ https://via.placeholder.com/300x200?text=No+Image:0
[   84332ms] [ERROR] Failed to load resource: net::ERR_CONNECTION_CLOSED @ https://via.placeholder.com/300x200?text=No+Image:0
[   84425ms] [ERROR] Failed to load resource: net::ERR_CONNECTION_CLOSED @ https://via.placeholder.com/300x200?text=No+Image:0
[   84519ms] [ERROR] Failed to load resource: net::ERR_CONNECTION_CLOSED @ https://via.placeholder.com/300x200?text=No+Image:0
[   84620ms] [ERROR] Failed to load resource: net::ERR_CONNECTION_CLOSED @ https://via.placeholder.com/300x200?text=No+Image:0
[   84731ms] [ERROR] Failed to load resource: net::ERR_CONNECTION_CLOSED @ https://via.placeholder.com/300x200?text=No+Image:0
[   84822ms] [ERROR] Failed to load resource: net::ERR_CONNECTION_CLOSED @ https://via.placeholder.com/300x200?text=No+Image:0
[   84919ms] [ERROR] Failed to load resource: net::ERR_CONNECTION_CLOSED @ https://via.placeholder.com/300x200?text=No+Image:0
[   85009ms] [ERROR] Failed to load resource: net::ERR_CONNECTION_CLOSED @ https://via.placeholder.com/300x200?text=No+Image:0
[   85112ms] [ERROR] Failed to load resource: net::ERR_CONNECTION_CLOSED @ https://via.placeholder.com/300x200?text=No+Image:0
[   85204ms] [ERROR] Failed to load resource: net::ERR_CONNECTION_CLOSED @ https://via.placeholder.com/300x200?text=No+Image:0
[   85299ms] [ERROR] Failed to load resource: net::ERR_CONNECTION_CLOSED @ https://via.placeholder.com/300x200?text=No+Image:0
[   85391ms] [ERROR] Failed to load resource: net::ERR_CONNECTION_CLOSED @ https://via.placeholder.com/300x200?text=No+Image:0
[   85484ms] [ERROR] Failed to load resource: net::ERR_CONNECTION_CLOSED @ https://via.placeholder.com/300x200?text=No+Image:0
[   85573ms] [ERROR] Failed to load resource: net::ERR_CONNECTION_CLOSED @ https://via.placeholder.com/300x200?text=No+Image:0
[   85663ms] [ERROR] Failed to load resource: net::ERR_CONNECTION_CLOSED @ https://via.placeholder.com/300x200?text=No+Image:0
[   85763ms] [ERROR] Failed to load resource: net::ERR_CONNECTION_CLOSED @ https://via.placeholder.com/300x200?text=No+Image:0
[   85858ms] [ERROR] Failed to load resource: net::ERR_CONNECTION_CLOSED @ https://via.placeholder.com/300x200?text=No+Image:0
[   85959ms] [ERROR] Failed to load resource: net::ERR_CONNECTION_CLOSED @ https://via.placeholder.com/300x200?text=No+Image:0
[   86054ms] [ERROR] Failed to load resource: net::ERR_CONNECTION_CLOSED @ https://via.placeholder.com/300x200?text=No+Image:0
[   86147ms] [ERROR] Failed to load resource: net::ERR_CONNECTION_CLOSED @ https://via.placeholder.com/300x200?text=No+Image:0
[   86242ms] [ERROR] Failed to load resource: net::ERR_CONNECTION_CLOSED @ https://via.placeholder.com/300x200?text=No+Image:0
[   86349ms] [ERROR] Failed to load resource: net::ERR_CONNECTION_CLOSED @ https://via.placeholder.com/300x200?text=No+Image:0
[   86444ms] [ERROR] Failed to load resource: net::ERR_CONNECTION_CLOSED @ https://via.placeholder.com/300x200?text=No+Image:0
[   86533ms] [ERROR] Failed to load resource: net::ERR_CONNECTION_CLOSED @ https://via.placeholder.com/300x200?text=No+Image:0
[   86625ms] [ERROR] Failed to load resource: net::ERR_CONNECTION_CLOSED @ https://via.placeholder.com/300x200?text=No+Image:0
[   86725ms] [ERROR] Failed to load resource: net::ERR_CONNECTION_CLOSED @ https://via.placeholder.com/300x200?text=No+Image:0
[   86823ms] [ERROR] Failed to load resource: net::ERR_CONNECTION_CLOSED @ https://via.placeholder.com/300x200?text=No+Image:0
[   86922ms] [ERROR] Failed to load resource: net::ERR_CONNECTION_CLOSED @ https://via.placeholder.com/300x200?text=No+Image:0
[   87009ms] [ERROR] Failed to load resource: net::ERR_CONNECTION_CLOSED @ https://via.placeholder.com/300x200?text=No+Image:0
[   87103ms] [ERROR] Failed to load resource: net::ERR_CONNECTION_CLOSED @ https://via.placeholder.com/300x200?text=No+Image:0
[   87197ms] [ERROR] Failed to load resource: net::ERR_CONNECTION_CLOSED @ https://via.placeholder.com/300x200?text=No+Image:0
[   87292ms] [ERROR] Failed to load resource: net::ERR_CONNECTION_CLOSED @ https://via.placeholder.com/300x200?text=No+Image:0
[   87384ms] [ERROR] Failed to load resource: net::ERR_CONNECTION_CLOSED @ https://via.placeholder.com/300x200?text=No+Image:0
[   87476ms] [ERROR] Failed to load resource: net::ERR_CONNECTION_CLOSED @ https://via.placeholder.com/300x200?text=No+Image:0
[   87567ms] [ERROR] Failed to load resource: net::ERR_CONNECTION_CLOSED @ https://via.placeholder.com/300x200?text=No+Image:0
[   87661ms] [ERROR] Failed to load resource: net::ERR_CONNECTION_CLOSED @ https://via.placeholder.com/300x200?text=No+Image:0
[   87763ms] [ERROR] Failed to load resource: net::ERR_CONNECTION_CLOSED @ https://via.placeholder.com/300x200?text=No+Image:0
[   87853ms] [ERROR] Failed to load resource: net::ERR_CONNECTION_CLOSED @ https://via.placeholder.com/300x200?text=No+Image:0
[   87946ms] [ERROR] Failed to load resource: net::ERR_CONNECTION_CLOSED @ https://via.placeholder.com/300x200?text=No+Image:0
[   88036ms] [ERROR] Failed to load resource: net::ERR_CONNECTION_CLOSED @ https://via.placeholder.com/300x200?text=No+Image:0
[   88130ms] [ERROR] Failed to load resource: net::ERR_CONNECTION_CLOSED @ https://via.placeholder.com/300x200?text=No+Image:0
[   88219ms] [ERROR] Failed to load resource: net::ERR_CONNECTION_CLOSED @ https://via.placeholder.com/300x200?text=No+Image:0
[   88317ms] [ERROR] Failed to load resource: net::ERR_CONNECTION_CLOSED @ https://via.placeholder.com/300x200?text=No+Image:0
[   88415ms] [ERROR] Failed to load resource: net::ERR_CONNECTION_CLOSED @ https://via.placeholder.com/300x200?text=No+Image:0
[   88507ms] [ERROR] Failed to load resource: net::ERR_CONNECTION_CLOSED @ https://via.placeholder.com/300x200?text=No+Image:0
[   88598ms] [ERROR] Failed to load resource: net::ERR_CONNECTION_CLOSED @ https://via.placeholder.com/300x200?text=No+Image:0
[   88694ms] [ERROR] Failed to load resource: net::ERR_CONNECTION_CLOSED @ https://via.placeholder.com/300x200?text=No+Image:0
[   88789ms] [ERROR] Failed to load resource: net::ERR_CONNECTION_CLOSED @ https://via.placeholder.com/300x200?text=No+Image:0
[   88879ms] [ERROR] Failed to load resource: net::ERR_CONNECTION_CLOSED @ https://via.placeholder.com/300x200?text=No+Image:0
[   88984ms] [ERROR] Failed to load resource: net::ERR_CONNECTION_CLOSED @ https://via.placeholder.com/300x200?text=No+Image:0
[   89079ms] [ERROR] Failed to load resource: net::ERR_CONNECTION_CLOSED @ https://via.placeholder.com/300x200?text=No+Image:0
[   89177ms] [ERROR] Failed to load resource: net::ERR_CONNECTION_CLOSED @ https://via.placeholder.com/300x200?text=No+Image:0
[   89268ms] [ERROR] Failed to load resource: net::ERR_CONNECTION_CLOSED @ https://via.placeholder.com/300x200?text=No+Image:0
[   89360ms] [ERROR] Failed to load resource: net::ERR_CONNECTION_CLOSED @ https://via.placeholder.com/300x200?text=No+Image:0
[   89456ms] [ERROR] Failed to load resource: net::ERR_CONNECTION_CLOSED @ https://via.placeholder.com/300x200?text=No+Image:0
[   89553ms] [ERROR] Failed to load resource: net::ERR_CONNECTION_CLOSED @ https://via.placeholder.com/300x200?text=No+Image:0
[   89644ms] [ERROR] Failed to load resource: net::ERR_CONNECTION_CLOSED @ https://via.placeholder.com/300x200?text=No+Image:0
[   89741ms] [ERROR] Failed to load resource: net::ERR_CONNECTION_CLOSED @ https://via.placeholder.com/300x200?text=No+Image:0
[   89838ms] [ERROR] Failed to load resource: net::ERR_CONNECTION_CLOSED @ https://via.placeholder.com/300x200?text=No+Image:0
[   89929ms] [ERROR] Failed to load resource: net::ERR_CONNECTION_CLOSED @ https://via.placeholder.com/300x200?text=No+Image:0
[   90019ms] [ERROR] Failed to load resource: net::ERR_CONNECTION_CLOSED @ https://via.placeholder.com/300x200?text=No+Image:0
[   90114ms] [ERROR] Failed to load resource: net::ERR_CONNECTION_CLOSED @ https://via.placeholder.com/300x200?text=No+Image:0
[   90208ms] [ERROR] Failed to load resource: net::ERR_CONNECTION_CLOSED @ https://via.placeholder.com/300x200?text=No+Image:0
[   90300ms] [ERROR] Failed to load resource: net::ERR_CONNECTION_CLOSED @ https://via.placeholder.com/300x200?text=No+Image:0
[   90399ms] [ERROR] Failed to load resource: net::ERR_CONNECTION_CLOSED @ https://via.placeholder.com/300x200?text=No+Image:0
[   90499ms] [ERROR] Failed to load resource: net::ERR_CONNECTION_CLOSED @ https://via.placeholder.com/300x200?text=No+Image:0
[   90589ms] [ERROR] Failed to load resource: net::ERR_CONNECTION_CLOSED @ https://via.placeholder.com/300x200?text=No+Image:0
[   90681ms] [ERROR] Failed to load resource: net::ERR_CONNECTION_CLOSED @ https://via.placeholder.com/300x200?text=No+Image:0
[   90779ms] [ERROR] Failed to load resource: net::ERR_CONNECTION_CLOSED @ https://via.placeholder.com/300x200?text=No+Image:0
[   90871ms] [ERROR] Failed to load resource: net::ERR_CONNECTION_CLOSED @ https://via.placeholder.com/300x200?text=No+Image:0
[   90970ms] [ERROR] Failed to load resource: net::ERR_CONNECTION_CLOSED @ https://via.placeholder.com/300x200?text=No+Image:0
[   91064ms] [ERROR] Failed to load resource: net::ERR_CONNECTION_CLOSED @ https://via.placeholder.com/300x200?text=No+Image:0
[   91158ms] [ERROR] Failed to load resource: net::ERR_CONNECTION_CLOSED @ https://via.placeholder.com/300x200?text=No+Image:0
[   91252ms] [ERROR] Failed to load resource: net::ERR_CONNECTION_CLOSED @ https://via.placeholder.com/300x200?text=No+Image:0
[   91341ms] [ERROR] Failed to load resource: net::ERR_CONNECTION_CLOSED @ https://via.placeholder.com/300x200?text=No+Image:0
[   91435ms] [ERROR] Failed to load resource: net::ERR_CONNECTION_CLOSED @ https://via.placeholder.com/300x200?text=No+Image:0
[   91529ms] [ERROR] Failed to load resource: net::ERR_CONNECTION_CLOSED @ https://via.placeholder.com/300x200?text=No+Image:0
[   91626ms] [ERROR] Failed to load resource: net::ERR_CONNECTION_CLOSED @ https://via.placeholder.com/300x200?text=No+Image:0
[   91725ms] [ERROR] Failed to load resource: net::ERR_CONNECTION_CLOSED @ https://via.placeholder.com/300x200?text=No+Image:0
[   91817ms] [ERROR] Failed to load resource: net::ERR_CONNECTION_CLOSED @ https://via.placeholder.com/300x200?text=No+Image:0
[   91913ms] [ERROR] Failed to load resource: net::ERR_CONNECTION_CLOSED @ https://via.placeholder.com/300x200?text=No+Image:0
[   92009ms] [ERROR] Failed to load resource: net::ERR_CONNECTION_CLOSED @ https://via.placeholder.com/300x200?text=No+Image:0
[   92105ms] [ERROR] Failed to load resource: net::ERR_CONNECTION_CLOSED @ https://via.placeholder.com/300x200?text=No+Image:0
[   92199ms] [ERROR] Failed to load resource: net::ERR_CONNECTION_CLOSED @ https://via.placeholder.com/300x200?text=No+Image:0
[   92290ms] [ERROR] Failed to load resource: net::ERR_CONNECTION_CLOSED @ https://via.placeholder.com/300x200?text=No+Image:0
[   92385ms] [ERROR] Failed to load resource: net::ERR_CONNECTION_CLOSED @ https://via.placeholder.com/300x200?text=No+Image:0
[   92476ms] [ERROR] Failed to load resource: net::ERR_CONNECTION_CLOSED @ https://via.placeholder.com/300x200?text=No+Image:0
[   92570ms] [ERROR] Failed to load resource: net::ERR_CONNECTION_CLOSED @ https://via.placeholder.com/300x200?text=No+Image:0
[   92668ms] [ERROR] Failed to load resource: net::ERR_CONNECTION_CLOSED @ https://via.placeholder.com/300x200?text=No+Image:0
[   92766ms] [ERROR] Failed to load resource: net::ERR_CONNECTION_CLOSED @ https://via.placeholder.com/300x200?text=No+Image:0
[   92862ms] [ERROR] Failed to load resource: net::ERR_CONNECTION_CLOSED @ https://via.placeholder.com/300x200?text=No+Image:0
[   92954ms] [ERROR] Failed to load resource: net::ERR_CONNECTION_CLOSED @ https://via.placeholder.com/300x200?text=No+Image:0
[   93051ms] [ERROR] Failed to load resource: net::ERR_CONNECTION_CLOSED @ https://via.placeholder.com/300x200?text=No+Image:0
[   93145ms] [ERROR] Failed to load resource: net::ERR_CONNECTION_CLOSED @ https://via.placeholder.com/300x200?text=No+Image:0
[   93235ms] [ERROR] Failed to load resource: net::ERR_CONNECTION_CLOSED @ https://via.placeholder.com/300x200?text=No+Image:0
[   93330ms] [ERROR] Failed to load resource: net::ERR_CONNECTION_CLOSED @ https://via.placeholder.com/300x200?text=No+Image:0
[   93421ms] [ERROR] Failed to load resource: net::ERR_CONNECTION_CLOSED @ https://via.placeholder.com/300x200?text=No+Image:0
[   93513ms] [ERROR] Failed to load resource: net::ERR_CONNECTION_CLOSED @ https://via.placeholder.com/300x200?text=No+Image:0
[   93608ms] [ERROR] Failed to load resource: net::ERR_CONNECTION_CLOSED @ https://via.placeholder.com/300x200?text=No+Image:0
[   93703ms] [ERROR] Failed to load resource: net::ERR_CONNECTION_CLOSED @ https://via.placeholder.com/300x200?text=No+Image:0
[   93795ms] [ERROR] Failed to load resource: net::ERR_CONNECTION_CLOSED @ https://via.placeholder.com/300x200?text=No+Image:0
[   93886ms] [ERROR] Failed to load resource: net::ERR_CONNECTION_CLOSED @ https://via.placeholder.com/300x200?text=No+Image:0
[   93980ms] [ERROR] Failed to load resource: net::ERR_CONNECTION_CLOSED @ https://via.placeholder.com/300x200?text=No+Image:0
[   94071ms] [ERROR] Failed to load resource: net::ERR_CONNECTION_CLOSED @ https://via.placeholder.com/300x200?text=No+Image:0
[   94166ms] [ERROR] Failed to load resource: net::ERR_CONNECTION_CLOSED @ https://via.placeholder.com/300x200?text=No+Image:0
[   94258ms] [ERROR] Failed to load resource: net::ERR_CONNECTION_CLOSED @ https://via.placeholder.com/300x200?text=No+Image:0
[   94349ms] [ERROR] Failed to load resource: net::ERR_CONNECTION_CLOSED @ https://via.placeholder.com/300x200?text=No+Image:0
[   94442ms] [ERROR] Failed to load resource: net::ERR_CONNECTION_CLOSED @ https://via.placeholder.com/300x200?text=No+Image:0
[   94541ms] [ERROR] Failed to load resource: net::ERR_CONNECTION_CLOSED @ https://via.placeholder.com/300x200?text=No+Image:0
[   94645ms] [ERROR] Failed to load resource: net::ERR_CONNECTION_CLOSED @ https://via.placeholder.com/300x200?text=No+Image:0
[   94739ms] [ERROR] Failed to load resource: net::ERR_CONNECTION_CLOSED @ https://via.placeholder.com/300x200?text=No+Image:0
[   94837ms] [ERROR] Failed to load resource: net::ERR_CONNECTION_CLOSED @ https://via.placeholder.com/300x200?text=No+Image:0
[   94931ms] [ERROR] Failed to load resource: net::ERR_CONNECTION_CLOSED @ https://via.placeholder.com/300x200?text=No+Image:0
[   95021ms] [ERROR] Failed to load resource: net::ERR_CONNECTION_CLOSED @ https://via.placeholder.com/300x200?text=No+Image:0
[   95111ms] [ERROR] Failed to load resource: net::ERR_CONNECTION_CLOSED @ https://via.placeholder.com/300x200?text=No+Image:0
[   95204ms] [ERROR] Failed to load resource: net::ERR_CONNECTION_CLOSED @ https://via.placeholder.com/300x200?text=No+Image:0
[   95298ms] [ERROR] Failed to load resource: net::ERR_CONNECTION_CLOSED @ https://via.placeholder.com/300x200?text=No+Image:0
[   95400ms] [ERROR] Failed to load resource: net::ERR_CONNECTION_CLOSED @ https://via.placeholder.com/300x200?text=No+Image:0
[   95490ms] [ERROR] Failed to load resource: net::ERR_CONNECTION_CLOSED @ https://via.placeholder.com/300x200?text=No+Image:0
[   95588ms] [ERROR] Failed to load resource: net::ERR_CONNECTION_CLOSED @ https://via.placeholder.com/300x200?text=No+Image:0
[   95680ms] [ERROR] Failed to load resource: net::ERR_CONNECTION_CLOSED @ https://via.placeholder.com/300x200?text=No+Image:0
[   95772ms] [ERROR] Failed to load resource: net::ERR_CONNECTION_CLOSED @ https://via.placeholder.com/300x200?text=No+Image:0
[   95867ms] [ERROR] Failed to load resource: net::ERR_CONNECTION_CLOSED @ https://via.placeholder.com/300x200?text=No+Image:0
[   95959ms] [ERROR] Failed to load resource: net::ERR_CONNECTION_CLOSED @ https://via.placeholder.com/300x200?text=No+Image:0
[   96053ms] [ERROR] Failed to load resource: net::ERR_CONNECTION_CLOSED @ https://via.placeholder.com/300x200?text=No+Image:0
[   96147ms] [ERROR] Failed to load resource: net::ERR_CONNECTION_CLOSED @ https://via.placeholder.com/300x200?text=No+Image:0
[   96242ms] [ERROR] Failed to load resource: net::ERR_CONNECTION_CLOSED @ https://via.placeholder.com/300x200?text=No+Image:0
[   96330ms] [ERROR] Failed to load resource: net::ERR_CONNECTION_CLOSED @ https://via.placeholder.com/300x200?text=No+Image:0
[   96427ms] [ERROR] Failed to load resource: net::ERR_CONNECTION_CLOSED @ https://via.placeholder.com/300x200?text=No+Image:0
[   96518ms] [ERROR] Failed to load resource: net::ERR_CONNECTION_CLOSED @ https://via.placeholder.com/300x200?text=No+Image:0
[   96610ms] [ERROR] Failed to load resource: net::ERR_CONNECTION_CLOSED @ https://via.placeholder.com/300x200?text=No+Image:0
[   96708ms] [ERROR] Failed to load resource: net::ERR_CONNECTION_CLOSED @ https://via.placeholder.com/300x200?text=No+Image:0
[   96802ms] [ERROR] Failed to load resource: net::ERR_CONNECTION_CLOSED @ https://via.placeholder.com/300x200?text=No+Image:0
[   96900ms] [ERROR] Failed to load resource: net::ERR_CONNECTION_CLOSED @ https://via.placeholder.com/300x200?text=No+Image:0
[   96993ms] [ERROR] Failed to load resource: net::ERR_CONNECTION_CLOSED @ https://via.placeholder.com/300x200?text=No+Image:0
[   97086ms] [ERROR] Failed to load resource: net::ERR_CONNECTION_CLOSED @ https://via.placeholder.com/300x200?text=No+Image:0
[   97179ms] [ERROR] Failed to load resource: net::ERR_CONNECTION_CLOSED @ https://via.placeholder.com/300x200?text=No+Image:0
[   97271ms] [ERROR] Failed to load resource: net::ERR_CONNECTION_CLOSED @ https://via.placeholder.com/300x200?text=No+Image:0
[   97365ms] [ERROR] Failed to load resource: net::ERR_CONNECTION_CLOSED @ https://via.placeholder.com/300x200?text=No+Image:0
[   97459ms] [ERROR] Failed to load resource: net::ERR_CONNECTION_CLOSED @ https://via.placeholder.com/300x200?text=No+Image:0
[   97553ms] [ERROR] Failed to load resource: net::ERR_CONNECTION_CLOSED @ https://via.placeholder.com/300x200?text=No+Image:0
[   97653ms] [ERROR] Failed to load resource: net::ERR_CONNECTION_CLOSED @ https://via.placeholder.com/300x200?text=No+Image:0
[   97748ms] [ERROR] Failed to load resource: net::ERR_CONNECTION_CLOSED @ https://via.placeholder.com/300x200?text=No+Image:0
[   97851ms] [ERROR] Failed to load resource: net::ERR_CONNECTION_CLOSED @ https://via.placeholder.com/300x200?text=No+Image:0
[   97946ms] [ERROR] Failed to load resource: net::ERR_CONNECTION_CLOSED @ https://via.placeholder.com/300x200?text=No+Image:0
[   98038ms] [ERROR] Failed to load resource: net::ERR_CONNECTION_CLOSED @ https://via.placeholder.com/300x200?text=No+Image:0
[   98131ms] [ERROR] Failed to load resource: net::ERR_CONNECTION_CLOSED @ https://via.placeholder.com/300x200?text=No+Image:0
[   98226ms] [ERROR] Failed to load resource: net::ERR_CONNECTION_CLOSED @ https://via.placeholder.com/300x200?text=No+Image:0
[   98315ms] [ERROR] Failed to load resource: net::ERR_CONNECTION_CLOSED @ https://via.placeholder.com/300x200?text=No+Image:0
[   98411ms] [ERROR] Failed to load resource: net::ERR_CONNECTION_CLOSED @ https://via.placeholder.com/300x200?text=No+Image:0
[   98506ms] [ERROR] Failed to load resource: net::ERR_CONNECTION_CLOSED @ https://via.placeholder.com/300x200?text=No+Image:0
[   98601ms] [ERROR] Failed to load resource: net::ERR_CONNECTION_CLOSED @ https://via.placeholder.com/300x200?text=No+Image:0
[   98697ms] [ERROR] Failed to load resource: net::ERR_CONNECTION_CLOSED @ https://via.placeholder.com/300x200?text=No+Image:0
[   98789ms] [ERROR] Failed to load resource: net::ERR_CONNECTION_CLOSED @ https://via.placeholder.com/300x200?text=No+Image:0
[   98885ms] [ERROR] Failed to load resource: net::ERR_CONNECTION_CLOSED @ https://via.placeholder.com/300x200?text=No+Image:0
[   98981ms] [ERROR] Failed to load resource: net::ERR_CONNECTION_CLOSED @ https://via.placeholder.com/300x200?text=No+Image:0
[   99078ms] [ERROR] Failed to load resource: net::ERR_CONNECTION_CLOSED @ https://via.placeholder.com/300x200?text=No+Image:0
[   99171ms] [ERROR] Failed to load resource: net::ERR_CONNECTION_CLOSED @ https://via.placeholder.com/300x200?text=No+Image:0
[   99265ms] [ERROR] Failed to load resource: net::ERR_CONNECTION_CLOSED @ https://via.placeholder.com/300x200?text=No+Image:0
[   99356ms] [ERROR] Failed to load resource: net::ERR_CONNECTION_CLOSED @ https://via.placeholder.com/300x200?text=No+Image:0
[   99453ms] [ERROR] Failed to load resource: net::ERR_CONNECTION_CLOSED @ https://via.placeholder.com/300x200?text=No+Image:0
[   99550ms] [ERROR] Failed to load resource: net::ERR_CONNECTION_CLOSED @ https://via.placeholder.com/300x200?text=No+Image:0
[   99647ms] [ERROR] Failed to load resource: net::ERR_CONNECTION_CLOSED @ https://via.placeholder.com/300x200?text=No+Image:0
[   99741ms] [ERROR] Failed to load resource: net::ERR_CONNECTION_CLOSED @ https://via.placeholder.com/300x200?text=No+Image:0
[   99836ms] [ERROR] Failed to load resource: net::ERR_CONNECTION_CLOSED @ https://via.placeholder.com/300x200?text=No+Image:0
[   99928ms] [ERROR] Failed to load resource: net::ERR_CONNECTION_CLOSED @ https://via.placeholder.com/300x200?text=No+Image:0
[  100040ms] [ERROR] Failed to load resource: net::ERR_CONNECTION_CLOSED @ https://via.placeholder.com/300x200?text=No+Image:0
[  100180ms] [ERROR] Failed to load resource: net::ERR_CONNECTION_CLOSED @ https://via.placeholder.com/300x200?text=No+Image:0
[  100271ms] [ERROR] Failed to load resource: net::ERR_CONNECTION_CLOSED @ https://via.placeholder.com/300x200?text=No+Image:0
[  100374ms] [ERROR] Failed to load resource: net::ERR_CONNECTION_CLOSED @ https://via.placeholder.com/300x200?text=No+Image:0
[  100466ms] [ERROR] Failed to load resource: net::ERR_CONNECTION_CLOSED @ https://via.placeholder.com/300x200?text=No+Image:0
[  100559ms] [ERROR] Failed to load resource: net::ERR_CONNECTION_CLOSED @ https://via.placeholder.com/300x200?text=No+Image:0
[  100663ms] [ERROR] Failed to load resource: net::ERR_CONNECTION_CLOSED @ https://via.placeholder.com/300x200?text=No+Image:0
[  100758ms] [ERROR] Failed to load resource: net::ERR_CONNECTION_CLOSED @ https://via.placeholder.com/300x200?text=No+Image:0
[  100854ms] [ERROR] Failed to load resource: net::ERR_CONNECTION_CLOSED @ https://via.placeholder.com/300x200?text=No+Image:0
[  100945ms] [ERROR] Failed to load resource: net::ERR_CONNECTION_CLOSED @ https://via.placeholder.com/300x200?text=No+Image:0
[  101041ms] [ERROR] Failed to load resource: net::ERR_CONNECTION_CLOSED @ https://via.placeholder.com/300x200?text=No+Image:0
[  101136ms] [ERROR] Failed to load resource: net::ERR_CONNECTION_CLOSED @ https://via.placeholder.com/300x200?text=No+Image:0
[  101232ms] [ERROR] Failed to load resource: net::ERR_CONNECTION_CLOSED @ https://via.placeholder.com/300x200?text=No+Image:0
[  101332ms] [ERROR] Failed to load resource: net::ERR_CONNECTION_CLOSED @ https://via.placeholder.com/300x200?text=No+Image:0
[  101429ms] [ERROR] Failed to load resource: net::ERR_CONNECTION_CLOSED @ https://via.placeholder.com/300x200?text=No+Image:0
[  101522ms] [ERROR] Failed to load resource: net::ERR_CONNECTION_CLOSED @ https://via.placeholder.com/300x200?text=No+Image:0
[  101620ms] [ERROR] Failed to load resource: net::ERR_CONNECTION_CLOSED @ https://via.placeholder.com/300x200?text=No+Image:0
[  101718ms] [ERROR] Failed to load resource: net::ERR_CONNECTION_CLOSED @ https://via.placeholder.com/300x200?text=No+Image:0
[  101810ms] [ERROR] Failed to load resource: net::ERR_CONNECTION_CLOSED @ https://via.placeholder.com/300x200?text=No+Image:0
[  101903ms] [ERROR] Failed to load resource: net::ERR_CONNECTION_CLOSED @ https://via.placeholder.com/300x200?text=No+Image:0
[  101999ms] [ERROR] Failed to load resource: net::ERR_CONNECTION_CLOSED @ https://via.placeholder.com/300x200?text=No+Image:0
[  102099ms] [ERROR] Failed to load resource: net::ERR_CONNECTION_CLOSED @ https://via.placeholder.com/300x200?text=No+Image:0
[  102200ms] [ERROR] Failed to load resource: net::ERR_CONNECTION_CLOSED @ https://via.placeholder.com/300x200?text=No+Image:0
[  102292ms] [ERROR] Failed to load resource: net::ERR_CONNECTION_CLOSED @ https://via.placeholder.com/300x200?text=No+Image:0
[  102387ms] [ERROR] Failed to load resource: net::ERR_CONNECTION_CLOSED @ https://via.placeholder.com/300x200?text=No+Image:0
[  102476ms] [ERROR] Failed to load resource: net::ERR_CONNECTION_CLOSED @ https://via.placeholder.com/300x200?text=No+Image:0
[  102571ms] [ERROR] Failed to load resource: net::ERR_CONNECTION_CLOSED @ https://via.placeholder.com/300x200?text=No+Image:0
[  102670ms] [ERROR] Failed to load resource: net::ERR_CONNECTION_CLOSED @ https://via.placeholder.com/300x200?text=No+Image:0
[  102768ms] [ERROR] Failed to load resource: net::ERR_CONNECTION_CLOSED @ https://via.placeholder.com/300x200?text=No+Image:0
[  102862ms] [ERROR] Failed to load resource: net::ERR_CONNECTION_CLOSED @ https://via.placeholder.com/300x200?text=No+Image:0
[  102959ms] [ERROR] Failed to load resource: net::ERR_CONNECTION_CLOSED @ https://via.placeholder.com/300x200?text=No+Image:0
[  103048ms] [ERROR] Failed to load resource: net::ERR_CONNECTION_CLOSED @ https://via.placeholder.com/300x200?text=No+Image:0
[  103142ms] [ERROR] Failed to load resource: net::ERR_CONNECTION_CLOSED @ https://via.placeholder.com/300x200?text=No+Image:0
[  103233ms] [ERROR] Failed to load resource: net::ERR_CONNECTION_CLOSED @ https://via.placeholder.com/300x200?text=No+Image:0
[  103325ms] [ERROR] Failed to load resource: net::ERR_CONNECTION_CLOSED @ https://via.placeholder.com/300x200?text=No+Image:0
[  103417ms] [ERROR] Failed to load resource: net::ERR_CONNECTION_CLOSED @ https://via.placeholder.com/300x200?text=No+Image:0
[  103508ms] [ERROR] Failed to load resource: net::ERR_CONNECTION_CLOSED @ https://via.placeholder.com/300x200?text=No+Image:0
[  103600ms] [ERROR] Failed to load resource: net::ERR_CONNECTION_CLOSED @ https://via.placeholder.com/300x200?text=No+Image:0
[  103693ms] [ERROR] Failed to load resource: net::ERR_CONNECTION_CLOSED @ https://via.placeholder.com/300x200?text=No+Image:0
[  103792ms] [ERROR] Failed to load resource: net::ERR_CONNECTION_CLOSED @ https://via.placeholder.com/300x200?text=No+Image:0
[  103884ms] [ERROR] Failed to load resource: net::ERR_CONNECTION_CLOSED @ https://via.placeholder.com/300x200?text=No+Image:0
[  103981ms] [ERROR] Failed to load resource: net::ERR_CONNECTION_CLOSED @ https://via.placeholder.com/300x200?text=No+Image:0
[  104079ms] [ERROR] Failed to load resource: net::ERR_CONNECTION_CLOSED @ https://via.placeholder.com/300x200?text=No+Image:0
[  104172ms] [ERROR] Failed to load resource: net::ERR_CONNECTION_CLOSED @ https://via.placeholder.com/300x200?text=No+Image:0
[  104270ms] [ERROR] Failed to load resource: net::ERR_CONNECTION_CLOSED @ https://via.placeholder.com/300x200?text=No+Image:0
[  104365ms] [ERROR] Failed to load resource: net::ERR_CONNECTION_CLOSED @ https://via.placeholder.com/300x200?text=No+Image:0
[  104465ms] [ERROR] Failed to load resource: net::ERR_CONNECTION_CLOSED @ https://via.placeholder.com/300x200?text=No+Image:0
[  104570ms] [ERROR] Failed to load resource: net::ERR_CONNECTION_CLOSED @ https://via.placeholder.com/300x200?text=No+Image:0
[  104661ms] [ERROR] Failed to load resource: net::ERR_CONNECTION_CLOSED @ https://via.placeholder.com/300x200?text=No+Image:0
[  104758ms] [ERROR] Failed to load resource: net::ERR_CONNECTION_CLOSED @ https://via.placeholder.com/300x200?text=No+Image:0
[  104847ms] [ERROR] Failed to load resource: net::ERR_CONNECTION_CLOSED @ https://via.placeholder.com/300x200?text=No+Image:0
[  104948ms] [ERROR] Failed to load resource: net::ERR_CONNECTION_CLOSED @ https://via.placeholder.com/300x200?text=No+Image:0
[  105043ms] [ERROR] Failed to load resource: net::ERR_CONNECTION_CLOSED @ https://via.placeholder.com/300x200?text=No+Image:0
[  105132ms] [ERROR] Failed to load resource: net::ERR_CONNECTION_CLOSED @ https://via.placeholder.com/300x200?text=No+Image:0
[  105233ms] [ERROR] Failed to load resource: net::ERR_CONNECTION_CLOSED @ https://via.placeholder.com/300x200?text=No+Image:0
[  105328ms] [ERROR] Failed to load resource: net::ERR_CONNECTION_CLOSED @ https://via.placeholder.com/300x200?text=No+Image:0
[  105426ms] [ERROR] Failed to load resource: net::ERR_CONNECTION_CLOSED @ https://via.placeholder.com/300x200?text=No+Image:0
[  105522ms] [ERROR] Failed to load resource: net::ERR_CONNECTION_CLOSED @ https://via.placeholder.com/300x200?text=No+Image:0
[  105616ms] [ERROR] Failed to load resource: net::ERR_CONNECTION_CLOSED @ https://via.placeholder.com/300x200?text=No+Image:0
[  105721ms] [ERROR] Failed to load resource: net::ERR_CONNECTION_CLOSED @ https://via.placeholder.com/300x200?text=No+Image:0
[  105823ms] [ERROR] Failed to load resource: net::ERR_CONNECTION_CLOSED @ https://via.placeholder.com/300x200?text=No+Image:0
[  105921ms] [ERROR] Failed to load resource: net::ERR_CONNECTION_CLOSED @ https://via.placeholder.com/300x200?text=No+Image:0
[  106018ms] [ERROR] Failed to load resource: net::ERR_CONNECTION_CLOSED @ https://via.placeholder.com/300x200?text=No+Image:0
[  106109ms] [ERROR] Failed to load resource: net::ERR_CONNECTION_CLOSED @ https://via.placeholder.com/300x200?text=No+Image:0
[  106198ms] [ERROR] Failed to load resource: net::ERR_CONNECTION_CLOSED @ https://via.placeholder.com/300x200?text=No+Image:0
[  106294ms] [ERROR] Failed to load resource: net::ERR_CONNECTION_CLOSED @ https://via.placeholder.com/300x200?text=No+Image:0
[  106390ms] [ERROR] Failed to load resource: net::ERR_CONNECTION_CLOSED @ https://via.placeholder.com/300x200?text=No+Image:0
[  106488ms] [ERROR] Failed to load resource: net::ERR_CONNECTION_CLOSED @ https://via.placeholder.com/300x200?text=No+Image:0
[  106582ms] [ERROR] Failed to load resource: net::ERR_CONNECTION_CLOSED @ https://via.placeholder.com/300x200?text=No+Image:0
[  106684ms] [ERROR] Failed to load resource: net::ERR_CONNECTION_CLOSED @ https://via.placeholder.com/300x200?text=No+Image:0
[  106781ms] [ERROR] Failed to load resource: net::ERR_CONNECTION_CLOSED @ https://via.placeholder.com/300x200?text=No+Image:0
[  106875ms] [ERROR] Failed to load resource: net::ERR_CONNECTION_CLOSED @ https://via.placeholder.com/300x200?text=No+Image:0
[  106970ms] [ERROR] Failed to load resource: net::ERR_CONNECTION_CLOSED @ https://via.placeholder.com/300x200?text=No+Image:0
[  107106ms] [ERROR] Failed to load resource: net::ERR_CONNECTION_CLOSED @ https://via.placeholder.com/300x200?text=No+Image:0
[  107196ms] [ERROR] Failed to load resource: net::ERR_CONNECTION_CLOSED @ https://via.placeholder.com/300x200?text=No+Image:0
[  107291ms] [ERROR] Failed to load resource: net::ERR_CONNECTION_CLOSED @ https://via.placeholder.com/300x200?text=No+Image:0
[  107443ms] [ERROR] Failed to load resource: net::ERR_CONNECTION_CLOSED @ https://via.placeholder.com/300x200?text=No+Image:0
[  107538ms] [ERROR] Failed to load resource: net::ERR_CONNECTION_CLOSED @ https://via.placeholder.com/300x200?text=No+Image:0
[  107629ms] [ERROR] Failed to load resource: net::ERR_CONNECTION_CLOSED @ https://via.placeholder.com/300x200?text=No+Image:0
[  107727ms] [ERROR] Failed to load resource: net::ERR_CONNECTION_CLOSED @ https://via.placeholder.com/300x200?text=No+Image:0
[  107818ms] [ERROR] Failed to load resource: net::ERR_CONNECTION_CLOSED @ https://via.placeholder.com/300x200?text=No+Image:0
[  107910ms] [ERROR] Failed to load resource: net::ERR_CONNECTION_CLOSED @ https://via.placeholder.com/300x200?text=No+Image:0
[  107999ms] [ERROR] Failed to load resource: net::ERR_CONNECTION_CLOSED @ https://via.placeholder.com/300x200?text=No+Image:0
[  108093ms] [ERROR] Failed to load resource: net::ERR_CONNECTION_CLOSED @ https://via.placeholder.com/300x200?text=No+Image:0
[  108185ms] [ERROR] Failed to load resource: net::ERR_CONNECTION_CLOSED @ https://via.placeholder.com/300x200?text=No+Image:0
[  108278ms] [ERROR] Failed to load resource: net::ERR_CONNECTION_CLOSED @ https://via.placeholder.com/300x200?text=No+Image:0
[  108375ms] [ERROR] Failed to load resource: net::ERR_CONNECTION_CLOSED @ https://via.placeholder.com/300x200?text=No+Image:0
[  108469ms] [ERROR] Failed to load resource: net::ERR_CONNECTION_CLOSED @ https://via.placeholder.com/300x200?text=No+Image:0
[  108561ms] [ERROR] Failed to load resource: net::ERR_CONNECTION_CLOSED @ https://via.placeholder.com/300x200?text=No+Image:0
[  108659ms] [ERROR] Failed to load resource: net::ERR_CONNECTION_CLOSED @ https://via.placeholder.com/300x200?text=No+Image:0
[  108748ms] [ERROR] Failed to load resource: net::ERR_CONNECTION_CLOSED @ https://via.placeholder.com/300x200?text=No+Image:0
[  108841ms] [ERROR] Failed to load resource: net::ERR_CONNECTION_CLOSED @ https://via.placeholder.com/300x200?text=No+Image:0
[  108936ms] [ERROR] Failed to load resource: net::ERR_CONNECTION_CLOSED @ https://via.placeholder.com/300x200?text=No+Image:0
[  109034ms] [ERROR] Failed to load resource: net::ERR_CONNECTION_CLOSED @ https://via.placeholder.com/300x200?text=No+Image:0
[  109127ms] [ERROR] Failed to load resource: net::ERR_CONNECTION_CLOSED @ https://via.placeholder.com/300x200?text=No+Image:0
[  109231ms] [ERROR] Failed to load resource: net::ERR_CONNECTION_CLOSED @ https://via.placeholder.com/300x200?text=No+Image:0
[  109323ms] [ERROR] Failed to load resource: net::ERR_CONNECTION_CLOSED @ https://via.placeholder.com/300x200?text=No+Image:0
[  109413ms] [ERROR] Failed to load resource: net::ERR_CONNECTION_CLOSED @ https://via.placeholder.com/300x200?text=No+Image:0
[  109503ms] [ERROR] Failed to load resource: net::ERR_CONNECTION_CLOSED @ https://via.placeholder.com/300x200?text=No+Image:0
[  109596ms] [ERROR] Failed to load resource: net::ERR_CONNECTION_CLOSED @ https://via.placeholder.com/300x200?text=No+Image:0
[  109690ms] [ERROR] Failed to load resource: net::ERR_CONNECTION_CLOSED @ https://via.placeholder.com/300x200?text=No+Image:0
[  109783ms] [ERROR] Failed to load resource: net::ERR_CONNECTION_CLOSED @ https://via.placeholder.com/300x200?text=No+Image:0
[  109880ms] [ERROR] Failed to load resource: net::ERR_CONNECTION_CLOSED @ https://via.placeholder.com/300x200?text=No+Image:0
[  109971ms] [ERROR] Failed to load resource: net::ERR_CONNECTION_CLOSED @ https://via.placeholder.com/300x200?text=No+Image:0
[  110062ms] [ERROR] Failed to load resource: net::ERR_CONNECTION_CLOSED @ https://via.placeholder.com/300x200?text=No+Image:0
[  110151ms] [ERROR] Failed to load resource: net::ERR_CONNECTION_CLOSED @ https://via.placeholder.com/300x200?text=No+Image:0
[  110246ms] [ERROR] Failed to load resource: net::ERR_CONNECTION_CLOSED @ https://via.placeholder.com/300x200?text=No+Image:0
[  110345ms] [ERROR] Failed to load resource: net::ERR_CONNECTION_CLOSED @ https://via.placeholder.com/300x200?text=No+Image:0
[  110449ms] [ERROR] Failed to load resource: net::ERR_CONNECTION_CLOSED @ https://via.placeholder.com/300x200?text=No+Image:0
[  110543ms] [ERROR] Failed to load resource: net::ERR_CONNECTION_CLOSED @ https://via.placeholder.com/300x200?text=No+Image:0
[  110636ms] [ERROR] Failed to load resource: net::ERR_CONNECTION_CLOSED @ https://via.placeholder.com/300x200?text=No+Image:0
[  110735ms] [ERROR] Failed to load resource: net::ERR_CONNECTION_CLOSED @ https://via.placeholder.com/300x200?text=No+Image:0
[  110828ms] [ERROR] Failed to load resource: net::ERR_CONNECTION_CLOSED @ https://via.placeholder.com/300x200?text=No+Image:0
[  110923ms] [ERROR] Failed to load resource: net::ERR_CONNECTION_CLOSED @ https://via.placeholder.com/300x200?text=No+Image:0
[  111027ms] [ERROR] Failed to load resource: net::ERR_CONNECTION_CLOSED @ https://via.placeholder.com/300x200?text=No+Image:0
[  111124ms] [ERROR] Failed to load resource: net::ERR_CONNECTION_CLOSED @ https://via.placeholder.com/300x200?text=No+Image:0
[  111220ms] [ERROR] Failed to load resource: net::ERR_CONNECTION_CLOSED @ https://via.placeholder.com/300x200?text=No+Image:0
[  111309ms] [ERROR] Failed to load resource: net::ERR_CONNECTION_CLOSED @ https://via.placeholder.com/300x200?text=No+Image:0
[  111404ms] [ERROR] Failed to load resource: net::ERR_CONNECTION_CLOSED @ https://via.placeholder.com/300x200?text=No+Image:0
[  111495ms] [ERROR] Failed to load resource: net::ERR_CONNECTION_CLOSED @ https://via.placeholder.com/300x200?text=No+Image:0
[  111588ms] [ERROR] Failed to load resource: net::ERR_CONNECTION_CLOSED @ https://via.placeholder.com/300x200?text=No+Image:0
[  111685ms] [ERROR] Failed to load resource: net::ERR_CONNECTION_CLOSED @ https://via.placeholder.com/300x200?text=No+Image:0
[  111781ms] [ERROR] Failed to load resource: net::ERR_CONNECTION_CLOSED @ https://via.placeholder.com/300x200?text=No+Image:0
[  111887ms] [ERROR] Failed to load resource: net::ERR_CONNECTION_CLOSED @ https://via.placeholder.com/300x200?text=No+Image:0
[  111983ms] [ERROR] Failed to load resource: net::ERR_CONNECTION_CLOSED @ https://via.placeholder.com/300x200?text=No+Image:0
[  112074ms] [ERROR] Failed to load resource: net::ERR_CONNECTION_CLOSED @ https://via.placeholder.com/300x200?text=No+Image:0
[  112166ms] [ERROR] Failed to load resource: net::ERR_CONNECTION_CLOSED @ https://via.placeholder.com/300x200?text=No+Image:0
[  112264ms] [ERROR] Failed to load resource: net::ERR_CONNECTION_CLOSED @ https://via.placeholder.com/300x200?text=No+Image:0
[  112359ms] [ERROR] Failed to load resource: net::ERR_CONNECTION_CLOSED @ https://via.placeholder.com/300x200?text=No+Image:0
[  112456ms] [ERROR] Failed to load resource: net::ERR_CONNECTION_CLOSED @ https://via.placeholder.com/300x200?text=No+Image:0
[  112550ms] [ERROR] Failed to load resource: net::ERR_CONNECTION_CLOSED @ https://via.placeholder.com/300x200?text=No+Image:0
[  112640ms] [ERROR] Failed to load resource: net::ERR_CONNECTION_CLOSED @ https://via.placeholder.com/300x200?text=No+Image:0
[  112737ms] [ERROR] Failed to load resource: net::ERR_CONNECTION_CLOSED @ https://via.placeholder.com/300x200?text=No+Image:0
[  112831ms] [ERROR] Failed to load resource: net::ERR_CONNECTION_CLOSED @ https://via.placeholder.com/300x200?text=No+Image:0
[  112929ms] [ERROR] Failed to load resource: net::ERR_CONNECTION_CLOSED @ https://via.placeholder.com/300x200?text=No+Image:0
[  113026ms] [ERROR] Failed to load resource: net::ERR_CONNECTION_CLOSED @ https://via.placeholder.com/300x200?text=No+Image:0
[  113119ms] [ERROR] Failed to load resource: net::ERR_CONNECTION_CLOSED @ https://via.placeholder.com/300x200?text=No+Image:0
[  113210ms] [ERROR] Failed to load resource: net::ERR_CONNECTION_CLOSED @ https://via.placeholder.com/300x200?text=No+Image:0
[  113306ms] [ERROR] Failed to load resource: net::ERR_CONNECTION_CLOSED @ https://via.placeholder.com/300x200?text=No+Image:0
[  113396ms] [ERROR] Failed to load resource: net::ERR_CONNECTION_CLOSED @ https://via.placeholder.com/300x200?text=No+Image:0
[  113488ms] [ERROR] Failed to load resource: net::ERR_CONNECTION_CLOSED @ https://via.placeholder.com/300x200?text=No+Image:0
[  113586ms] [ERROR] Failed to load resource: net::ERR_CONNECTION_CLOSED @ https://via.placeholder.com/300x200?text=No+Image:0
[  113673ms] [ERROR] Failed to load resource: net::ERR_CONNECTION_CLOSED @ https://via.placeholder.com/300x200?text=No+Image:0
[  113800ms] [ERROR] Failed to load resource: net::ERR_CONNECTION_CLOSED @ https://via.placeholder.com/300x200?text=No+Image:0
[  113892ms] [ERROR] Failed to load resource: net::ERR_CONNECTION_CLOSED @ https://via.placeholder.com/300x200?text=No+Image:0
[  113988ms] [ERROR] Failed to load resource: net::ERR_CONNECTION_CLOSED @ https://via.placeholder.com/300x200?text=No+Image:0
[  114077ms] [ERROR] Failed to load resource: net::ERR_CONNECTION_CLOSED @ https://via.placeholder.com/300x200?text=No+Image:0
[  114170ms] [ERROR] Failed to load resource: net::ERR_CONNECTION_CLOSED @ https://via.placeholder.com/300x200?text=No+Image:0
[  114269ms] [ERROR] Failed to load resource: net::ERR_CONNECTION_CLOSED @ https://via.placeholder.com/300x200?text=No+Image:0
[  114362ms] [ERROR] Failed to load resource: net::ERR_CONNECTION_CLOSED @ https://via.placeholder.com/300x200?text=No+Image:0
[  114458ms] [ERROR] Failed to load resource: net::ERR_CONNECTION_CLOSED @ https://via.placeholder.com/300x200?text=No+Image:0
[  114556ms] [ERROR] Failed to load resource: net::ERR_CONNECTION_CLOSED @ https://via.placeholder.com/300x200?text=No+Image:0
[  114654ms] [ERROR] Failed to load resource: net::ERR_CONNECTION_CLOSED @ https://via.placeholder.com/300x200?text=No+Image:0
[  114752ms] [ERROR] Failed to load resource: net::ERR_CONNECTION_CLOSED @ https://via.placeholder.com/300x200?text=No+Image:0
[  114844ms] [ERROR] Failed to load resource: net::ERR_CONNECTION_CLOSED @ https://via.placeholder.com/300x200?text=No+Image:0
[  114940ms] [ERROR] Failed to load resource: net::ERR_CONNECTION_CLOSED @ https://via.placeholder.com/300x200?text=No+Image:0
[  115035ms] [ERROR] Failed to load resource: net::ERR_CONNECTION_CLOSED @ https://via.placeholder.com/300x200?text=No+Image:0
[  115130ms] [ERROR] Failed to load resource: net::ERR_CONNECTION_CLOSED @ https://via.placeholder.com/300x200?text=No+Image:0
[  115230ms] [ERROR] Failed to load resource: net::ERR_CONNECTION_CLOSED @ https://via.placeholder.com/300x200?text=No+Image:0
[  115323ms] [ERROR] Failed to load resource: net::ERR_CONNECTION_CLOSED @ https://via.placeholder.com/300x200?text=No+Image:0
[  115416ms] [ERROR] Failed to load resource: net::ERR_CONNECTION_CLOSED @ https://via.placeholder.com/300x200?text=No+Image:0
[  115510ms] [ERROR] Failed to load resource: net::ERR_CONNECTION_CLOSED @ https://via.placeholder.com/300x200?text=No+Image:0
[  115601ms] [ERROR] Failed to load resource: net::ERR_CONNECTION_CLOSED @ https://via.placeholder.com/300x200?text=No+Image:0
[  115700ms] [ERROR] Failed to load resource: net::ERR_CONNECTION_CLOSED @ https://via.placeholder.com/300x200?text=No+Image:0
[  115794ms] [ERROR] Failed to load resource: net::ERR_CONNECTION_CLOSED @ https://via.placeholder.com/300x200?text=No+Image:0
[  115889ms] [ERROR] Failed to load resource: net::ERR_CONNECTION_CLOSED @ https://via.placeholder.com/300x200?text=No+Image:0
[  115979ms] [ERROR] Failed to load resource: net::ERR_CONNECTION_CLOSED @ https://via.placeholder.com/300x200?text=No+Image:0
[  116074ms] [ERROR] Failed to load resource: net::ERR_CONNECTION_CLOSED @ https://via.placeholder.com/300x200?text=No+Image:0
[  116166ms] [ERROR] Failed to load resource: net::ERR_CONNECTION_CLOSED @ https://via.placeholder.com/300x200?text=No+Image:0
[  116256ms] [ERROR] Failed to load resource: net::ERR_CONNECTION_CLOSED @ https://via.placeholder.com/300x200?text=No+Image:0
[  116348ms] [ERROR] Failed to load resource: net::ERR_CONNECTION_CLOSED @ https://via.placeholder.com/300x200?text=No+Image:0
[  116438ms] [ERROR] Failed to load resource: net::ERR_CONNECTION_CLOSED @ https://via.placeholder.com/300x200?text=No+Image:0
[  116536ms] [ERROR] Failed to load resource: net::ERR_CONNECTION_CLOSED @ https://via.placeholder.com/300x200?text=No+Image:0
[  116627ms] [ERROR] Failed to load resource: net::ERR_CONNECTION_CLOSED @ https://via.placeholder.com/300x200?text=No+Image:0
[  116728ms] [ERROR] Failed to load resource: net::ERR_CONNECTION_CLOSED @ https://via.placeholder.com/300x200?text=No+Image:0
[  116818ms] [ERROR] Failed to load resource: net::ERR_CONNECTION_CLOSED @ https://via.placeholder.com/300x200?text=No+Image:0
[  116909ms] [ERROR] Failed to load resource: net::ERR_CONNECTION_CLOSED @ https://via.placeholder.com/300x200?text=No+Image:0
[  117004ms] [ERROR] Failed to load resource: net::ERR_CONNECTION_CLOSED @ https://via.placeholder.com/300x200?text=No+Image:0
[  117103ms] [ERROR] Failed to load resource: net::ERR_CONNECTION_CLOSED @ https://via.placeholder.com/300x200?text=No+Image:0
[  117199ms] [ERROR] Failed to load resource: net::ERR_CONNECTION_CLOSED @ https://via.placeholder.com/300x200?text=No+Image:0
[  117296ms] [ERROR] Failed to load resource: net::ERR_CONNECTION_CLOSED @ https://via.placeholder.com/300x200?text=No+Image:0
[  117392ms] [ERROR] Failed to load resource: net::ERR_CONNECTION_CLOSED @ https://via.placeholder.com/300x200?text=No+Image:0
[  117487ms] [ERROR] Failed to load resource: net::ERR_CONNECTION_CLOSED @ https://via.placeholder.com/300x200?text=No+Image:0
[  117583ms] [ERROR] Failed to load resource: net::ERR_CONNECTION_CLOSED @ https://via.placeholder.com/300x200?text=No+Image:0
[  117672ms] [ERROR] Failed to load resource: net::ERR_CONNECTION_CLOSED @ https://via.placeholder.com/300x200?text=No+Image:0
[  117773ms] [ERROR] Failed to load resource: net::ERR_CONNECTION_CLOSED @ https://via.placeholder.com/300x200?text=No+Image:0
[  117864ms] [ERROR] Failed to load resource: net::ERR_CONNECTION_CLOSED @ https://via.placeholder.com/300x200?text=No+Image:0
[  117956ms] [ERROR] Failed to load resource: net::ERR_CONNECTION_CLOSED @ https://via.placeholder.com/300x200?text=No+Image:0
[  118052ms] [ERROR] Failed to load resource: net::ERR_CONNECTION_CLOSED @ https://via.placeholder.com/300x200?text=No+Image:0
[  118143ms] [ERROR] Failed to load resource: net::ERR_CONNECTION_CLOSED @ https://via.placeholder.com/300x200?text=No+Image:0
[  118232ms] [ERROR] Failed to load resource: net::ERR_CONNECTION_CLOSED @ https://via.placeholder.com/300x200?text=No+Image:0
[  118321ms] [ERROR] Failed to load resource: net::ERR_CONNECTION_CLOSED @ https://via.placeholder.com/300x200?text=No+Image:0
[  118411ms] [ERROR] Failed to load resource: net::ERR_CONNECTION_CLOSED @ https://via.placeholder.com/300x200?text=No+Image:0
[  118503ms] [ERROR] Failed to load resource: net::ERR_CONNECTION_CLOSED @ https://via.placeholder.com/300x200?text=No+Image:0
[  118611ms] [ERROR] Failed to load resource: net::ERR_CONNECTION_CLOSED @ https://via.placeholder.com/300x200?text=No+Image:0
[  118735ms] [ERROR] Failed to load resource: net::ERR_CONNECTION_CLOSED @ https://via.placeholder.com/300x200?text=No+Image:0
[  118835ms] [ERROR] Failed to load resource: net::ERR_CONNECTION_CLOSED @ https://via.placeholder.com/300x200?text=No+Image:0
[  118928ms] [ERROR] Failed to load resource: net::ERR_CONNECTION_CLOSED @ https://via.placeholder.com/300x200?text=No+Image:0
[  119022ms] [ERROR] Failed to load resource: net::ERR_CONNECTION_CLOSED @ https://via.placeholder.com/300x200?text=No+Image:0
[  119127ms] [ERROR] Failed to load resource: net::ERR_CONNECTION_CLOSED @ https://via.placeholder.com/300x200?text=No+Image:0
[  119220ms] [ERROR] Failed to load resource: net::ERR_CONNECTION_CLOSED @ https://via.placeholder.com/300x200?text=No+Image:0
[  119316ms] [ERROR] Failed to load resource: net::ERR_CONNECTION_CLOSED @ https://via.placeholder.com/300x200?text=No+Image:0
[  119424ms] [ERROR] Failed to load resource: net::ERR_CONNECTION_CLOSED @ https://via.placeholder.com/300x200?text=No+Image:0
[  119514ms] [ERROR] Failed to load resource: net::ERR_CONNECTION_CLOSED @ https://via.placeholder.com/300x200?text=No+Image:0
[  119611ms] [ERROR] Failed to load resource: net::ERR_CONNECTION_CLOSED @ https://via.placeholder.com/300x200?text=No+Image:0
[  119703ms] [ERROR] Failed to load resource: net::ERR_CONNECTION_CLOSED @ https://via.placeholder.com/300x200?text=No+Image:0
[  119796ms] [ERROR] Failed to load resource: net::ERR_CONNECTION_CLOSED @ https://via.placeholder.com/300x200?text=No+Image:0
[  119889ms] [ERROR] Failed to load resource: net::ERR_CONNECTION_CLOSED @ https://via.placeholder.com/300x200?text=No+Image:0
[  119983ms] [ERROR] Failed to load resource: net::ERR_CONNECTION_CLOSED @ https://via.placeholder.com/300x200?text=No+Image:0
[  120075ms] [ERROR] Failed to load resource: net::ERR_CONNECTION_CLOSED @ https://via.placeholder.com/300x200?text=No+Image:0
[  120165ms] [ERROR] Failed to load resource: net::ERR_CONNECTION_CLOSED @ https://via.placeholder.com/300x200?text=No+Image:0
[  120259ms] [ERROR] Failed to load resource: net::ERR_CONNECTION_CLOSED @ https://via.placeholder.com/300x200?text=No+Image:0
[  120359ms] [ERROR] Failed to load resource: net::ERR_CONNECTION_CLOSED @ https://via.placeholder.com/300x200?text=No+Image:0
[  120448ms] [ERROR] Failed to load resource: net::ERR_CONNECTION_CLOSED @ https://via.placeholder.com/300x200?text=No+Image:0
[  120543ms] [ERROR] Failed to load resource: net::ERR_CONNECTION_CLOSED @ https://via.placeholder.com/300x200?text=No+Image:0
[  120638ms] [ERROR] Failed to load resource: net::ERR_CONNECTION_CLOSED @ https://via.placeholder.com/300x200?text=No+Image:0
[  120732ms] [ERROR] Failed to load resource: net::ERR_CONNECTION_CLOSED @ https://via.placeholder.com/300x200?text=No+Image:0
[  120824ms] [ERROR] Failed to load resource: net::ERR_CONNECTION_CLOSED @ https://via.placeholder.com/300x200?text=No+Image:0
[  120917ms] [ERROR] Failed to load resource: net::ERR_CONNECTION_CLOSED @ https://via.placeholder.com/300x200?text=No+Image:0
[  121010ms] [ERROR] Failed to load resource: net::ERR_CONNECTION_CLOSED @ https://via.placeholder.com/300x200?text=No+Image:0
[  121101ms] [ERROR] Failed to load resource: net::ERR_CONNECTION_CLOSED @ https://via.placeholder.com/300x200?text=No+Image:0
[  121194ms] [ERROR] Failed to load resource: net::ERR_CONNECTION_CLOSED @ https://via.placeholder.com/300x200?text=No+Image:0
[  121286ms] [ERROR] Failed to load resource: net::ERR_CONNECTION_CLOSED @ https://via.placeholder.com/300x200?text=No+Image:0
[  121379ms] [ERROR] Failed to load resource: net::ERR_CONNECTION_CLOSED @ https://via.placeholder.com/300x200?text=No+Image:0
[  121471ms] [ERROR] Failed to load resource: net::ERR_CONNECTION_CLOSED @ https://via.placeholder.com/300x200?text=No+Image:0
[  121565ms] [ERROR] Failed to load resource: net::ERR_CONNECTION_CLOSED @ https://via.placeholder.com/300x200?text=No+Image:0
[  121660ms] [ERROR] Failed to load resource: net::ERR_CONNECTION_CLOSED @ https://via.placeholder.com/300x200?text=No+Image:0
[  121755ms] [ERROR] Failed to load resource: net::ERR_CONNECTION_CLOSED @ https://via.placeholder.com/300x200?text=No+Image:0
[  121859ms] [ERROR] Failed to load resource: net::ERR_CONNECTION_CLOSED @ https://via.placeholder.com/300x200?text=No+Image:0
[  121955ms] [ERROR] Failed to load resource: net::ERR_CONNECTION_CLOSED @ https://via.placeholder.com/300x200?text=No+Image:0
[  122044ms] [ERROR] Failed to load resource: net::ERR_CONNECTION_CLOSED @ https://via.placeholder.com/300x200?text=No+Image:0
[  122134ms] [ERROR] Failed to load resource: net::ERR_CONNECTION_CLOSED @ https://via.placeholder.com/300x200?text=No+Image:0
[  122223ms] [ERROR] Failed to load resource: net::ERR_CONNECTION_CLOSED @ https://via.placeholder.com/300x200?text=No+Image:0
[  122320ms] [ERROR] Failed to load resource: net::ERR_CONNECTION_CLOSED @ https://via.placeholder.com/300x200?text=No+Image:0
[  122411ms] [ERROR] Failed to load resource: net::ERR_CONNECTION_CLOSED @ https://via.placeholder.com/300x200?text=No+Image:0
[  122501ms] [ERROR] Failed to load resource: net::ERR_CONNECTION_CLOSED @ https://via.placeholder.com/300x200?text=No+Image:0
[  122592ms] [ERROR] Failed to load resource: net::ERR_CONNECTION_CLOSED @ https://via.placeholder.com/300x200?text=No+Image:0
[  122684ms] [ERROR] Failed to load resource: net::ERR_CONNECTION_CLOSED @ https://via.placeholder.com/300x200?text=No+Image:0
[  122781ms] [ERROR] Failed to load resource: net::ERR_CONNECTION_CLOSED @ https://via.placeholder.com/300x200?text=No+Image:0
[  122874ms] [ERROR] Failed to load resource: net::ERR_CONNECTION_CLOSED @ https://via.placeholder.com/300x200?text=No+Image:0
[  122969ms] [ERROR] Failed to load resource: net::ERR_CONNECTION_CLOSED @ https://via.placeholder.com/300x200?text=No+Image:0
[  123065ms] [ERROR] Failed to load resource: net::ERR_CONNECTION_CLOSED @ https://via.placeholder.com/300x200?text=No+Image:0
[  123157ms] [ERROR] Failed to load resource: net::ERR_CONNECTION_CLOSED @ https://via.placeholder.com/300x200?text=No+Image:0
[  123255ms] [ERROR] Failed to load resource: net::ERR_CONNECTION_CLOSED @ https://via.placeholder.com/300x200?text=No+Image:0
[  123348ms] [ERROR] Failed to load resource: net::ERR_CONNECTION_CLOSED @ https://via.placeholder.com/300x200?text=No+Image:0
[  123441ms] [ERROR] Failed to load resource: net::ERR_CONNECTION_CLOSED @ https://via.placeholder.com/300x200?text=No+Image:0
[  123531ms] [ERROR] Failed to load resource: net::ERR_CONNECTION_CLOSED @ https://via.placeholder.com/300x200?text=No+Image:0
[  123621ms] [ERROR] Failed to load resource: net::ERR_CONNECTION_CLOSED @ https://via.placeholder.com/300x200?text=No+Image:0
[  123716ms] [ERROR] Failed to load resource: net::ERR_CONNECTION_CLOSED @ https://via.placeholder.com/300x200?text=No+Image:0
[  123810ms] [ERROR] Failed to load resource: net::ERR_CONNECTION_CLOSED @ https://via.placeholder.com/300x200?text=No+Image:0
[  123903ms] [ERROR] Failed to load resource: net::ERR_CONNECTION_CLOSED @ https://via.placeholder.com/300x200?text=No+Image:0
[  123998ms] [ERROR] Failed to load resource: net::ERR_CONNECTION_CLOSED @ https://via.placeholder.com/300x200?text=No+Image:0
[  124088ms] [ERROR] Failed to load resource: net::ERR_CONNECTION_CLOSED @ https://via.placeholder.com/300x200?text=No+Image:0
[  124181ms] [ERROR] Failed to load resource: net::ERR_CONNECTION_CLOSED @ https://via.placeholder.com/300x200?text=No+Image:0
[  124276ms] [ERROR] Failed to load resource: net::ERR_CONNECTION_CLOSED @ https://via.placeholder.com/300x200?text=No+Image:0
[  124367ms] [ERROR] Failed to load resource: net::ERR_CONNECTION_CLOSED @ https://via.placeholder.com/300x200?text=No+Image:0
[  124462ms] [ERROR] Failed to load resource: net::ERR_CONNECTION_CLOSED @ https://via.placeholder.com/300x200?text=No+Image:0
[  124559ms] [ERROR] Failed to load resource: net::ERR_CONNECTION_CLOSED @ https://via.placeholder.com/300x200?text=No+Image:0
[  124649ms] [ERROR] Failed to load resource: net::ERR_CONNECTION_CLOSED @ https://via.placeholder.com/300x200?text=No+Image:0
[  124739ms] [ERROR] Failed to load resource: net::ERR_CONNECTION_CLOSED @ https://via.placeholder.com/300x200?text=No+Image:0
[  124831ms] [ERROR] Failed to load resource: net::ERR_CONNECTION_CLOSED @ https://via.placeholder.com/300x200?text=No+Image:0
[  124922ms] [ERROR] Failed to load resource: net::ERR_CONNECTION_CLOSED @ https://via.placeholder.com/300x200?text=No+Image:0
[  125014ms] [ERROR] Failed to load resource: net::ERR_CONNECTION_CLOSED @ https://via.placeholder.com/300x200?text=No+Image:0
[  125104ms] [ERROR] Failed to load resource: net::ERR_CONNECTION_CLOSED @ https://via.placeholder.com/300x200?text=No+Image:0
[  125191ms] [ERROR] Failed to load resource: net::ERR_CONNECTION_CLOSED @ https://via.placeholder.com/300x200?text=No+Image:0
[  125286ms] [ERROR] Failed to load resource: net::ERR_CONNECTION_CLOSED @ https://via.placeholder.com/300x200?text=No+Image:0
[  125377ms] [ERROR] Failed to load resource: net::ERR_CONNECTION_CLOSED @ https://via.placeholder.com/300x200?text=No+Image:0
[  125470ms] [ERROR] Failed to load resource: net::ERR_CONNECTION_CLOSED @ https://via.placeholder.com/300x200?text=No+Image:0
[  125568ms] [ERROR] Failed to load resource: net::ERR_CONNECTION_CLOSED @ https://via.placeholder.com/300x200?text=No+Image:0
[  125660ms] [ERROR] Failed to load resource: net::ERR_CONNECTION_CLOSED @ https://via.placeholder.com/300x200?text=No+Image:0
[  125759ms] [ERROR] Failed to load resource: net::ERR_CONNECTION_CLOSED @ https://via.placeholder.com/300x200?text=No+Image:0
[  125848ms] [ERROR] Failed to load resource: net::ERR_CONNECTION_CLOSED @ https://via.placeholder.com/300x200?text=No+Image:0
[  125941ms] [ERROR] Failed to load resource: net::ERR_CONNECTION_CLOSED @ https://via.placeholder.com/300x200?text=No+Image:0
[  126033ms] [ERROR] Failed to load resource: net::ERR_CONNECTION_CLOSED @ https://via.placeholder.com/300x200?text=No+Image:0
[  126123ms] [ERROR] Failed to load resource: net::ERR_CONNECTION_CLOSED @ https://via.placeholder.com/300x200?text=No+Image:0
[  126213ms] [ERROR] Failed to load resource: net::ERR_CONNECTION_CLOSED @ https://via.placeholder.com/300x200?text=No+Image:0
[  126306ms] [ERROR] Failed to load resource: net::ERR_CONNECTION_CLOSED @ https://via.placeholder.com/300x200?text=No+Image:0
[  126399ms] [ERROR] Failed to load resource: net::ERR_CONNECTION_CLOSED @ https://via.placeholder.com/300x200?text=No+Image:0
[  126493ms] [ERROR] Failed to load resource: net::ERR_CONNECTION_CLOSED @ https://via.placeholder.com/300x200?text=No+Image:0
[  126585ms] [ERROR] Failed to load resource: net::ERR_CONNECTION_CLOSED @ https://via.placeholder.com/300x200?text=No+Image:0
[  126683ms] [ERROR] Failed to load resource: net::ERR_CONNECTION_CLOSED @ https://via.placeholder.com/300x200?text=No+Image:0
[  126781ms] [ERROR] Failed to load resource: net::ERR_CONNECTION_CLOSED @ https://via.placeholder.com/300x200?text=No+Image:0
[  126873ms] [ERROR] Failed to load resource: net::ERR_CONNECTION_CLOSED @ https://via.placeholder.com/300x200?text=No+Image:0
[  126964ms] [ERROR] Failed to load resource: net::ERR_CONNECTION_CLOSED @ https://via.placeholder.com/300x200?text=No+Image:0
[  127056ms] [ERROR] Failed to load resource: net::ERR_CONNECTION_CLOSED @ https://via.placeholder.com/300x200?text=No+Image:0
[  127146ms] [ERROR] Failed to load resource: net::ERR_CONNECTION_CLOSED @ https://via.placeholder.com/300x200?text=No+Image:0
[  127241ms] [ERROR] Failed to load resource: net::ERR_CONNECTION_CLOSED @ https://via.placeholder.com/300x200?text=No+Image:0
[  127337ms] [ERROR] Failed to load resource: net::ERR_CONNECTION_CLOSED @ https://via.placeholder.com/300x200?text=No+Image:0
[  127434ms] [ERROR] Failed to load resource: net::ERR_CONNECTION_CLOSED @ https://via.placeholder.com/300x200?text=No+Image:0
[  127527ms] [ERROR] Failed to load resource: net::ERR_CONNECTION_CLOSED @ https://via.placeholder.com/300x200?text=No+Image:0
[  127623ms] [ERROR] Failed to load resource: net::ERR_CONNECTION_CLOSED @ https://via.placeholder.com/300x200?text=No+Image:0
[  127714ms] [ERROR] Failed to load resource: net::ERR_CONNECTION_CLOSED @ https://via.placeholder.com/300x200?text=No+Image:0
[  127810ms] [ERROR] Failed to load resource: net::ERR_CONNECTION_CLOSED @ https://via.placeholder.com/300x200?text=No+Image:0
[  127902ms] [ERROR] Failed to load resource: net::ERR_CONNECTION_CLOSED @ https://via.placeholder.com/300x200?text=No+Image:0
[  127995ms] [ERROR] Failed to load resource: net::ERR_CONNECTION_CLOSED @ https://via.placeholder.com/300x200?text=No+Image:0
[  128093ms] [ERROR] Failed to load resource: net::ERR_CONNECTION_CLOSED @ https://via.placeholder.com/300x200?text=No+Image:0
[  128183ms] [ERROR] Failed to load resource: net::ERR_CONNECTION_CLOSED @ https://via.placeholder.com/300x200?text=No+Image:0
[  128284ms] [ERROR] Failed to load resource: net::ERR_CONNECTION_CLOSED @ https://via.placeholder.com/300x200?text=No+Image:0
[  128378ms] [ERROR] Failed to load resource: net::ERR_CONNECTION_CLOSED @ https://via.placeholder.com/300x200?text=No+Image:0
[  128471ms] [ERROR] Failed to load resource: net::ERR_CONNECTION_CLOSED @ https://via.placeholder.com/300x200?text=No+Image:0
[  128563ms] [ERROR] Failed to load resource: net::ERR_CONNECTION_CLOSED @ https://via.placeholder.com/300x200?text=No+Image:0
[  128655ms] [ERROR] Failed to load resource: net::ERR_CONNECTION_CLOSED @ https://via.placeholder.com/300x200?text=No+Image:0
[  128750ms] [ERROR] Failed to load resource: net::ERR_CONNECTION_CLOSED @ https://via.placeholder.com/300x200?text=No+Image:0
[  128842ms] [ERROR] Failed to load resource: net::ERR_CONNECTION_CLOSED @ https://via.placeholder.com/300x200?text=No+Image:0
[  128930ms] [ERROR] Failed to load resource: net::ERR_CONNECTION_CLOSED @ https://via.placeholder.com/300x200?text=No+Image:0
[  129022ms] [ERROR] Failed to load resource: net::ERR_CONNECTION_CLOSED @ https://via.placeholder.com/300x200?text=No+Image:0
[  129116ms] [ERROR] Failed to load resource: net::ERR_CONNECTION_CLOSED @ https://via.placeholder.com/300x200?text=No+Image:0
[  129214ms] [ERROR] Failed to load resource: net::ERR_CONNECTION_CLOSED @ https://via.placeholder.com/300x200?text=No+Image:0
[  129314ms] [ERROR] Failed to load resource: net::ERR_CONNECTION_CLOSED @ https://via.placeholder.com/300x200?text=No+Image:0
[  129406ms] [ERROR] Failed to load resource: net::ERR_CONNECTION_CLOSED @ https://via.placeholder.com/300x200?text=No+Image:0
[  129506ms] [ERROR] Failed to load resource: net::ERR_CONNECTION_CLOSED @ https://via.placeholder.com/300x200?text=No+Image:0
[  129599ms] [ERROR] Failed to load resource: net::ERR_CONNECTION_CLOSED @ https://via.placeholder.com/300x200?text=No+Image:0
[  129693ms] [ERROR] Failed to load resource: net::ERR_CONNECTION_CLOSED @ https://via.placeholder.com/300x200?text=No+Image:0
[  129792ms] [ERROR] Failed to load resource: net::ERR_CONNECTION_CLOSED @ https://via.placeholder.com/300x200?text=No+Image:0
[  129888ms] [ERROR] Failed to load resource: net::ERR_CONNECTION_CLOSED @ https://via.placeholder.com/300x200?text=No+Image:0
[  129981ms] [ERROR] Failed to load resource: net::ERR_CONNECTION_CLOSED @ https://via.placeholder.com/300x200?text=No+Image:0
[  130075ms] [ERROR] Failed to load resource: net::ERR_CONNECTION_CLOSED @ https://via.placeholder.com/300x200?text=No+Image:0
[  130170ms] [ERROR] Failed to load resource: net::ERR_CONNECTION_CLOSED @ https://via.placeholder.com/300x200?text=No+Image:0
[  130265ms] [ERROR] Failed to load resource: net::ERR_CONNECTION_CLOSED @ https://via.placeholder.com/300x200?text=No+Image:0
[  130361ms] [ERROR] Failed to load resource: net::ERR_CONNECTION_CLOSED @ https://via.placeholder.com/300x200?text=No+Image:0
[  130454ms] [ERROR] Failed to load resource: net::ERR_CONNECTION_CLOSED @ https://via.placeholder.com/300x200?text=No+Image:0
[  130548ms] [ERROR] Failed to load resource: net::ERR_CONNECTION_CLOSED @ https://via.placeholder.com/300x200?text=No+Image:0
[  130655ms] [ERROR] Failed to load resource: net::ERR_CONNECTION_CLOSED @ https://via.placeholder.com/300x200?text=No+Image:0
[  130746ms] [ERROR] Failed to load resource: net::ERR_CONNECTION_CLOSED @ https://via.placeholder.com/300x200?text=No+Image:0
[  130845ms] [ERROR] Failed to load resource: net::ERR_CONNECTION_CLOSED @ https://via.placeholder.com/300x200?text=No+Image:0
[  130937ms] [ERROR] Failed to load resource: net::ERR_CONNECTION_CLOSED @ https://via.placeholder.com/300x200?text=No+Image:0
[  131031ms] [ERROR] Failed to load resource: net::ERR_CONNECTION_CLOSED @ https://via.placeholder.com/300x200?text=No+Image:0
[  131122ms] [ERROR] Failed to load resource: net::ERR_CONNECTION_CLOSED @ https://via.placeholder.com/300x200?text=No+Image:0
[  131213ms] [ERROR] Failed to load resource: net::ERR_CONNECTION_CLOSED @ https://via.placeholder.com/300x200?text=No+Image:0
[  131311ms] [ERROR] Failed to load resource: net::ERR_CONNECTION_CLOSED @ https://via.placeholder.com/300x200?text=No+Image:0
[  131401ms] [ERROR] Failed to load resource: net::ERR_CONNECTION_CLOSED @ https://via.placeholder.com/300x200?text=No+Image:0
[  131492ms] [ERROR] Failed to load resource: net::ERR_CONNECTION_CLOSED @ https://via.placeholder.com/300x200?text=No+Image:0
[  131584ms] [ERROR] Failed to load resource: net::ERR_CONNECTION_CLOSED @ https://via.placeholder.com/300x200?text=No+Image:0
[  131680ms] [ERROR] Failed to load resource: net::ERR_CONNECTION_CLOSED @ https://via.placeholder.com/300x200?text=No+Image:0
[  131773ms] [ERROR] Failed to load resource: net::ERR_CONNECTION_CLOSED @ https://via.placeholder.com/300x200?text=No+Image:0
[  131863ms] [ERROR] Failed to load resource: net::ERR_CONNECTION_CLOSED @ https://via.placeholder.com/300x200?text=No+Image:0
[  131959ms] [ERROR] Failed to load resource: net::ERR_CONNECTION_CLOSED @ https://via.placeholder.com/300x200?text=No+Image:0
[  132053ms] [ERROR] Failed to load resource: net::ERR_CONNECTION_CLOSED @ https://via.placeholder.com/300x200?text=No+Image:0
[  132159ms] [ERROR] Failed to load resource: net::ERR_CONNECTION_CLOSED @ https://via.placeholder.com/300x200?text=No+Image:0
[  132256ms] [ERROR] Failed to load resource: net::ERR_CONNECTION_CLOSED @ https://via.placeholder.com/300x200?text=No+Image:0
[  132353ms] [ERROR] Failed to load resource: net::ERR_CONNECTION_CLOSED @ https://via.placeholder.com/300x200?text=No+Image:0
[  132451ms] [ERROR] Failed to load resource: net::ERR_CONNECTION_CLOSED @ https://via.placeholder.com/300x200?text=No+Image:0
[  132603ms] [ERROR] Failed to load resource: net::ERR_CONNECTION_CLOSED @ https://via.placeholder.com/300x200?text=No+Image:0
[  132703ms] [ERROR] Failed to load resource: net::ERR_CONNECTION_CLOSED @ https://via.placeholder.com/300x200?text=No+Image:0
[  132795ms] [ERROR] Failed to load resource: net::ERR_CONNECTION_CLOSED @ https://via.placeholder.com/300x200?text=No+Image:0
[  132886ms] [ERROR] Failed to load resource: net::ERR_CONNECTION_CLOSED @ https://via.placeholder.com/300x200?text=No+Image:0
[  132979ms] [ERROR] Failed to load resource: net::ERR_CONNECTION_CLOSED @ https://via.placeholder.com/300x200?text=No+Image:0
[  133071ms] [ERROR] Failed to load resource: net::ERR_CONNECTION_CLOSED @ https://via.placeholder.com/300x200?text=No+Image:0
[  133167ms] [ERROR] Failed to load resource: net::ERR_CONNECTION_CLOSED @ https://via.placeholder.com/300x200?text=No+Image:0
[  133265ms] [ERROR] Failed to load resource: net::ERR_CONNECTION_CLOSED @ https://via.placeholder.com/300x200?text=No+Image:0
[  133373ms] [ERROR] Failed to load resource: net::ERR_CONNECTION_CLOSED @ https://via.placeholder.com/300x200?text=No+Image:0
[  133467ms] [ERROR] Failed to load resource: net::ERR_CONNECTION_CLOSED @ https://via.placeholder.com/300x200?text=No+Image:0
[  133560ms] [ERROR] Failed to load resource: net::ERR_CONNECTION_CLOSED @ https://via.placeholder.com/300x200?text=No+Image:0
[  133651ms] [ERROR] Failed to load resource: net::ERR_CONNECTION_CLOSED @ https://via.placeholder.com/300x200?text=No+Image:0
[  133749ms] [ERROR] Failed to load resource: net::ERR_CONNECTION_CLOSED @ https://via.placeholder.com/300x200?text=No+Image:0
[  133842ms] [ERROR] Failed to load resource: net::ERR_CONNECTION_CLOSED @ https://via.placeholder.com/300x200?text=No+Image:0
[  133935ms] [ERROR] Failed to load resource: net::ERR_CONNECTION_CLOSED @ https://via.placeholder.com/300x200?text=No+Image:0
[  134056ms] [ERROR] Failed to load resource: net::ERR_CONNECTION_CLOSED @ https://via.placeholder.com/300x200?text=No+Image:0
[  134152ms] [ERROR] Failed to load resource: net::ERR_CONNECTION_CLOSED @ https://via.placeholder.com/300x200?text=No+Image:0
[  134250ms] [ERROR] Failed to load resource: net::ERR_CONNECTION_CLOSED @ https://via.placeholder.com/300x200?text=No+Image:0
[  134343ms] [ERROR] Failed to load resource: net::ERR_CONNECTION_CLOSED @ https://via.placeholder.com/300x200?text=No+Image:0
[  134432ms] [ERROR] Failed to load resource: net::ERR_CONNECTION_CLOSED @ https://via.placeholder.com/300x200?text=No+Image:0
[  134526ms] [ERROR] Failed to load resource: net::ERR_CONNECTION_CLOSED @ https://via.placeholder.com/300x200?text=No+Image:0
[  134615ms] [ERROR] Failed to load resource: net::ERR_CONNECTION_CLOSED @ https://via.placeholder.com/300x200?text=No+Image:0
[  134709ms] [ERROR] Failed to load resource: net::ERR_CONNECTION_CLOSED @ https://via.placeholder.com/300x200?text=No+Image:0
[  134799ms] [ERROR] Failed to load resource: net::ERR_CONNECTION_CLOSED @ https://via.placeholder.com/300x200?text=No+Image:0
[  134892ms] [ERROR] Failed to load resource: net::ERR_CONNECTION_CLOSED @ https://via.placeholder.com/300x200?text=No+Image:0
[  134982ms] [ERROR] Failed to load resource: net::ERR_CONNECTION_CLOSED @ https://via.placeholder.com/300x200?text=No+Image:0
[  135072ms] [ERROR] Failed to load resource: net::ERR_CONNECTION_CLOSED @ https://via.placeholder.com/300x200?text=No+Image:0
[  135163ms] [ERROR] Failed to load resource: net::ERR_CONNECTION_CLOSED @ https://via.placeholder.com/300x200?text=No+Image:0
[  135259ms] [ERROR] Failed to load resource: net::ERR_CONNECTION_CLOSED @ https://via.placeholder.com/300x200?text=No+Image:0
[  135355ms] [ERROR] Failed to load resource: net::ERR_CONNECTION_CLOSED @ https://via.placeholder.com/300x200?text=No+Image:0
[  135449ms] [ERROR] Failed to load resource: net::ERR_CONNECTION_CLOSED @ https://via.placeholder.com/300x200?text=No+Image:0
[  135539ms] [ERROR] Failed to load resource: net::ERR_CONNECTION_CLOSED @ https://via.placeholder.com/300x200?text=No+Image:0
[  135634ms] [ERROR] Failed to load resource: net::ERR_CONNECTION_CLOSED @ https://via.placeholder.com/300x200?text=No+Image:0
[  135725ms] [ERROR] Failed to load resource: net::ERR_CONNECTION_CLOSED @ https://via.placeholder.com/300x200?text=No+Image:0
[  135817ms] [ERROR] Failed to load resource: net::ERR_CONNECTION_CLOSED @ https://via.placeholder.com/300x200?text=No+Image:0
[  135910ms] [ERROR] Failed to load resource: net::ERR_CONNECTION_CLOSED @ https://via.placeholder.com/300x200?text=No+Image:0
[  136005ms] [ERROR] Failed to load resource: net::ERR_CONNECTION_CLOSED @ https://via.placeholder.com/300x200?text=No+Image:0
[  136096ms] [ERROR] Failed to load resource: net::ERR_CONNECTION_CLOSED @ https://via.placeholder.com/300x200?text=No+Image:0
[  136190ms] [ERROR] Failed to load resource: net::ERR_CONNECTION_CLOSED @ https://via.placeholder.com/300x200?text=No+Image:0
[  136287ms] [ERROR] Failed to load resource: net::ERR_CONNECTION_CLOSED @ https://via.placeholder.com/300x200?text=No+Image:0
[  136380ms] [ERROR] Failed to load resource: net::ERR_CONNECTION_CLOSED @ https://via.placeholder.com/300x200?text=No+Image:0
[  136469ms] [ERROR] Failed to load resource: net::ERR_CONNECTION_CLOSED @ https://via.placeholder.com/300x200?text=No+Image:0
[  136556ms] [ERROR] Failed to load resource: net::ERR_CONNECTION_CLOSED @ https://via.placeholder.com/300x200?text=No+Image:0
[  136647ms] [ERROR] Failed to load resource: net::ERR_CONNECTION_CLOSED @ https://via.placeholder.com/300x200?text=No+Image:0
[  136740ms] [ERROR] Failed to load resource: net::ERR_CONNECTION_CLOSED @ https://via.placeholder.com/300x200?text=No+Image:0
[  136838ms] [ERROR] Failed to load resource: net::ERR_CONNECTION_CLOSED @ https://via.placeholder.com/300x200?text=No+Image:0
[  136931ms] [ERROR] Failed to load resource: net::ERR_CONNECTION_CLOSED @ https://via.placeholder.com/300x200?text=No+Image:0
[  137025ms] [ERROR] Failed to load resource: net::ERR_CONNECTION_CLOSED @ https://via.placeholder.com/300x200?text=No+Image:0
[  137116ms] [ERROR] Failed to load resource: net::ERR_CONNECTION_CLOSED @ https://via.placeholder.com/300x200?text=No+Image:0
[  137212ms] [ERROR] Failed to load resource: net::ERR_CONNECTION_CLOSED @ https://via.placeholder.com/300x200?text=No+Image:0
[  137311ms] [ERROR] Failed to load resource: net::ERR_CONNECTION_CLOSED @ https://via.placeholder.com/300x200?text=No+Image:0
[  137404ms] [ERROR] Failed to load resource: net::ERR_CONNECTION_CLOSED @ https://via.placeholder.com/300x200?text=No+Image:0
[  137496ms] [ERROR] Failed to load resource: net::ERR_CONNECTION_CLOSED @ https://via.placeholder.com/300x200?text=No+Image:0
[  137588ms] [ERROR] Failed to load resource: net::ERR_CONNECTION_CLOSED @ https://via.placeholder.com/300x200?text=No+Image:0
[  137676ms] [ERROR] Failed to load resource: net::ERR_CONNECTION_CLOSED @ https://via.placeholder.com/300x200?text=No+Image:0
[  137775ms] [ERROR] Failed to load resource: net::ERR_CONNECTION_CLOSED @ https://via.placeholder.com/300x200?text=No+Image:0
[  137868ms] [ERROR] Failed to load resource: net::ERR_CONNECTION_CLOSED @ https://via.placeholder.com/300x200?text=No+Image:0
[  137955ms] [ERROR] Failed to load resource: net::ERR_CONNECTION_CLOSED @ https://via.placeholder.com/300x200?text=No+Image:0
[  138047ms] [ERROR] Failed to load resource: net::ERR_CONNECTION_CLOSED @ https://via.placeholder.com/300x200?text=No+Image:0
[  138143ms] [ERROR] Failed to load resource: net::ERR_CONNECTION_CLOSED @ https://via.placeholder.com/300x200?text=No+Image:0
[  138257ms] [ERROR] Failed to load resource: net::ERR_CONNECTION_CLOSED @ https://via.placeholder.com/300x200?text=No+Image:0
[  138350ms] [ERROR] Failed to load resource: net::ERR_CONNECTION_CLOSED @ https://via.placeholder.com/300x200?text=No+Image:0
[  138468ms] [ERROR] Failed to load resource: net::ERR_CONNECTION_CLOSED @ https://via.placeholder.com/300x200?text=No+Image:0
[  138562ms] [ERROR] Failed to load resource: net::ERR_CONNECTION_CLOSED @ https://via.placeholder.com/300x200?text=No+Image:0
[  138663ms] [ERROR] Failed to load resource: net::ERR_CONNECTION_CLOSED @ https://via.placeholder.com/300x200?text=No+Image:0
[  138777ms] [ERROR] Failed to load resource: net::ERR_CONNECTION_CLOSED @ https://via.placeholder.com/300x200?text=No+Image:0
[  138874ms] [ERROR] Failed to load resource: net::ERR_CONNECTION_CLOSED @ https://via.placeholder.com/300x200?text=No+Image:0
[  138964ms] [ERROR] Failed to load resource: net::ERR_CONNECTION_CLOSED @ https://via.placeholder.com/300x200?text=No+Image:0
[  139081ms] [ERROR] Failed to load resource: net::ERR_CONNECTION_CLOSED @ https://via.placeholder.com/300x200?text=No+Image:0
[  139176ms] [ERROR] Failed to load resource: net::ERR_CONNECTION_CLOSED @ https://via.placeholder.com/300x200?text=No+Image:0
[  139276ms] [ERROR] Failed to load resource: net::ERR_CONNECTION_CLOSED @ https://via.placeholder.com/300x200?text=No+Image:0
[  139379ms] [ERROR] Failed to load resource: net::ERR_CONNECTION_CLOSED @ https://via.placeholder.com/300x200?text=No+Image:0
[  139474ms] [ERROR] Failed to load resource: net::ERR_CONNECTION_CLOSED @ https://via.placeholder.com/300x200?text=No+Image:0
[  139564ms] [ERROR] Failed to load resource: net::ERR_CONNECTION_CLOSED @ https://via.placeholder.com/300x200?text=No+Image:0
[  139665ms] [ERROR] Failed to load resource: net::ERR_CONNECTION_CLOSED @ https://via.placeholder.com/300x200?text=No+Image:0
[  139761ms] [ERROR] Failed to load resource: net::ERR_CONNECTION_CLOSED @ https://via.placeholder.com/300x200?text=No+Image:0
[  139854ms] [ERROR] Failed to load resource: net::ERR_CONNECTION_CLOSED @ https://via.placeholder.com/300x200?text=No+Image:0
[  139952ms] [ERROR] Failed to load resource: net::ERR_CONNECTION_CLOSED @ https://via.placeholder.com/300x200?text=No+Image:0
[  140046ms] [ERROR] Failed to load resource: net::ERR_CONNECTION_CLOSED @ https://via.placeholder.com/300x200?text=No+Image:0
[  140136ms] [ERROR] Failed to load resource: net::ERR_CONNECTION_CLOSED @ https://via.placeholder.com/300x200?text=No+Image:0
[  140225ms] [ERROR] Failed to load resource: net::ERR_CONNECTION_CLOSED @ https://via.placeholder.com/300x200?text=No+Image:0
[  140326ms] [ERROR] Failed to load resource: net::ERR_CONNECTION_CLOSED @ https://via.placeholder.com/300x200?text=No+Image:0
[  140418ms] [ERROR] Failed to load resource: net::ERR_CONNECTION_CLOSED @ https://via.placeholder.com/300x200?text=No+Image:0
[  140510ms] [ERROR] Failed to load resource: net::ERR_CONNECTION_CLOSED @ https://via.placeholder.com/300x200?text=No+Image:0
[  140600ms] [ERROR] Failed to load resource: net::ERR_CONNECTION_CLOSED @ https://via.placeholder.com/300x200?text=No+Image:0
[  140688ms] [ERROR] Failed to load resource: net::ERR_CONNECTION_CLOSED @ https://via.placeholder.com/300x200?text=No+Image:0
[  140783ms] [ERROR] Failed to load resource: net::ERR_CONNECTION_CLOSED @ https://via.placeholder.com/300x200?text=No+Image:0
[  140873ms] [ERROR] Failed to load resource: net::ERR_CONNECTION_CLOSED @ https://via.placeholder.com/300x200?text=No+Image:0
[  140969ms] [ERROR] Failed to load resource: net::ERR_CONNECTION_CLOSED @ https://via.placeholder.com/300x200?text=No+Image:0
[  141061ms] [ERROR] Failed to load resource: net::ERR_CONNECTION_CLOSED @ https://via.placeholder.com/300x200?text=No+Image:0
[  141156ms] [ERROR] Failed to load resource: net::ERR_CONNECTION_CLOSED @ https://via.placeholder.com/300x200?text=No+Image:0
[  141245ms] [ERROR] Failed to load resource: net::ERR_CONNECTION_CLOSED @ https://via.placeholder.com/300x200?text=No+Image:0
[  141336ms] [ERROR] Failed to load resource: net::ERR_CONNECTION_CLOSED @ https://via.placeholder.com/300x200?text=No+Image:0
[  141427ms] [ERROR] Failed to load resource: net::ERR_CONNECTION_CLOSED @ https://via.placeholder.com/300x200?text=No+Image:0
[  141526ms] [ERROR] Failed to load resource: net::ERR_CONNECTION_CLOSED @ https://via.placeholder.com/300x200?text=No+Image:0
[  141615ms] [ERROR] Failed to load resource: net::ERR_CONNECTION_CLOSED @ https://via.placeholder.com/300x200?text=No+Image:0
[  141717ms] [ERROR] Failed to load resource: net::ERR_CONNECTION_CLOSED @ https://via.placeholder.com/300x200?text=No+Image:0
[  141807ms] [ERROR] Failed to load resource: net::ERR_CONNECTION_CLOSED @ https://via.placeholder.com/300x200?text=No+Image:0
[  141898ms] [ERROR] Failed to load resource: net::ERR_CONNECTION_CLOSED @ https://via.placeholder.com/300x200?text=No+Image:0
[  141993ms] [ERROR] Failed to load resource: net::ERR_CONNECTION_CLOSED @ https://via.placeholder.com/300x200?text=No+Image:0
[  142083ms] [ERROR] Failed to load resource: net::ERR_CONNECTION_CLOSED @ https://via.placeholder.com/300x200?text=No+Image:0
[  142181ms] [ERROR] Failed to load resource: net::ERR_CONNECTION_CLOSED @ https://via.placeholder.com/300x200?text=No+Image:0
[  142278ms] [ERROR] Failed to load resource: net::ERR_CONNECTION_CLOSED @ https://via.placeholder.com/300x200?text=No+Image:0
[  142371ms] [ERROR] Failed to load resource: net::ERR_CONNECTION_CLOSED @ https://via.placeholder.com/300x200?text=No+Image:0
[  142461ms] [ERROR] Failed to load resource: net::ERR_CONNECTION_CLOSED @ https://via.placeholder.com/300x200?text=No+Image:0
[  142556ms] [ERROR] Failed to load resource: net::ERR_CONNECTION_CLOSED @ https://via.placeholder.com/300x200?text=No+Image:0
[  142645ms] [ERROR] Failed to load resource: net::ERR_CONNECTION_CLOSED @ https://via.placeholder.com/300x200?text=No+Image:0
[  142739ms] [ERROR] Failed to load resource: net::ERR_CONNECTION_CLOSED @ https://via.placeholder.com/300x200?text=No+Image:0
[  142829ms] [ERROR] Failed to load resource: net::ERR_CONNECTION_CLOSED @ https://via.placeholder.com/300x200?text=No+Image:0
[  142926ms] [ERROR] Failed to load resource: net::ERR_CONNECTION_CLOSED @ https://via.placeholder.com/300x200?text=No+Image:0
[  143018ms] [ERROR] Failed to load resource: net::ERR_CONNECTION_CLOSED @ https://via.placeholder.com/300x200?text=No+Image:0
[  143117ms] [ERROR] Failed to load resource: net::ERR_CONNECTION_CLOSED @ https://via.placeholder.com/300x200?text=No+Image:0
[  143215ms] [ERROR] Failed to load resource: net::ERR_CONNECTION_CLOSED @ https://via.placeholder.com/300x200?text=No+Image:0
[  143309ms] [ERROR] Failed to load resource: net::ERR_CONNECTION_CLOSED @ https://via.placeholder.com/300x200?text=No+Image:0
[  143416ms] [ERROR] Failed to load resource: net::ERR_CONNECTION_CLOSED @ https://via.placeholder.com/300x200?text=No+Image:0
[  143505ms] [ERROR] Failed to load resource: net::ERR_CONNECTION_CLOSED @ https://via.placeholder.com/300x200?text=No+Image:0
[  143599ms] [ERROR] Failed to load resource: net::ERR_CONNECTION_CLOSED @ https://via.placeholder.com/300x200?text=No+Image:0
[  143693ms] [ERROR] Failed to load resource: net::ERR_CONNECTION_CLOSED @ https://via.placeholder.com/300x200?text=No+Image:0
[  143786ms] [ERROR] Failed to load resource: net::ERR_CONNECTION_CLOSED @ https://via.placeholder.com/300x200?text=No+Image:0
[  143884ms] [ERROR] Failed to load resource: net::ERR_CONNECTION_CLOSED @ https://via.placeholder.com/300x200?text=No+Image:0
[  143985ms] [ERROR] Failed to load resource: net::ERR_CONNECTION_CLOSED @ https://via.placeholder.com/300x200?text=No+Image:0
[  144076ms] [ERROR] Failed to load resource: net::ERR_CONNECTION_CLOSED @ https://via.placeholder.com/300x200?text=No+Image:0
[  144166ms] [ERROR] Failed to load resource: net::ERR_CONNECTION_CLOSED @ https://via.placeholder.com/300x200?text=No+Image:0
[  144268ms] [ERROR] Failed to load resource: net::ERR_CONNECTION_CLOSED @ https://via.placeholder.com/300x200?text=No+Image:0
[  144358ms] [ERROR] Failed to load resource: net::ERR_CONNECTION_CLOSED @ https://via.placeholder.com/300x200?text=No+Image:0
[  144447ms] [ERROR] Failed to load resource: net::ERR_CONNECTION_CLOSED @ https://via.placeholder.com/300x200?text=No+Image:0
[  144539ms] [ERROR] Failed to load resource: net::ERR_CONNECTION_CLOSED @ https://via.placeholder.com/300x200?text=No+Image:0
[  144633ms] [ERROR] Failed to load resource: net::ERR_CONNECTION_CLOSED @ https://via.placeholder.com/300x200?text=No+Image:0
[  144727ms] [ERROR] Failed to load resource: net::ERR_CONNECTION_CLOSED @ https://via.placeholder.com/300x200?text=No+Image:0
[  144829ms] [ERROR] Failed to load resource: net::ERR_CONNECTION_CLOSED @ https://via.placeholder.com/300x200?text=No+Image:0
[  144929ms] [ERROR] Failed to load resource: net::ERR_CONNECTION_CLOSED @ https://via.placeholder.com/300x200?text=No+Image:0
[  145031ms] [ERROR] Failed to load resource: net::ERR_CONNECTION_CLOSED @ https://via.placeholder.com/300x200?text=No+Image:0
[  145120ms] [ERROR] Failed to load resource: net::ERR_CONNECTION_CLOSED @ https://via.placeholder.com/300x200?text=No+Image:0
[  145217ms] [ERROR] Failed to load resource: net::ERR_CONNECTION_CLOSED @ https://via.placeholder.com/300x200?text=No+Image:0
[  145319ms] [ERROR] Failed to load resource: net::ERR_CONNECTION_CLOSED @ https://via.placeholder.com/300x200?text=No+Image:0
[  145416ms] [ERROR] Failed to load resource: net::ERR_CONNECTION_CLOSED @ https://via.placeholder.com/300x200?text=No+Image:0
[  145526ms] [ERROR] Failed to load resource: net::ERR_CONNECTION_CLOSED @ https://via.placeholder.com/300x200?text=No+Image:0
[  145624ms] [ERROR] Failed to load resource: net::ERR_CONNECTION_CLOSED @ https://via.placeholder.com/300x200?text=No+Image:0
[  145717ms] [ERROR] Failed to load resource: net::ERR_CONNECTION_CLOSED @ https://via.placeholder.com/300x200?text=No+Image:0
[  145813ms] [ERROR] Failed to load resource: net::ERR_CONNECTION_CLOSED @ https://via.placeholder.com/300x200?text=No+Image:0
[  145907ms] [ERROR] Failed to load resource: net::ERR_CONNECTION_CLOSED @ https://via.placeholder.com/300x200?text=No+Image:0
[  145998ms] [ERROR] Failed to load resource: net::ERR_CONNECTION_CLOSED @ https://via.placeholder.com/300x200?text=No+Image:0
[  146093ms] [ERROR] Failed to load resource: net::ERR_CONNECTION_CLOSED @ https://via.placeholder.com/300x200?text=No+Image:0
[  146189ms] [ERROR] Failed to load resource: net::ERR_CONNECTION_CLOSED @ https://via.placeholder.com/300x200?text=No+Image:0
[  146306ms] [ERROR] Failed to load resource: net::ERR_CONNECTION_CLOSED @ https://via.placeholder.com/300x200?text=No+Image:0
[  146401ms] [ERROR] Failed to load resource: net::ERR_CONNECTION_CLOSED @ https://via.placeholder.com/300x200?text=No+Image:0
[  146492ms] [ERROR] Failed to load resource: net::ERR_CONNECTION_CLOSED @ https://via.placeholder.com/300x200?text=No+Image:0
[  146588ms] [ERROR] Failed to load resource: net::ERR_CONNECTION_CLOSED @ https://via.placeholder.com/300x200?text=No+Image:0
[  146679ms] [ERROR] Failed to load resource: net::ERR_CONNECTION_CLOSED @ https://via.placeholder.com/300x200?text=No+Image:0
[  146771ms] [ERROR] Failed to load resource: net::ERR_CONNECTION_CLOSED @ https://via.placeholder.com/300x200?text=No+Image:0
[  146864ms] [ERROR] Failed to load resource: net::ERR_CONNECTION_CLOSED @ https://via.placeholder.com/300x200?text=No+Image:0
[  146958ms] [ERROR] Failed to load resource: net::ERR_CONNECTION_CLOSED @ https://via.placeholder.com/300x200?text=No+Image:0
[  147059ms] [ERROR] Failed to load resource: net::ERR_CONNECTION_CLOSED @ https://via.placeholder.com/300x200?text=No+Image:0
[  147151ms] [ERROR] Failed to load resource: net::ERR_CONNECTION_CLOSED @ https://via.placeholder.com/300x200?text=No+Image:0
[  147252ms] [ERROR] Failed to load resource: net::ERR_CONNECTION_CLOSED @ https://via.placeholder.com/300x200?text=No+Image:0
[  147346ms] [ERROR] Failed to load resource: net::ERR_CONNECTION_CLOSED @ https://via.placeholder.com/300x200?text=No+Image:0
[  147443ms] [ERROR] Failed to load resource: net::ERR_CONNECTION_CLOSED @ https://via.placeholder.com/300x200?text=No+Image:0
[  147536ms] [ERROR] Failed to load resource: net::ERR_CONNECTION_CLOSED @ https://via.placeholder.com/300x200?text=No+Image:0
[  147627ms] [ERROR] Failed to load resource: net::ERR_CONNECTION_CLOSED @ https://via.placeholder.com/300x200?text=No+Image:0
[  147724ms] [ERROR] Failed to load resource: net::ERR_CONNECTION_CLOSED @ https://via.placeholder.com/300x200?text=No+Image:0
[  147825ms] [ERROR] Failed to load resource: net::ERR_CONNECTION_CLOSED @ https://via.placeholder.com/300x200?text=No+Image:0
[  147913ms] [ERROR] Failed to load resource: net::ERR_CONNECTION_CLOSED @ https://via.placeholder.com/300x200?text=No+Image:0
[  148005ms] [ERROR] Failed to load resource: net::ERR_CONNECTION_CLOSED @ https://via.placeholder.com/300x200?text=No+Image:0
[  148103ms] [ERROR] Failed to load resource: net::ERR_CONNECTION_CLOSED @ https://via.placeholder.com/300x200?text=No+Image:0
[  148196ms] [ERROR] Failed to load resource: net::ERR_CONNECTION_CLOSED @ https://via.placeholder.com/300x200?text=No+Image:0
[  148292ms] [ERROR] Failed to load resource: net::ERR_CONNECTION_CLOSED @ https://via.placeholder.com/300x200?text=No+Image:0
[  148380ms] [ERROR] Failed to load resource: net::ERR_CONNECTION_CLOSED @ https://via.placeholder.com/300x200?text=No+Image:0
[  148473ms] [ERROR] Failed to load resource: net::ERR_CONNECTION_CLOSED @ https://via.placeholder.com/300x200?text=No+Image:0
[  148568ms] [ERROR] Failed to load resource: net::ERR_CONNECTION_CLOSED @ https://via.placeholder.com/300x200?text=No+Image:0
[  148657ms] [ERROR] Failed to load resource: net::ERR_CONNECTION_CLOSED @ https://via.placeholder.com/300x200?text=No+Image:0
[  148747ms] [ERROR] Failed to load resource: net::ERR_CONNECTION_CLOSED @ https://via.placeholder.com/300x200?text=No+Image:0
[  148842ms] [ERROR] Failed to load resource: net::ERR_CONNECTION_CLOSED @ https://via.placeholder.com/300x200?text=No+Image:0
[  148935ms] [ERROR] Failed to load resource: net::ERR_CONNECTION_CLOSED @ https://via.placeholder.com/300x200?text=No+Image:0
[  149029ms] [ERROR] Failed to load resource: net::ERR_CONNECTION_CLOSED @ https://via.placeholder.com/300x200?text=No+Image:0
[  149121ms] [ERROR] Failed to load resource: net::ERR_CONNECTION_CLOSED @ https://via.placeholder.com/300x200?text=No+Image:0
[  149216ms] [ERROR] Failed to load resource: net::ERR_CONNECTION_CLOSED @ https://via.placeholder.com/300x200?text=No+Image:0
[  149320ms] [ERROR] Failed to load resource: net::ERR_CONNECTION_CLOSED @ https://via.placeholder.com/300x200?text=No+Image:0
[  149414ms] [ERROR] Failed to load resource: net::ERR_CONNECTION_CLOSED @ https://via.placeholder.com/300x200?text=No+Image:0
[  149510ms] [ERROR] Failed to load resource: net::ERR_CONNECTION_CLOSED @ https://via.placeholder.com/300x200?text=No+Image:0
[  149600ms] [ERROR] Failed to load resource: net::ERR_CONNECTION_CLOSED @ https://via.placeholder.com/300x200?text=No+Image:0
[  149695ms] [ERROR] Failed to load resource: net::ERR_CONNECTION_CLOSED @ https://via.placeholder.com/300x200?text=No+Image:0
[  149793ms] [ERROR] Failed to load resource: net::ERR_CONNECTION_CLOSED @ https://via.placeholder.com/300x200?text=No+Image:0
[  149885ms] [ERROR] Failed to load resource: net::ERR_CONNECTION_CLOSED @ https://via.placeholder.com/300x200?text=No+Image:0
[  149976ms] [ERROR] Failed to load resource: net::ERR_CONNECTION_CLOSED @ https://via.placeholder.com/300x200?text=No+Image:0
[  150068ms] [ERROR] Failed to load resource: net::ERR_CONNECTION_CLOSED @ https://via.placeholder.com/300x200?text=No+Image:0
[  150164ms] [ERROR] Failed to load resource: net::ERR_CONNECTION_CLOSED @ https://via.placeholder.com/300x200?text=No+Image:0
[  150262ms] [ERROR] Failed to load resource: net::ERR_CONNECTION_CLOSED @ https://via.placeholder.com/300x200?text=No+Image:0
[  150360ms] [ERROR] Failed to load resource: net::ERR_CONNECTION_CLOSED @ https://via.placeholder.com/300x200?text=No+Image:0
[  150455ms] [ERROR] Failed to load resource: net::ERR_CONNECTION_CLOSED @ https://via.placeholder.com/300x200?text=No+Image:0
[  150547ms] [ERROR] Failed to load resource: net::ERR_CONNECTION_CLOSED @ https://via.placeholder.com/300x200?text=No+Image:0
[  150640ms] [ERROR] Failed to load resource: net::ERR_CONNECTION_CLOSED @ https://via.placeholder.com/300x200?text=No+Image:0
[  150735ms] [ERROR] Failed to load resource: net::ERR_CONNECTION_CLOSED @ https://via.placeholder.com/300x200?text=No+Image:0
[  150836ms] [ERROR] Failed to load resource: net::ERR_CONNECTION_CLOSED @ https://via.placeholder.com/300x200?text=No+Image:0
[  150929ms] [ERROR] Failed to load resource: net::ERR_CONNECTION_CLOSED @ https://via.placeholder.com/300x200?text=No+Image:0
[  151019ms] [ERROR] Failed to load resource: net::ERR_CONNECTION_CLOSED @ https://via.placeholder.com/300x200?text=No+Image:0
[  151113ms] [ERROR] Failed to load resource: net::ERR_CONNECTION_CLOSED @ https://via.placeholder.com/300x200?text=No+Image:0
[  151204ms] [ERROR] Failed to load resource: net::ERR_CONNECTION_CLOSED @ https://via.placeholder.com/300x200?text=No+Image:0
[  151296ms] [ERROR] Failed to load resource: net::ERR_CONNECTION_CLOSED @ https://via.placeholder.com/300x200?text=No+Image:0
[  151389ms] [ERROR] Failed to load resource: net::ERR_CONNECTION_CLOSED @ https://via.placeholder.com/300x200?text=No+Image:0
[  151479ms] [ERROR] Failed to load resource: net::ERR_CONNECTION_CLOSED @ https://via.placeholder.com/300x200?text=No+Image:0
[  151574ms] [ERROR] Failed to load resource: net::ERR_CONNECTION_CLOSED @ https://via.placeholder.com/300x200?text=No+Image:0
[  151670ms] [ERROR] Failed to load resource: net::ERR_CONNECTION_CLOSED @ https://via.placeholder.com/300x200?text=No+Image:0
[  151759ms] [ERROR] Failed to load resource: net::ERR_CONNECTION_CLOSED @ https://via.placeholder.com/300x200?text=No+Image:0
[  151850ms] [ERROR] Failed to load resource: net::ERR_CONNECTION_CLOSED @ https://via.placeholder.com/300x200?text=No+Image:0
[  151944ms] [ERROR] Failed to load resource: net::ERR_CONNECTION_CLOSED @ https://via.placeholder.com/300x200?text=No+Image:0
[  152039ms] [ERROR] Failed to load resource: net::ERR_CONNECTION_CLOSED @ https://via.placeholder.com/300x200?text=No+Image:0
[  152134ms] [ERROR] Failed to load resource: net::ERR_CONNECTION_CLOSED @ https://via.placeholder.com/300x200?text=No+Image:0
[  152224ms] [ERROR] Failed to load resource: net::ERR_CONNECTION_CLOSED @ https://via.placeholder.com/300x200?text=No+Image:0
[  152321ms] [ERROR] Failed to load resource: net::ERR_CONNECTION_CLOSED @ https://via.placeholder.com/300x200?text=No+Image:0
[  152416ms] [ERROR] Failed to load resource: net::ERR_CONNECTION_CLOSED @ https://via.placeholder.com/300x200?text=No+Image:0
[  152503ms] [ERROR] Failed to load resource: net::ERR_CONNECTION_CLOSED @ https://via.placeholder.com/300x200?text=No+Image:0
[  152592ms] [ERROR] Failed to load resource: net::ERR_CONNECTION_CLOSED @ https://via.placeholder.com/300x200?text=No+Image:0
[  152682ms] [ERROR] Failed to load resource: net::ERR_CONNECTION_CLOSED @ https://via.placeholder.com/300x200?text=No+Image:0
[  152776ms] [ERROR] Failed to load resource: net::ERR_CONNECTION_CLOSED @ https://via.placeholder.com/300x200?text=No+Image:0
[  152867ms] [ERROR] Failed to load resource: net::ERR_CONNECTION_CLOSED @ https://via.placeholder.com/300x200?text=No+Image:0
[  152961ms] [ERROR] Failed to load resource: net::ERR_CONNECTION_CLOSED @ https://via.placeholder.com/300x200?text=No+Image:0
[  153055ms] [ERROR] Failed to load resource: net::ERR_CONNECTION_CLOSED @ https://via.placeholder.com/300x200?text=No+Image:0
[  153148ms] [ERROR] Failed to load resource: net::ERR_CONNECTION_CLOSED @ https://via.placeholder.com/300x200?text=No+Image:0
[  153236ms] [ERROR] Failed to load resource: net::ERR_CONNECTION_CLOSED @ https://via.placeholder.com/300x200?text=No+Image:0
[  153325ms] [ERROR] Failed to load resource: net::ERR_CONNECTION_CLOSED @ https://via.placeholder.com/300x200?text=No+Image:0
[  153417ms] [ERROR] Failed to load resource: net::ERR_CONNECTION_CLOSED @ https://via.placeholder.com/300x200?text=No+Image:0
[  153518ms] [ERROR] Failed to load resource: net::ERR_CONNECTION_CLOSED @ https://via.placeholder.com/300x200?text=No+Image:0
[  153610ms] [ERROR] Failed to load resource: net::ERR_CONNECTION_CLOSED @ https://via.placeholder.com/300x200?text=No+Image:0
[  153704ms] [ERROR] Failed to load resource: net::ERR_CONNECTION_CLOSED @ https://via.placeholder.com/300x200?text=No+Image:0
[  153803ms] [ERROR] Failed to load resource: net::ERR_CONNECTION_CLOSED @ https://via.placeholder.com/300x200?text=No+Image:0
[  153893ms] [ERROR] Failed to load resource: net::ERR_CONNECTION_CLOSED @ https://via.placeholder.com/300x200?text=No+Image:0
[  153987ms] [ERROR] Failed to load resource: net::ERR_CONNECTION_CLOSED @ https://via.placeholder.com/300x200?text=No+Image:0
[  154082ms] [ERROR] Failed to load resource: net::ERR_CONNECTION_CLOSED @ https://via.placeholder.com/300x200?text=No+Image:0
[  154178ms] [ERROR] Failed to load resource: net::ERR_CONNECTION_CLOSED @ https://via.placeholder.com/300x200?text=No+Image:0
[  154269ms] [ERROR] Failed to load resource: net::ERR_CONNECTION_CLOSED @ https://via.placeholder.com/300x200?text=No+Image:0
[  154368ms] [ERROR] Failed to load resource: net::ERR_CONNECTION_CLOSED @ https://via.placeholder.com/300x200?text=No+Image:0
[  154456ms] [ERROR] Failed to load resource: net::ERR_CONNECTION_CLOSED @ https://via.placeholder.com/300x200?text=No+Image:0
[  154549ms] [ERROR] Failed to load resource: net::ERR_CONNECTION_CLOSED @ https://via.placeholder.com/300x200?text=No+Image:0
[  154643ms] [ERROR] Failed to load resource: net::ERR_CONNECTION_CLOSED @ https://via.placeholder.com/300x200?text=No+Image:0
[  154740ms] [ERROR] Failed to load resource: net::ERR_CONNECTION_CLOSED @ https://via.placeholder.com/300x200?text=No+Image:0
[  154834ms] [ERROR] Failed to load resource: net::ERR_CONNECTION_CLOSED @ https://via.placeholder.com/300x200?text=No+Image:0
[  154928ms] [ERROR] Failed to load resource: net::ERR_CONNECTION_CLOSED @ https://via.placeholder.com/300x200?text=No+Image:0
[  155022ms] [ERROR] Failed to load resource: net::ERR_CONNECTION_CLOSED @ https://via.placeholder.com/300x200?text=No+Image:0
[  155113ms] [ERROR] Failed to load resource: net::ERR_CONNECTION_CLOSED @ https://via.placeholder.com/300x200?text=No+Image:0
[  155206ms] [ERROR] Failed to load resource: net::ERR_CONNECTION_CLOSED @ https://via.placeholder.com/300x200?text=No+Image:0
[  155306ms] [ERROR] Failed to load resource: net::ERR_CONNECTION_CLOSED @ https://via.placeholder.com/300x200?text=No+Image:0
[  155395ms] [ERROR] Failed to load resource: net::ERR_CONNECTION_CLOSED @ https://via.placeholder.com/300x200?text=No+Image:0
[  155487ms] [ERROR] Failed to load resource: net::ERR_CONNECTION_CLOSED @ https://via.placeholder.com/300x200?text=No+Image:0
[  155583ms] [ERROR] Failed to load resource: net::ERR_CONNECTION_CLOSED @ https://via.placeholder.com/300x200?text=No+Image:0
[  155673ms] [ERROR] Failed to load resource: net::ERR_CONNECTION_CLOSED @ https://via.placeholder.com/300x200?text=No+Image:0
[  155768ms] [ERROR] Failed to load resource: net::ERR_CONNECTION_CLOSED @ https://via.placeholder.com/300x200?text=No+Image:0
[  155872ms] [ERROR] Failed to load resource: net::ERR_CONNECTION_CLOSED @ https://via.placeholder.com/300x200?text=No+Image:0
[  155967ms] [ERROR] Failed to load resource: net::ERR_CONNECTION_CLOSED @ https://via.placeholder.com/300x200?text=No+Image:0
[  156062ms] [ERROR] Failed to load resource: net::ERR_CONNECTION_CLOSED @ https://via.placeholder.com/300x200?text=No+Image:0
[  156166ms] [ERROR] Failed to load resource: net::ERR_CONNECTION_CLOSED @ https://via.placeholder.com/300x200?text=No+Image:0
[  156257ms] [ERROR] Failed to load resource: net::ERR_CONNECTION_CLOSED @ https://via.placeholder.com/300x200?text=No+Image:0
[  156352ms] [ERROR] Failed to load resource: net::ERR_CONNECTION_CLOSED @ https://via.placeholder.com/300x200?text=No+Image:0
[  156443ms] [ERROR] Failed to load resource: net::ERR_CONNECTION_CLOSED @ https://via.placeholder.com/300x200?text=No+Image:0
[  156540ms] [ERROR] Failed to load resource: net::ERR_CONNECTION_CLOSED @ https://via.placeholder.com/300x200?text=No+Image:0
[  156631ms] [ERROR] Failed to load resource: net::ERR_CONNECTION_CLOSED @ https://via.placeholder.com/300x200?text=No+Image:0
[  156725ms] [ERROR] Failed to load resource: net::ERR_CONNECTION_CLOSED @ https://via.placeholder.com/300x200?text=No+Image:0
[  156819ms] [ERROR] Failed to load resource: net::ERR_CONNECTION_CLOSED @ https://via.placeholder.com/300x200?text=No+Image:0
[  156911ms] [ERROR] Failed to load resource: net::ERR_CONNECTION_CLOSED @ https://via.placeholder.com/300x200?text=No+Image:0
[  157007ms] [ERROR] Failed to load resource: net::ERR_CONNECTION_CLOSED @ https://via.placeholder.com/300x200?text=No+Image:0
[  157108ms] [ERROR] Failed to load resource: net::ERR_CONNECTION_CLOSED @ https://via.placeholder.com/300x200?text=No+Image:0
[  157204ms] [ERROR] Failed to load resource: net::ERR_CONNECTION_CLOSED @ https://via.placeholder.com/300x200?text=No+Image:0
[  157301ms] [ERROR] Failed to load resource: net::ERR_CONNECTION_CLOSED @ https://via.placeholder.com/300x200?text=No+Image:0
[  157390ms] [ERROR] Failed to load resource: net::ERR_CONNECTION_CLOSED @ https://via.placeholder.com/300x200?text=No+Image:0
[  157480ms] [ERROR] Failed to load resource: net::ERR_CONNECTION_CLOSED @ https://via.placeholder.com/300x200?text=No+Image:0
[  157573ms] [ERROR] Failed to load resource: net::ERR_CONNECTION_CLOSED @ https://via.placeholder.com/300x200?text=No+Image:0
[  157674ms] [ERROR] Failed to load resource: net::ERR_CONNECTION_CLOSED @ https://via.placeholder.com/300x200?text=No+Image:0
[  157768ms] [ERROR] Failed to load resource: net::ERR_CONNECTION_CLOSED @ https://via.placeholder.com/300x200?text=No+Image:0
[  157863ms] [ERROR] Failed to load resource: net::ERR_CONNECTION_CLOSED @ https://via.placeholder.com/300x200?text=No+Image:0
[  157957ms] [ERROR] Failed to load resource: net::ERR_CONNECTION_CLOSED @ https://via.placeholder.com/300x200?text=No+Image:0
[  158054ms] [ERROR] Failed to load resource: net::ERR_CONNECTION_CLOSED @ https://via.placeholder.com/300x200?text=No+Image:0
[  158152ms] [ERROR] Failed to load resource: net::ERR_CONNECTION_CLOSED @ https://via.placeholder.com/300x200?text=No+Image:0
[  158247ms] [ERROR] Failed to load resource: net::ERR_CONNECTION_CLOSED @ https://via.placeholder.com/300x200?text=No+Image:0
[  158351ms] [ERROR] Failed to load resource: net::ERR_CONNECTION_CLOSED @ https://via.placeholder.com/300x200?text=No+Image:0
[  158457ms] [ERROR] Failed to load resource: net::ERR_CONNECTION_CLOSED @ https://via.placeholder.com/300x200?text=No+Image:0
[  158552ms] [ERROR] Failed to load resource: net::ERR_CONNECTION_CLOSED @ https://via.placeholder.com/300x200?text=No+Image:0
[  158654ms] [ERROR] Failed to load resource: net::ERR_CONNECTION_CLOSED @ https://via.placeholder.com/300x200?text=No+Image:0
[  158749ms] [ERROR] Failed to load resource: net::ERR_CONNECTION_CLOSED @ https://via.placeholder.com/300x200?text=No+Image:0
[  158855ms] [ERROR] Failed to load resource: net::ERR_CONNECTION_CLOSED @ https://via.placeholder.com/300x200?text=No+Image:0
[  158956ms] [ERROR] Failed to load resource: net::ERR_CONNECTION_CLOSED @ https://via.placeholder.com/300x200?text=No+Image:0
[  159053ms] [ERROR] Failed to load resource: net::ERR_CONNECTION_CLOSED @ https://via.placeholder.com/300x200?text=No+Image:0
[  159149ms] [ERROR] Failed to load resource: net::ERR_CONNECTION_CLOSED @ https://via.placeholder.com/300x200?text=No+Image:0
[  159240ms] [ERROR] Failed to load resource: net::ERR_CONNECTION_CLOSED @ https://via.placeholder.com/300x200?text=No+Image:0
[  159333ms] [ERROR] Failed to load resource: net::ERR_CONNECTION_CLOSED @ https://via.placeholder.com/300x200?text=No+Image:0
[  159441ms] [ERROR] Failed to load resource: net::ERR_CONNECTION_CLOSED @ https://via.placeholder.com/300x200?text=No+Image:0
[  159536ms] [ERROR] Failed to load resource: net::ERR_CONNECTION_CLOSED @ https://via.placeholder.com/300x200?text=No+Image:0
[  159637ms] [ERROR] Failed to load resource: net::ERR_CONNECTION_CLOSED @ https://via.placeholder.com/300x200?text=No+Image:0
[  159732ms] [ERROR] Failed to load resource: net::ERR_CONNECTION_CLOSED @ https://via.placeholder.com/300x200?text=No+Image:0
[  159837ms] [ERROR] Failed to load resource: net::ERR_CONNECTION_CLOSED @ https://via.placeholder.com/300x200?text=No+Image:0
[  159940ms] [ERROR] Failed to load resource: net::ERR_CONNECTION_CLOSED @ https://via.placeholder.com/300x200?text=No+Image:0
[  160037ms] [ERROR] Failed to load resource: net::ERR_CONNECTION_CLOSED @ https://via.placeholder.com/300x200?text=No+Image:0
[  160126ms] [ERROR] Failed to load resource: net::ERR_CONNECTION_CLOSED @ https://via.placeholder.com/300x200?text=No+Image:0
[  160219ms] [ERROR] Failed to load resource: net::ERR_CONNECTION_CLOSED @ https://via.placeholder.com/300x200?text=No+Image:0
[  160315ms] [ERROR] Failed to load resource: net::ERR_CONNECTION_CLOSED @ https://via.placeholder.com/300x200?text=No+Image:0
[  160410ms] [ERROR] Failed to load resource: net::ERR_CONNECTION_CLOSED @ https://via.placeholder.com/300x200?text=No+Image:0
[  160511ms] [ERROR] Failed to load resource: net::ERR_CONNECTION_CLOSED @ https://via.placeholder.com/300x200?text=No+Image:0
[  160612ms] [ERROR] Failed to load resource: net::ERR_CONNECTION_CLOSED @ https://via.placeholder.com/300x200?text=No+Image:0
[  160714ms] [ERROR] Failed to load resource: net::ERR_CONNECTION_CLOSED @ https://via.placeholder.com/300x200?text=No+Image:0
[  160819ms] [ERROR] Failed to load resource: net::ERR_CONNECTION_CLOSED @ https://via.placeholder.com/300x200?text=No+Image:0
[  160914ms] [ERROR] Failed to load resource: net::ERR_CONNECTION_CLOSED @ https://via.placeholder.com/300x200?text=No+Image:0
[  161010ms] [ERROR] Failed to load resource: net::ERR_CONNECTION_CLOSED @ https://via.placeholder.com/300x200?text=No+Image:0
[  161113ms] [ERROR] Failed to load resource: net::ERR_CONNECTION_CLOSED @ https://via.placeholder.com/300x200?text=No+Image:0
[  161212ms] [ERROR] Failed to load resource: net::ERR_CONNECTION_CLOSED @ https://via.placeholder.com/300x200?text=No+Image:0
[  161319ms] [ERROR] Failed to load resource: net::ERR_CONNECTION_CLOSED @ https://via.placeholder.com/300x200?text=No+Image:0
[  161410ms] [ERROR] Failed to load resource: net::ERR_CONNECTION_CLOSED @ https://via.placeholder.com/300x200?text=No+Image:0
[  161508ms] [ERROR] Failed to load resource: net::ERR_CONNECTION_CLOSED @ https://via.placeholder.com/300x200?text=No+Image:0
[  161598ms] [ERROR] Failed to load resource: net::ERR_CONNECTION_CLOSED @ https://via.placeholder.com/300x200?text=No+Image:0
[  161688ms] [ERROR] Failed to load resource: net::ERR_CONNECTION_CLOSED @ https://via.placeholder.com/300x200?text=No+Image:0
[  161780ms] [ERROR] Failed to load resource: net::ERR_CONNECTION_CLOSED @ https://via.placeholder.com/300x200?text=No+Image:0
[  161883ms] [ERROR] Failed to load resource: net::ERR_CONNECTION_CLOSED @ https://via.placeholder.com/300x200?text=No+Image:0
[  161972ms] [ERROR] Failed to load resource: net::ERR_CONNECTION_CLOSED @ https://via.placeholder.com/300x200?text=No+Image:0
[  162068ms] [ERROR] Failed to load resource: net::ERR_CONNECTION_CLOSED @ https://via.placeholder.com/300x200?text=No+Image:0
[  162168ms] [ERROR] Failed to load resource: net::ERR_CONNECTION_CLOSED @ https://via.placeholder.com/300x200?text=No+Image:0
[  162269ms] [ERROR] Failed to load resource: net::ERR_CONNECTION_CLOSED @ https://via.placeholder.com/300x200?text=No+Image:0
[  162359ms] [ERROR] Failed to load resource: net::ERR_CONNECTION_CLOSED @ https://via.placeholder.com/300x200?text=No+Image:0
[  162453ms] [ERROR] Failed to load resource: net::ERR_CONNECTION_CLOSED @ https://via.placeholder.com/300x200?text=No+Image:0
[  162548ms] [ERROR] Failed to load resource: net::ERR_CONNECTION_CLOSED @ https://via.placeholder.com/300x200?text=No+Image:0
[  162645ms] [ERROR] Failed to load resource: net::ERR_CONNECTION_CLOSED @ https://via.placeholder.com/300x200?text=No+Image:0
[  162740ms] [ERROR] Failed to load resource: net::ERR_CONNECTION_CLOSED @ https://via.placeholder.com/300x200?text=No+Image:0
[  162836ms] [ERROR] Failed to load resource: net::ERR_CONNECTION_CLOSED @ https://via.placeholder.com/300x200?text=No+Image:0
[  162930ms] [ERROR] Failed to load resource: net::ERR_CONNECTION_CLOSED @ https://via.placeholder.com/300x200?text=No+Image:0
[  163020ms] [ERROR] Failed to load resource: net::ERR_CONNECTION_CLOSED @ https://via.placeholder.com/300x200?text=No+Image:0
[  163117ms] [ERROR] Failed to load resource: net::ERR_CONNECTION_CLOSED @ https://via.placeholder.com/300x200?text=No+Image:0
[  163208ms] [ERROR] Failed to load resource: net::ERR_CONNECTION_CLOSED @ https://via.placeholder.com/300x200?text=No+Image:0
[  163300ms] [ERROR] Failed to load resource: net::ERR_CONNECTION_CLOSED @ https://via.placeholder.com/300x200?text=No+Image:0
[  163396ms] [ERROR] Failed to load resource: net::ERR_CONNECTION_CLOSED @ https://via.placeholder.com/300x200?text=No+Image:0
[  163488ms] [ERROR] Failed to load resource: net::ERR_CONNECTION_CLOSED @ https://via.placeholder.com/300x200?text=No+Image:0
[  163591ms] [ERROR] Failed to load resource: net::ERR_CONNECTION_CLOSED @ https://via.placeholder.com/300x200?text=No+Image:0
[  163680ms] [ERROR] Failed to load resource: net::ERR_CONNECTION_CLOSED @ https://via.placeholder.com/300x200?text=No+Image:0
[  163771ms] [ERROR] Failed to load resource: net::ERR_CONNECTION_CLOSED @ https://via.placeholder.com/300x200?text=No+Image:0
[  163866ms] [ERROR] Failed to load resource: net::ERR_CONNECTION_CLOSED @ https://via.placeholder.com/300x200?text=No+Image:0
[  163960ms] [ERROR] Failed to load resource: net::ERR_CONNECTION_CLOSED @ https://via.placeholder.com/300x200?text=No+Image:0
[  164050ms] [ERROR] Failed to load resource: net::ERR_CONNECTION_CLOSED @ https://via.placeholder.com/300x200?text=No+Image:0
[  164139ms] [ERROR] Failed to load resource: net::ERR_CONNECTION_CLOSED @ https://via.placeholder.com/300x200?text=No+Image:0
[  164237ms] [ERROR] Failed to load resource: net::ERR_CONNECTION_CLOSED @ https://via.placeholder.com/300x200?text=No+Image:0
[  164326ms] [ERROR] Failed to load resource: net::ERR_CONNECTION_CLOSED @ https://via.placeholder.com/300x200?text=No+Image:0
[  164417ms] [ERROR] Failed to load resource: net::ERR_CONNECTION_CLOSED @ https://via.placeholder.com/300x200?text=No+Image:0
[  164508ms] [ERROR] Failed to load resource: net::ERR_CONNECTION_CLOSED @ https://via.placeholder.com/300x200?text=No+Image:0
[  164597ms] [ERROR] Failed to load resource: net::ERR_CONNECTION_CLOSED @ https://via.placeholder.com/300x200?text=No+Image:0
[  164700ms] [ERROR] Failed to load resource: net::ERR_CONNECTION_CLOSED @ https://via.placeholder.com/300x200?text=No+Image:0
[  164792ms] [ERROR] Failed to load resource: net::ERR_CONNECTION_CLOSED @ https://via.placeholder.com/300x200?text=No+Image:0
[  164886ms] [ERROR] Failed to load resource: net::ERR_CONNECTION_CLOSED @ https://via.placeholder.com/300x200?text=No+Image:0
[  164984ms] [ERROR] Failed to load resource: net::ERR_CONNECTION_CLOSED @ https://via.placeholder.com/300x200?text=No+Image:0
[  165080ms] [ERROR] Failed to load resource: net::ERR_CONNECTION_CLOSED @ https://via.placeholder.com/300x200?text=No+Image:0
[  165173ms] [ERROR] Failed to load resource: net::ERR_CONNECTION_CLOSED @ https://via.placeholder.com/300x200?text=No+Image:0
[  165269ms] [ERROR] Failed to load resource: net::ERR_CONNECTION_CLOSED @ https://via.placeholder.com/300x200?text=No+Image:0
[  165358ms] [ERROR] Failed to load resource: net::ERR_CONNECTION_CLOSED @ https://via.placeholder.com/300x200?text=No+Image:0
[  165450ms] [ERROR] Failed to load resource: net::ERR_CONNECTION_CLOSED @ https://via.placeholder.com/300x200?text=No+Image:0
[  165544ms] [ERROR] Failed to load resource: net::ERR_CONNECTION_CLOSED @ https://via.placeholder.com/300x200?text=No+Image:0
[  165645ms] [ERROR] Failed to load resource: net::ERR_CONNECTION_CLOSED @ https://via.placeholder.com/300x200?text=No+Image:0
[  165739ms] [ERROR] Failed to load resource: net::ERR_CONNECTION_CLOSED @ https://via.placeholder.com/300x200?text=No+Image:0
[  165838ms] [ERROR] Failed to load resource: net::ERR_CONNECTION_CLOSED @ https://via.placeholder.com/300x200?text=No+Image:0
[  165931ms] [ERROR] Failed to load resource: net::ERR_CONNECTION_CLOSED @ https://via.placeholder.com/300x200?text=No+Image:0
[  166024ms] [ERROR] Failed to load resource: net::ERR_CONNECTION_CLOSED @ https://via.placeholder.com/300x200?text=No+Image:0
[  166118ms] [ERROR] Failed to load resource: net::ERR_CONNECTION_CLOSED @ https://via.placeholder.com/300x200?text=No+Image:0
[  166218ms] [ERROR] Failed to load resource: net::ERR_CONNECTION_CLOSED @ https://via.placeholder.com/300x200?text=No+Image:0
[  166309ms] [ERROR] Failed to load resource: net::ERR_CONNECTION_CLOSED @ https://via.placeholder.com/300x200?text=No+Image:0
[  166402ms] [ERROR] Failed to load resource: net::ERR_CONNECTION_CLOSED @ https://via.placeholder.com/300x200?text=No+Image:0
[  166497ms] [ERROR] Failed to load resource: net::ERR_CONNECTION_CLOSED @ https://via.placeholder.com/300x200?text=No+Image:0
[  166587ms] [ERROR] Failed to load resource: net::ERR_CONNECTION_CLOSED @ https://via.placeholder.com/300x200?text=No+Image:0
[  166685ms] [ERROR] Failed to load resource: net::ERR_CONNECTION_CLOSED @ https://via.placeholder.com/300x200?text=No+Image:0
[  166778ms] [ERROR] Failed to load resource: net::ERR_CONNECTION_CLOSED @ https://via.placeholder.com/300x200?text=No+Image:0
[  166869ms] [ERROR] Failed to load resource: net::ERR_CONNECTION_CLOSED @ https://via.placeholder.com/300x200?text=No+Image:0
[  166966ms] [ERROR] Failed to load resource: net::ERR_CONNECTION_CLOSED @ https://via.placeholder.com/300x200?text=No+Image:0
[  167062ms] [ERROR] Failed to load resource: net::ERR_CONNECTION_CLOSED @ https://via.placeholder.com/300x200?text=No+Image:0
[  167163ms] [ERROR] Failed to load resource: net::ERR_CONNECTION_CLOSED @ https://via.placeholder.com/300x200?text=No+Image:0
[  167259ms] [ERROR] Failed to load resource: net::ERR_CONNECTION_CLOSED @ https://via.placeholder.com/300x200?text=No+Image:0
[  167355ms] [ERROR] Failed to load resource: net::ERR_CONNECTION_CLOSED @ https://via.placeholder.com/300x200?text=No+Image:0
[  167446ms] [ERROR] Failed to load resource: net::ERR_CONNECTION_CLOSED @ https://via.placeholder.com/300x200?text=No+Image:0
[  167541ms] [ERROR] Failed to load resource: net::ERR_CONNECTION_CLOSED @ https://via.placeholder.com/300x200?text=No+Image:0
[  167640ms] [ERROR] Failed to load resource: net::ERR_CONNECTION_CLOSED @ https://via.placeholder.com/300x200?text=No+Image:0
[  167734ms] [ERROR] Failed to load resource: net::ERR_CONNECTION_CLOSED @ https://via.placeholder.com/300x200?text=No+Image:0
[  167826ms] [ERROR] Failed to load resource: net::ERR_CONNECTION_CLOSED @ https://via.placeholder.com/300x200?text=No+Image:0
[  167919ms] [ERROR] Failed to load resource: net::ERR_CONNECTION_CLOSED @ https://via.placeholder.com/300x200?text=No+Image:0
[  168009ms] [ERROR] Failed to load resource: net::ERR_CONNECTION_CLOSED @ https://via.placeholder.com/300x200?text=No+Image:0
[  168103ms] [ERROR] Failed to load resource: net::ERR_CONNECTION_CLOSED @ https://via.placeholder.com/300x200?text=No+Image:0
[  168195ms] [ERROR] Failed to load resource: net::ERR_CONNECTION_CLOSED @ https://via.placeholder.com/300x200?text=No+Image:0
[  168291ms] [ERROR] Failed to load resource: net::ERR_CONNECTION_CLOSED @ https://via.placeholder.com/300x200?text=No+Image:0
[  168382ms] [ERROR] Failed to load resource: net::ERR_CONNECTION_CLOSED @ https://via.placeholder.com/300x200?text=No+Image:0
[  168475ms] [ERROR] Failed to load resource: net::ERR_CONNECTION_CLOSED @ https://via.placeholder.com/300x200?text=No+Image:0
[  168575ms] [ERROR] Failed to load resource: net::ERR_CONNECTION_CLOSED @ https://via.placeholder.com/300x200?text=No+Image:0
[  168672ms] [ERROR] Failed to load resource: net::ERR_CONNECTION_CLOSED @ https://via.placeholder.com/300x200?text=No+Image:0
[  168770ms] [ERROR] Failed to load resource: net::ERR_CONNECTION_CLOSED @ https://via.placeholder.com/300x200?text=No+Image:0
[  168864ms] [ERROR] Failed to load resource: net::ERR_CONNECTION_CLOSED @ https://via.placeholder.com/300x200?text=No+Image:0
[  168958ms] [ERROR] Failed to load resource: net::ERR_CONNECTION_CLOSED @ https://via.placeholder.com/300x200?text=No+Image:0
[  169052ms] [ERROR] Failed to load resource: net::ERR_CONNECTION_CLOSED @ https://via.placeholder.com/300x200?text=No+Image:0
[  169153ms] [ERROR] Failed to load resource: net::ERR_CONNECTION_CLOSED @ https://via.placeholder.com/300x200?text=No+Image:0
[  169248ms] [ERROR] Failed to load resource: net::ERR_CONNECTION_CLOSED @ https://via.placeholder.com/300x200?text=No+Image:0
[  169344ms] [ERROR] Failed to load resource: net::ERR_CONNECTION_CLOSED @ https://via.placeholder.com/300x200?text=No+Image:0
[  169435ms] [ERROR] Failed to load resource: net::ERR_CONNECTION_CLOSED @ https://via.placeholder.com/300x200?text=No+Image:0
[  169530ms] [ERROR] Failed to load resource: net::ERR_CONNECTION_CLOSED @ https://via.placeholder.com/300x200?text=No+Image:0
[  169623ms] [ERROR] Failed to load resource: net::ERR_CONNECTION_CLOSED @ https://via.placeholder.com/300x200?text=No+Image:0
[  169715ms] [ERROR] Failed to load resource: net::ERR_CONNECTION_CLOSED @ https://via.placeholder.com/300x200?text=No+Image:0
[  169808ms] [ERROR] Failed to load resource: net::ERR_CONNECTION_CLOSED @ https://via.placeholder.com/300x200?text=No+Image:0
[  169903ms] [ERROR] Failed to load resource: net::ERR_CONNECTION_CLOSED @ https://via.placeholder.com/300x200?text=No+Image:0
[  169994ms] [ERROR] Failed to load resource: net::ERR_CONNECTION_CLOSED @ https://via.placeholder.com/300x200?text=No+Image:0
[  170101ms] [ERROR] Failed to load resource: net::ERR_CONNECTION_CLOSED @ https://via.placeholder.com/300x200?text=No+Image:0
[  170192ms] [ERROR] Failed to load resource: net::ERR_CONNECTION_CLOSED @ https://via.placeholder.com/300x200?text=No+Image:0
[  170289ms] [ERROR] Failed to load resource: net::ERR_CONNECTION_CLOSED @ https://via.placeholder.com/300x200?text=No+Image:0
[  170379ms] [ERROR] Failed to load resource: net::ERR_CONNECTION_CLOSED @ https://via.placeholder.com/300x200?text=No+Image:0
[  170470ms] [ERROR] Failed to load resource: net::ERR_CONNECTION_CLOSED @ https://via.placeholder.com/300x200?text=No+Image:0
[  170563ms] [ERROR] Failed to load resource: net::ERR_CONNECTION_CLOSED @ https://via.placeholder.com/300x200?text=No+Image:0
[  170667ms] [ERROR] Failed to load resource: net::ERR_CONNECTION_CLOSED @ https://via.placeholder.com/300x200?text=No+Image:0
[  170768ms] [ERROR] Failed to load resource: net::ERR_CONNECTION_CLOSED @ https://via.placeholder.com/300x200?text=No+Image:0
[  170858ms] [ERROR] Failed to load resource: net::ERR_CONNECTION_CLOSED @ https://via.placeholder.com/300x200?text=No+Image:0
[  170954ms] [ERROR] Failed to load resource: net::ERR_CONNECTION_CLOSED @ https://via.placeholder.com/300x200?text=No+Image:0
[  171045ms] [ERROR] Failed to load resource: net::ERR_CONNECTION_CLOSED @ https://via.placeholder.com/300x200?text=No+Image:0
[  171147ms] [ERROR] Failed to load resource: net::ERR_CONNECTION_CLOSED @ https://via.placeholder.com/300x200?text=No+Image:0
[  171240ms] [ERROR] Failed to load resource: net::ERR_CONNECTION_CLOSED @ https://via.placeholder.com/300x200?text=No+Image:0
[  171336ms] [ERROR] Failed to load resource: net::ERR_CONNECTION_CLOSED @ https://via.placeholder.com/300x200?text=No+Image:0
[  171428ms] [ERROR] Failed to load resource: net::ERR_CONNECTION_CLOSED @ https://via.placeholder.com/300x200?text=No+Image:0
[  171521ms] [ERROR] Failed to load resource: net::ERR_CONNECTION_CLOSED @ https://via.placeholder.com/300x200?text=No+Image:0
[  171620ms] [ERROR] Failed to load resource: net::ERR_CONNECTION_CLOSED @ https://via.placeholder.com/300x200?text=No+Image:0
[  171715ms] [ERROR] Failed to load resource: net::ERR_CONNECTION_CLOSED @ https://via.placeholder.com/300x200?text=No+Image:0
[  171806ms] [ERROR] Failed to load resource: net::ERR_CONNECTION_CLOSED @ https://via.placeholder.com/300x200?text=No+Image:0
[  171905ms] [ERROR] Failed to load resource: net::ERR_CONNECTION_CLOSED @ https://via.placeholder.com/300x200?text=No+Image:0
[  171997ms] [ERROR] Failed to load resource: net::ERR_CONNECTION_CLOSED @ https://via.placeholder.com/300x200?text=No+Image:0
[  172103ms] [ERROR] Failed to load resource: net::ERR_CONNECTION_CLOSED @ https://via.placeholder.com/300x200?text=No+Image:0
[  172201ms] [ERROR] Failed to load resource: net::ERR_CONNECTION_CLOSED @ https://via.placeholder.com/300x200?text=No+Image:0
[  172301ms] [ERROR] Failed to load resource: net::ERR_CONNECTION_CLOSED @ https://via.placeholder.com/300x200?text=No+Image:0
[  172394ms] [ERROR] Failed to load resource: net::ERR_CONNECTION_CLOSED @ https://via.placeholder.com/300x200?text=No+Image:0
[  172483ms] [ERROR] Failed to load resource: net::ERR_CONNECTION_CLOSED @ https://via.placeholder.com/300x200?text=No+Image:0
[  172577ms] [ERROR] Failed to load resource: net::ERR_CONNECTION_CLOSED @ https://via.placeholder.com/300x200?text=No+Image:0
[  172672ms] [ERROR] Failed to load resource: net::ERR_CONNECTION_CLOSED @ https://via.placeholder.com/300x200?text=No+Image:0
[  172764ms] [ERROR] Failed to load resource: net::ERR_CONNECTION_CLOSED @ https://via.placeholder.com/300x200?text=No+Image:0
[  172858ms] [ERROR] Failed to load resource: net::ERR_CONNECTION_CLOSED @ https://via.placeholder.com/300x200?text=No+Image:0
[  172950ms] [ERROR] Failed to load resource: net::ERR_CONNECTION_CLOSED @ https://via.placeholder.com/300x200?text=No+Image:0
[  173050ms] [ERROR] Failed to load resource: net::ERR_CONNECTION_CLOSED @ https://via.placeholder.com/300x200?text=No+Image:0
[  173155ms] [ERROR] Failed to load resource: net::ERR_CONNECTION_CLOSED @ https://via.placeholder.com/300x200?text=No+Image:0
[  173250ms] [ERROR] Failed to load resource: net::ERR_CONNECTION_CLOSED @ https://via.placeholder.com/300x200?text=No+Image:0
[  173345ms] [ERROR] Failed to load resource: net::ERR_CONNECTION_CLOSED @ https://via.placeholder.com/300x200?text=No+Image:0
[  173436ms] [ERROR] Failed to load resource: net::ERR_CONNECTION_CLOSED @ https://via.placeholder.com/300x200?text=No+Image:0
[  173524ms] [ERROR] Failed to load resource: net::ERR_CONNECTION_CLOSED @ https://via.placeholder.com/300x200?text=No+Image:0
[  173623ms] [ERROR] Failed to load resource: net::ERR_CONNECTION_CLOSED @ https://via.placeholder.com/300x200?text=No+Image:0
[  173722ms] [ERROR] Failed to load resource: net::ERR_CONNECTION_CLOSED @ https://via.placeholder.com/300x200?text=No+Image:0
[  173826ms] [ERROR] Failed to load resource: net::ERR_CONNECTION_CLOSED @ https://via.placeholder.com/300x200?text=No+Image:0
[  173931ms] [ERROR] Failed to load resource: net::ERR_CONNECTION_CLOSED @ https://via.placeholder.com/300x200?text=No+Image:0
[  174029ms] [ERROR] Failed to load resource: net::ERR_CONNECTION_CLOSED @ https://via.placeholder.com/300x200?text=No+Image:0
[  174127ms] [ERROR] Failed to load resource: net::ERR_CONNECTION_CLOSED @ https://via.placeholder.com/300x200?text=No+Image:0
[  174220ms] [ERROR] Failed to load resource: net::ERR_CONNECTION_CLOSED @ https://via.placeholder.com/300x200?text=No+Image:0
[  174311ms] [ERROR] Failed to load resource: net::ERR_CONNECTION_CLOSED @ https://via.placeholder.com/300x200?text=No+Image:0
[  174429ms] [ERROR] Failed to load resource: net::ERR_CONNECTION_CLOSED @ https://via.placeholder.com/300x200?text=No+Image:0
[  174523ms] [ERROR] Failed to load resource: net::ERR_CONNECTION_CLOSED @ https://via.placeholder.com/300x200?text=No+Image:0
[  174622ms] [ERROR] Failed to load resource: net::ERR_CONNECTION_CLOSED @ https://via.placeholder.com/300x200?text=No+Image:0
[  174716ms] [ERROR] Failed to load resource: net::ERR_CONNECTION_CLOSED @ https://via.placeholder.com/300x200?text=No+Image:0
[  174818ms] [ERROR] Failed to load resource: net::ERR_CONNECTION_CLOSED @ https://via.placeholder.com/300x200?text=No+Image:0
[  174912ms] [ERROR] Failed to load resource: net::ERR_CONNECTION_CLOSED @ https://via.placeholder.com/300x200?text=No+Image:0
[  175018ms] [ERROR] Failed to load resource: net::ERR_CONNECTION_CLOSED @ https://via.placeholder.com/300x200?text=No+Image:0
[  175125ms] [ERROR] Failed to load resource: net::ERR_CONNECTION_CLOSED @ https://via.placeholder.com/300x200?text=No+Image:0
[  175224ms] [ERROR] Failed to load resource: net::ERR_CONNECTION_CLOSED @ https://via.placeholder.com/300x200?text=No+Image:0
[  175319ms] [ERROR] Failed to load resource: net::ERR_CONNECTION_CLOSED @ https://via.placeholder.com/300x200?text=No+Image:0
[  175421ms] [ERROR] Failed to load resource: net::ERR_CONNECTION_CLOSED @ https://via.placeholder.com/300x200?text=No+Image:0
[  175517ms] [ERROR] Failed to load resource: net::ERR_CONNECTION_CLOSED @ https://via.placeholder.com/300x200?text=No+Image:0
[  175613ms] [ERROR] Failed to load resource: net::ERR_CONNECTION_CLOSED @ https://via.placeholder.com/300x200?text=No+Image:0
[  175708ms] [ERROR] Failed to load resource: net::ERR_CONNECTION_CLOSED @ https://via.placeholder.com/300x200?text=No+Image:0
[  175805ms] [ERROR] Failed to load resource: net::ERR_CONNECTION_CLOSED @ https://via.placeholder.com/300x200?text=No+Image:0
[  175899ms] [ERROR] Failed to load resource: net::ERR_CONNECTION_CLOSED @ https://via.placeholder.com/300x200?text=No+Image:0
[  175989ms] [ERROR] Failed to load resource: net::ERR_CONNECTION_CLOSED @ https://via.placeholder.com/300x200?text=No+Image:0
[  176088ms] [ERROR] Failed to load resource: net::ERR_CONNECTION_CLOSED @ https://via.placeholder.com/300x200?text=No+Image:0
[  176179ms] [ERROR] Failed to load resource: net::ERR_CONNECTION_CLOSED @ https://via.placeholder.com/300x200?text=No+Image:0
[  176272ms] [ERROR] Failed to load resource: net::ERR_CONNECTION_CLOSED @ https://via.placeholder.com/300x200?text=No+Image:0
[  176362ms] [ERROR] Failed to load resource: net::ERR_CONNECTION_CLOSED @ https://via.placeholder.com/300x200?text=No+Image:0
[  176459ms] [ERROR] Failed to load resource: net::ERR_CONNECTION_CLOSED @ https://via.placeholder.com/300x200?text=No+Image:0
[  176559ms] [ERROR] Failed to load resource: net::ERR_CONNECTION_CLOSED @ https://via.placeholder.com/300x200?text=No+Image:0
[  176659ms] [ERROR] Failed to load resource: net::ERR_CONNECTION_CLOSED @ https://via.placeholder.com/300x200?text=No+Image:0
[  176751ms] [ERROR] Failed to load resource: net::ERR_CONNECTION_CLOSED @ https://via.placeholder.com/300x200?text=No+Image:0
[  176849ms] [ERROR] Failed to load resource: net::ERR_CONNECTION_CLOSED @ https://via.placeholder.com/300x200?text=No+Image:0
[  176944ms] [ERROR] Failed to load resource: net::ERR_CONNECTION_CLOSED @ https://via.placeholder.com/300x200?text=No+Image:0
[  177039ms] [ERROR] Failed to load resource: net::ERR_CONNECTION_CLOSED @ https://via.placeholder.com/300x200?text=No+Image:0
[  177134ms] [ERROR] Failed to load resource: net::ERR_CONNECTION_CLOSED @ https://via.placeholder.com/300x200?text=No+Image:0
[  177230ms] [ERROR] Failed to load resource: net::ERR_CONNECTION_CLOSED @ https://via.placeholder.com/300x200?text=No+Image:0
[  177323ms] [ERROR] Failed to load resource: net::ERR_CONNECTION_CLOSED @ https://via.placeholder.com/300x200?text=No+Image:0
[  177419ms] [ERROR] Failed to load resource: net::ERR_CONNECTION_CLOSED @ https://via.placeholder.com/300x200?text=No+Image:0
[  177521ms] [ERROR] Failed to load resource: net::ERR_CONNECTION_CLOSED @ https://via.placeholder.com/300x200?text=No+Image:0
[  177616ms] [ERROR] Failed to load resource: net::ERR_CONNECTION_CLOSED @ https://via.placeholder.com/300x200?text=No+Image:0
[  177713ms] [ERROR] Failed to load resource: net::ERR_CONNECTION_CLOSED @ https://via.placeholder.com/300x200?text=No+Image:0
[  177825ms] [ERROR] Failed to load resource: net::ERR_CONNECTION_CLOSED @ https://via.placeholder.com/300x200?text=No+Image:0
[  177917ms] [ERROR] Failed to load resource: net::ERR_CONNECTION_CLOSED @ https://via.placeholder.com/300x200?text=No+Image:0
[  178008ms] [ERROR] Failed to load resource: net::ERR_CONNECTION_CLOSED @ https://via.placeholder.com/300x200?text=No+Image:0
[  178118ms] [ERROR] Failed to load resource: net::ERR_CONNECTION_CLOSED @ https://via.placeholder.com/300x200?text=No+Image:0
[  178208ms] [ERROR] Failed to load resource: net::ERR_CONNECTION_CLOSED @ https://via.placeholder.com/300x200?text=No+Image:0
[  178301ms] [ERROR] Failed to load resource: net::ERR_CONNECTION_CLOSED @ https://via.placeholder.com/300x200?text=No+Image:0
[  178397ms] [ERROR] Failed to load resource: net::ERR_CONNECTION_CLOSED @ https://via.placeholder.com/300x200?text=No+Image:0
[  178487ms] [ERROR] Failed to load resource: net::ERR_CONNECTION_CLOSED @ https://via.placeholder.com/300x200?text=No+Image:0
[  178582ms] [ERROR] Failed to load resource: net::ERR_CONNECTION_CLOSED @ https://via.placeholder.com/300x200?text=No+Image:0
[  178679ms] [ERROR] Failed to load resource: net::ERR_CONNECTION_CLOSED @ https://via.placeholder.com/300x200?text=No+Image:0
[  178771ms] [ERROR] Failed to load resource: net::ERR_CONNECTION_CLOSED @ https://via.placeholder.com/300x200?text=No+Image:0
[  178864ms] [ERROR] Failed to load resource: net::ERR_CONNECTION_CLOSED @ https://via.placeholder.com/300x200?text=No+Image:0
[  178956ms] [ERROR] Failed to load resource: net::ERR_CONNECTION_CLOSED @ https://via.placeholder.com/300x200?text=No+Image:0
[  179047ms] [ERROR] Failed to load resource: net::ERR_CONNECTION_CLOSED @ https://via.placeholder.com/300x200?text=No+Image:0
[  179140ms] [ERROR] Failed to load resource: net::ERR_CONNECTION_CLOSED @ https://via.placeholder.com/300x200?text=No+Image:0
[  179240ms] [ERROR] Failed to load resource: net::ERR_CONNECTION_CLOSED @ https://via.placeholder.com/300x200?text=No+Image:0
[  179331ms] [ERROR] Failed to load resource: net::ERR_CONNECTION_CLOSED @ https://via.placeholder.com/300x200?text=No+Image:0
[  179423ms] [ERROR] Failed to load resource: net::ERR_CONNECTION_CLOSED @ https://via.placeholder.com/300x200?text=No+Image:0
[  179515ms] [ERROR] Failed to load resource: net::ERR_CONNECTION_CLOSED @ https://via.placeholder.com/300x200?text=No+Image:0
[  179612ms] [ERROR] Failed to load resource: net::ERR_CONNECTION_CLOSED @ https://via.placeholder.com/300x200?text=No+Image:0
[  179707ms] [ERROR] Failed to load resource: net::ERR_CONNECTION_CLOSED @ https://via.placeholder.com/300x200?text=No+Image:0
[  179803ms] [ERROR] Failed to load resource: net::ERR_CONNECTION_CLOSED @ https://via.placeholder.com/300x200?text=No+Image:0
[  179895ms] [ERROR] Failed to load resource: net::ERR_CONNECTION_CLOSED @ https://via.placeholder.com/300x200?text=No+Image:0
[  179988ms] [ERROR] Failed to load resource: net::ERR_CONNECTION_CLOSED @ https://via.placeholder.com/300x200?text=No+Image:0
[  180082ms] [ERROR] Failed to load resource: net::ERR_CONNECTION_CLOSED @ https://via.placeholder.com/300x200?text=No+Image:0
[  180179ms] [ERROR] Failed to load resource: net::ERR_CONNECTION_CLOSED @ https://via.placeholder.com/300x200?text=No+Image:0
[  180275ms] [ERROR] Failed to load resource: net::ERR_CONNECTION_CLOSED @ https://via.placeholder.com/300x200?text=No+Image:0
[  180367ms] [ERROR] Failed to load resource: net::ERR_CONNECTION_CLOSED @ https://via.placeholder.com/300x200?text=No+Image:0
[  180459ms] [ERROR] Failed to load resource: net::ERR_CONNECTION_CLOSED @ https://via.placeholder.com/300x200?text=No+Image:0
[  180558ms] [ERROR] Failed to load resource: net::ERR_CONNECTION_CLOSED @ https://via.placeholder.com/300x200?text=No+Image:0
[  180659ms] [ERROR] Failed to load resource: net::ERR_CONNECTION_CLOSED @ https://via.placeholder.com/300x200?text=No+Image:0
[  180760ms] [ERROR] Failed to load resource: net::ERR_CONNECTION_CLOSED @ https://via.placeholder.com/300x200?text=No+Image:0
[  180853ms] [ERROR] Failed to load resource: net::ERR_CONNECTION_CLOSED @ https://via.placeholder.com/300x200?text=No+Image:0
[  180947ms] [ERROR] Failed to load resource: net::ERR_CONNECTION_CLOSED @ https://via.placeholder.com/300x200?text=No+Image:0
[  181038ms] [ERROR] Failed to load resource: net::ERR_CONNECTION_CLOSED @ https://via.placeholder.com/300x200?text=No+Image:0
[  181140ms] [ERROR] Failed to load resource: net::ERR_CONNECTION_CLOSED @ https://via.placeholder.com/300x200?text=No+Image:0
[  181230ms] [ERROR] Failed to load resource: net::ERR_CONNECTION_CLOSED @ https://via.placeholder.com/300x200?text=No+Image:0
[  181320ms] [ERROR] Failed to load resource: net::ERR_CONNECTION_CLOSED @ https://via.placeholder.com/300x200?text=No+Image:0
[  181417ms] [ERROR] Failed to load resource: net::ERR_CONNECTION_CLOSED @ https://via.placeholder.com/300x200?text=No+Image:0
[  181507ms] [ERROR] Failed to load resource: net::ERR_CONNECTION_CLOSED @ https://via.placeholder.com/300x200?text=No+Image:0
[  181604ms] [ERROR] Failed to load resource: net::ERR_CONNECTION_CLOSED @ https://via.placeholder.com/300x200?text=No+Image:0
[  181700ms] [ERROR] Failed to load resource: net::ERR_CONNECTION_CLOSED @ https://via.placeholder.com/300x200?text=No+Image:0
[  181793ms] [ERROR] Failed to load resource: net::ERR_CONNECTION_CLOSED @ https://via.placeholder.com/300x200?text=No+Image:0
[  181888ms] [ERROR] Failed to load resource: net::ERR_CONNECTION_CLOSED @ https://via.placeholder.com/300x200?text=No+Image:0
[  181976ms] [ERROR] Failed to load resource: net::ERR_CONNECTION_CLOSED @ https://via.placeholder.com/300x200?text=No+Image:0
[  182069ms] [ERROR] Failed to load resource: net::ERR_CONNECTION_CLOSED @ https://via.placeholder.com/300x200?text=No+Image:0
[  182164ms] [ERROR] Failed to load resource: net::ERR_CONNECTION_CLOSED @ https://via.placeholder.com/300x200?text=No+Image:0
[  182259ms] [ERROR] Failed to load resource: net::ERR_CONNECTION_CLOSED @ https://via.placeholder.com/300x200?text=No+Image:0
[  182351ms] [ERROR] Failed to load resource: net::ERR_CONNECTION_CLOSED @ https://via.placeholder.com/300x200?text=No+Image:0
[  182446ms] [ERROR] Failed to load resource: net::ERR_CONNECTION_CLOSED @ https://via.placeholder.com/300x200?text=No+Image:0
[  182537ms] [ERROR] Failed to load resource: net::ERR_CONNECTION_CLOSED @ https://via.placeholder.com/300x200?text=No+Image:0
[  182637ms] [ERROR] Failed to load resource: net::ERR_CONNECTION_CLOSED @ https://via.placeholder.com/300x200?text=No+Image:0
[  182730ms] [ERROR] Failed to load resource: net::ERR_CONNECTION_CLOSED @ https://via.placeholder.com/300x200?text=No+Image:0
[  182823ms] [ERROR] Failed to load resource: net::ERR_CONNECTION_CLOSED @ https://via.placeholder.com/300x200?text=No+Image:0
[  182918ms] [ERROR] Failed to load resource: net::ERR_CONNECTION_CLOSED @ https://via.placeholder.com/300x200?text=No+Image:0
[  183010ms] [ERROR] Failed to load resource: net::ERR_CONNECTION_CLOSED @ https://via.placeholder.com/300x200?text=No+Image:0
[  183104ms] [ERROR] Failed to load resource: net::ERR_CONNECTION_CLOSED @ https://via.placeholder.com/300x200?text=No+Image:0
[  183205ms] [ERROR] Failed to load resource: net::ERR_CONNECTION_CLOSED @ https://via.placeholder.com/300x200?text=No+Image:0
[  183301ms] [ERROR] Failed to load resource: net::ERR_CONNECTION_CLOSED @ https://via.placeholder.com/300x200?text=No+Image:0
[  183397ms] [ERROR] Failed to load resource: net::ERR_CONNECTION_CLOSED @ https://via.placeholder.com/300x200?text=No+Image:0
[  183489ms] [ERROR] Failed to load resource: net::ERR_CONNECTION_CLOSED @ https://via.placeholder.com/300x200?text=No+Image:0
[  183585ms] [ERROR] Failed to load resource: net::ERR_CONNECTION_CLOSED @ https://via.placeholder.com/300x200?text=No+Image:0
[  183686ms] [ERROR] Failed to load resource: net::ERR_CONNECTION_CLOSED @ https://via.placeholder.com/300x200?text=No+Image:0
[  183780ms] [ERROR] Failed to load resource: net::ERR_CONNECTION_CLOSED @ https://via.placeholder.com/300x200?text=No+Image:0
[  183881ms] [ERROR] Failed to load resource: net::ERR_CONNECTION_CLOSED @ https://via.placeholder.com/300x200?text=No+Image:0
[  183976ms] [ERROR] Failed to load resource: net::ERR_CONNECTION_CLOSED @ https://via.placeholder.com/300x200?text=No+Image:0
[  184070ms] [ERROR] Failed to load resource: net::ERR_CONNECTION_CLOSED @ https://via.placeholder.com/300x200?text=No+Image:0
[  184164ms] [ERROR] Failed to load resource: net::ERR_CONNECTION_CLOSED @ https://via.placeholder.com/300x200?text=No+Image:0
[  184259ms] [ERROR] Failed to load resource: net::ERR_CONNECTION_CLOSED @ https://via.placeholder.com/300x200?text=No+Image:0
[  184351ms] [ERROR] Failed to load resource: net::ERR_CONNECTION_CLOSED @ https://via.placeholder.com/300x200?text=No+Image:0
[  184446ms] [ERROR] Failed to load resource: net::ERR_CONNECTION_CLOSED @ https://via.placeholder.com/300x200?text=No+Image:0
[  184539ms] [ERROR] Failed to load resource: net::ERR_CONNECTION_CLOSED @ https://via.placeholder.com/300x200?text=No+Image:0
[  184641ms] [ERROR] Failed to load resource: net::ERR_CONNECTION_CLOSED @ https://via.placeholder.com/300x200?text=No+Image:0
[  184732ms] [ERROR] Failed to load resource: net::ERR_CONNECTION_CLOSED @ https://via.placeholder.com/300x200?text=No+Image:0
[  184825ms] [ERROR] Failed to load resource: net::ERR_CONNECTION_CLOSED @ https://via.placeholder.com/300x200?text=No+Image:0
[  184916ms] [ERROR] Failed to load resource: net::ERR_CONNECTION_CLOSED @ https://via.placeholder.com/300x200?text=No+Image:0
[  185017ms] [ERROR] Failed to load resource: net::ERR_CONNECTION_CLOSED @ https://via.placeholder.com/300x200?text=No+Image:0
[  185119ms] [ERROR] Failed to load resource: net::ERR_CONNECTION_CLOSED @ https://via.placeholder.com/300x200?text=No+Image:0
[  185210ms] [ERROR] Failed to load resource: net::ERR_CONNECTION_CLOSED @ https://via.placeholder.com/300x200?text=No+Image:0
[  185301ms] [ERROR] Failed to load resource: net::ERR_CONNECTION_CLOSED @ https://via.placeholder.com/300x200?text=No+Image:0
[  185397ms] [ERROR] Failed to load resource: net::ERR_CONNECTION_CLOSED @ https://via.placeholder.com/300x200?text=No+Image:0
[  185484ms] [ERROR] Failed to load resource: net::ERR_CONNECTION_CLOSED @ https://via.placeholder.com/300x200?text=No+Image:0
[  185583ms] [ERROR] Failed to load resource: net::ERR_CONNECTION_CLOSED @ https://via.placeholder.com/300x200?text=No+Image:0
[  185685ms] [ERROR] Failed to load resource: net::ERR_CONNECTION_CLOSED @ https://via.placeholder.com/300x200?text=No+Image:0
[  185773ms] [ERROR] Failed to load resource: net::ERR_CONNECTION_CLOSED @ https://via.placeholder.com/300x200?text=No+Image:0
[  185867ms] [ERROR] Failed to load resource: net::ERR_CONNECTION_CLOSED @ https://via.placeholder.com/300x200?text=No+Image:0
[  185955ms] [ERROR] Failed to load resource: net::ERR_CONNECTION_CLOSED @ https://via.placeholder.com/300x200?text=No+Image:0
[  186060ms] [ERROR] Failed to load resource: net::ERR_CONNECTION_CLOSED @ https://via.placeholder.com/300x200?text=No+Image:0
[  186154ms] [ERROR] Failed to load resource: net::ERR_CONNECTION_CLOSED @ https://via.placeholder.com/300x200?text=No+Image:0
[  186248ms] [ERROR] Failed to load resource: net::ERR_CONNECTION_CLOSED @ https://via.placeholder.com/300x200?text=No+Image:0
[  186339ms] [ERROR] Failed to load resource: net::ERR_CONNECTION_CLOSED @ https://via.placeholder.com/300x200?text=No+Image:0
[  186434ms] [ERROR] Failed to load resource: net::ERR_CONNECTION_CLOSED @ https://via.placeholder.com/300x200?text=No+Image:0
[  186528ms] [ERROR] Failed to load resource: net::ERR_CONNECTION_CLOSED @ https://via.placeholder.com/300x200?text=No+Image:0
[  186622ms] [ERROR] Failed to load resource: net::ERR_CONNECTION_CLOSED @ https://via.placeholder.com/300x200?text=No+Image:0
[  186717ms] [ERROR] Failed to load resource: net::ERR_CONNECTION_CLOSED @ https://via.placeholder.com/300x200?text=No+Image:0
[  186812ms] [ERROR] Failed to load resource: net::ERR_CONNECTION_CLOSED @ https://via.placeholder.com/300x200?text=No+Image:0
[  186906ms] [ERROR] Failed to load resource: net::ERR_CONNECTION_CLOSED @ https://via.placeholder.com/300x200?text=No+Image:0
[  187000ms] [ERROR] Failed to load resource: net::ERR_CONNECTION_CLOSED @ https://via.placeholder.com/300x200?text=No+Image:0
[  187094ms] [ERROR] Failed to load resource: net::ERR_CONNECTION_CLOSED @ https://via.placeholder.com/300x200?text=No+Image:0
[  187196ms] [ERROR] Failed to load resource: net::ERR_CONNECTION_CLOSED @ https://via.placeholder.com/300x200?text=No+Image:0
[  187288ms] [ERROR] Failed to load resource: net::ERR_CONNECTION_CLOSED @ https://via.placeholder.com/300x200?text=No+Image:0
[  187382ms] [ERROR] Failed to load resource: net::ERR_CONNECTION_CLOSED @ https://via.placeholder.com/300x200?text=No+Image:0
[  187471ms] [ERROR] Failed to load resource: net::ERR_CONNECTION_CLOSED @ https://via.placeholder.com/300x200?text=No+Image:0
[  187575ms] [ERROR] Failed to load resource: net::ERR_CONNECTION_CLOSED @ https://via.placeholder.com/300x200?text=No+Image:0
[  187669ms] [ERROR] Failed to load resource: net::ERR_CONNECTION_CLOSED @ https://via.placeholder.com/300x200?text=No+Image:0
[  187761ms] [ERROR] Failed to load resource: net::ERR_CONNECTION_CLOSED @ https://via.placeholder.com/300x200?text=No+Image:0
[  187853ms] [ERROR] Failed to load resource: net::ERR_CONNECTION_CLOSED @ https://via.placeholder.com/300x200?text=No+Image:0
[  187942ms] [ERROR] Failed to load resource: net::ERR_CONNECTION_CLOSED @ https://via.placeholder.com/300x200?text=No+Image:0
[  188034ms] [ERROR] Failed to load resource: net::ERR_CONNECTION_CLOSED @ https://via.placeholder.com/300x200?text=No+Image:0
[  188132ms] [ERROR] Failed to load resource: net::ERR_CONNECTION_CLOSED @ https://via.placeholder.com/300x200?text=No+Image:0
[  188228ms] [ERROR] Failed to load resource: net::ERR_CONNECTION_CLOSED @ https://via.placeholder.com/300x200?text=No+Image:0
[  188321ms] [ERROR] Failed to load resource: net::ERR_CONNECTION_CLOSED @ https://via.placeholder.com/300x200?text=No+Image:0
[  188412ms] [ERROR] Failed to load resource: net::ERR_CONNECTION_CLOSED @ https://via.placeholder.com/300x200?text=No+Image:0
[  188508ms] [ERROR] Failed to load resource: net::ERR_CONNECTION_CLOSED @ https://via.placeholder.com/300x200?text=No+Image:0
[  188604ms] [ERROR] Failed to load resource: net::ERR_CONNECTION_CLOSED @ https://via.placeholder.com/300x200?text=No+Image:0
[  188703ms] [ERROR] Failed to load resource: net::ERR_CONNECTION_CLOSED @ https://via.placeholder.com/300x200?text=No+Image:0
[  188793ms] [ERROR] Failed to load resource: net::ERR_CONNECTION_CLOSED @ https://via.placeholder.com/300x200?text=No+Image:0
[  188886ms] [ERROR] Failed to load resource: net::ERR_CONNECTION_CLOSED @ https://via.placeholder.com/300x200?text=No+Image:0
[  189000ms] [ERROR] Failed to load resource: net::ERR_CONNECTION_CLOSED @ https://via.placeholder.com/300x200?text=No+Image:0
[  189092ms] [ERROR] Failed to load resource: net::ERR_CONNECTION_CLOSED @ https://via.placeholder.com/300x200?text=No+Image:0
[  189207ms] [ERROR] Failed to load resource: net::ERR_CONNECTION_CLOSED @ https://via.placeholder.com/300x200?text=No+Image:0
[  189299ms] [ERROR] Failed to load resource: net::ERR_CONNECTION_CLOSED @ https://via.placeholder.com/300x200?text=No+Image:0
[  189390ms] [ERROR] Failed to load resource: net::ERR_CONNECTION_CLOSED @ https://via.placeholder.com/300x200?text=No+Image:0
[  189485ms] [ERROR] Failed to load resource: net::ERR_CONNECTION_CLOSED @ https://via.placeholder.com/300x200?text=No+Image:0
[  189599ms] [ERROR] Failed to load resource: net::ERR_CONNECTION_CLOSED @ https://via.placeholder.com/300x200?text=No+Image:0
[  189696ms] [ERROR] Failed to load resource: net::ERR_CONNECTION_CLOSED @ https://via.placeholder.com/300x200?text=No+Image:0
[  189794ms] [ERROR] Failed to load resource: net::ERR_CONNECTION_CLOSED @ https://via.placeholder.com/300x200?text=No+Image:0
[  189891ms] [ERROR] Failed to load resource: net::ERR_CONNECTION_CLOSED @ https://via.placeholder.com/300x200?text=No+Image:0
[  189987ms] [ERROR] Failed to load resource: net::ERR_CONNECTION_CLOSED @ https://via.placeholder.com/300x200?text=No+Image:0
[  190083ms] [ERROR] Failed to load resource: net::ERR_CONNECTION_CLOSED @ https://via.placeholder.com/300x200?text=No+Image:0
[  190177ms] [ERROR] Failed to load resource: net::ERR_CONNECTION_CLOSED @ https://via.placeholder.com/300x200?text=No+Image:0
[  190271ms] [ERROR] Failed to load resource: net::ERR_CONNECTION_CLOSED @ https://via.placeholder.com/300x200?text=No+Image:0
[  190369ms] [ERROR] Failed to load resource: net::ERR_CONNECTION_CLOSED @ https://via.placeholder.com/300x200?text=No+Image:0
[  190461ms] [ERROR] Failed to load resource: net::ERR_CONNECTION_CLOSED @ https://via.placeholder.com/300x200?text=No+Image:0
[  190558ms] [ERROR] Failed to load resource: net::ERR_CONNECTION_CLOSED @ https://via.placeholder.com/300x200?text=No+Image:0
[  190675ms] [ERROR] Failed to load resource: net::ERR_CONNECTION_CLOSED @ https://via.placeholder.com/300x200?text=No+Image:0
[  190770ms] [ERROR] Failed to load resource: net::ERR_CONNECTION_CLOSED @ https://via.placeholder.com/300x200?text=No+Image:0
[  190873ms] [ERROR] Failed to load resource: net::ERR_CONNECTION_CLOSED @ https://via.placeholder.com/300x200?text=No+Image:0
[  190971ms] [ERROR] Failed to load resource: net::ERR_CONNECTION_CLOSED @ https://via.placeholder.com/300x200?text=No+Image:0
[  191068ms] [ERROR] Failed to load resource: net::ERR_CONNECTION_CLOSED @ https://via.placeholder.com/300x200?text=No+Image:0
[  191172ms] [ERROR] Failed to load resource: net::ERR_CONNECTION_CLOSED @ https://via.placeholder.com/300x200?text=No+Image:0
[  191263ms] [ERROR] Failed to load resource: net::ERR_CONNECTION_CLOSED @ https://via.placeholder.com/300x200?text=No+Image:0
[  191358ms] [ERROR] Failed to load resource: net::ERR_CONNECTION_CLOSED @ https://via.placeholder.com/300x200?text=No+Image:0
[  191451ms] [ERROR] Failed to load resource: net::ERR_CONNECTION_CLOSED @ https://via.placeholder.com/300x200?text=No+Image:0
[  191541ms] [ERROR] Failed to load resource: net::ERR_CONNECTION_CLOSED @ https://via.placeholder.com/300x200?text=No+Image:0
[  191630ms] [ERROR] Failed to load resource: net::ERR_CONNECTION_CLOSED @ https://via.placeholder.com/300x200?text=No+Image:0
[  191741ms] [ERROR] Failed to load resource: net::ERR_CONNECTION_CLOSED @ https://via.placeholder.com/300x200?text=No+Image:0
[  191835ms] [ERROR] Failed to load resource: net::ERR_CONNECTION_CLOSED @ https://via.placeholder.com/300x200?text=No+Image:0
[  191923ms] [ERROR] Failed to load resource: net::ERR_CONNECTION_CLOSED @ https://via.placeholder.com/300x200?text=No+Image:0
[  192011ms] [ERROR] Failed to load resource: net::ERR_CONNECTION_CLOSED @ https://via.placeholder.com/300x200?text=No+Image:0
[  192114ms] [ERROR] Failed to load resource: net::ERR_CONNECTION_CLOSED @ https://via.placeholder.com/300x200?text=No+Image:0
[  192222ms] [ERROR] Failed to load resource: net::ERR_CONNECTION_CLOSED @ https://via.placeholder.com/300x200?text=No+Image:0
[  192316ms] [ERROR] Failed to load resource: net::ERR_CONNECTION_CLOSED @ https://via.placeholder.com/300x200?text=No+Image:0
[  192410ms] [ERROR] Failed to load resource: net::ERR_CONNECTION_CLOSED @ https://via.placeholder.com/300x200?text=No+Image:0
[  192506ms] [ERROR] Failed to load resource: net::ERR_CONNECTION_CLOSED @ https://via.placeholder.com/300x200?text=No+Image:0
[  192628ms] [ERROR] Failed to load resource: net::ERR_CONNECTION_CLOSED @ https://via.placeholder.com/300x200?text=No+Image:0
[  192715ms] [ERROR] Failed to load resource: net::ERR_CONNECTION_CLOSED @ https://via.placeholder.com/300x200?text=No+Image:0
[  192810ms] [ERROR] Failed to load resource: net::ERR_CONNECTION_CLOSED @ https://via.placeholder.com/300x200?text=No+Image:0
[  192912ms] [ERROR] Failed to load resource: net::ERR_CONNECTION_CLOSED @ https://via.placeholder.com/300x200?text=No+Image:0
[  193016ms] [ERROR] Failed to load resource: net::ERR_CONNECTION_CLOSED @ https://via.placeholder.com/300x200?text=No+Image:0
[  193106ms] [ERROR] Failed to load resource: net::ERR_CONNECTION_CLOSED @ https://via.placeholder.com/300x200?text=No+Image:0
[  193195ms] [ERROR] Failed to load resource: net::ERR_CONNECTION_CLOSED @ https://via.placeholder.com/300x200?text=No+Image:0
[  193292ms] [ERROR] Failed to load resource: net::ERR_CONNECTION_CLOSED @ https://via.placeholder.com/300x200?text=No+Image:0
[  193383ms] [ERROR] Failed to load resource: net::ERR_CONNECTION_CLOSED @ https://via.placeholder.com/300x200?text=No+Image:0
[  193472ms] [ERROR] Failed to load resource: net::ERR_CONNECTION_CLOSED @ https://via.placeholder.com/300x200?text=No+Image:0
[  193566ms] [ERROR] Failed to load resource: net::ERR_CONNECTION_CLOSED @ https://via.placeholder.com/300x200?text=No+Image:0
[  193660ms] [ERROR] Failed to load resource: net::ERR_CONNECTION_CLOSED @ https://via.placeholder.com/300x200?text=No+Image:0
[  193751ms] [ERROR] Failed to load resource: net::ERR_CONNECTION_CLOSED @ https://via.placeholder.com/300x200?text=No+Image:0
[  193844ms] [ERROR] Failed to load resource: net::ERR_CONNECTION_CLOSED @ https://via.placeholder.com/300x200?text=No+Image:0
[  193932ms] [ERROR] Failed to load resource: net::ERR_CONNECTION_CLOSED @ https://via.placeholder.com/300x200?text=No+Image:0
[  194025ms] [ERROR] Failed to load resource: net::ERR_CONNECTION_CLOSED @ https://via.placeholder.com/300x200?text=No+Image:0
[  194119ms] [ERROR] Failed to load resource: net::ERR_CONNECTION_CLOSED @ https://via.placeholder.com/300x200?text=No+Image:0
[  194217ms] [ERROR] Failed to load resource: net::ERR_CONNECTION_CLOSED @ https://via.placeholder.com/300x200?text=No+Image:0
[  194311ms] [ERROR] Failed to load resource: net::ERR_CONNECTION_CLOSED @ https://via.placeholder.com/300x200?text=No+Image:0
[  194404ms] [ERROR] Failed to load resource: net::ERR_CONNECTION_CLOSED @ https://via.placeholder.com/300x200?text=No+Image:0
[  194500ms] [ERROR] Failed to load resource: net::ERR_CONNECTION_CLOSED @ https://via.placeholder.com/300x200?text=No+Image:0
[  194592ms] [ERROR] Failed to load resource: net::ERR_CONNECTION_CLOSED @ https://via.placeholder.com/300x200?text=No+Image:0
[  194687ms] [ERROR] Failed to load resource: net::ERR_CONNECTION_CLOSED @ https://via.placeholder.com/300x200?text=No+Image:0
[  194786ms] [ERROR] Failed to load resource: net::ERR_CONNECTION_CLOSED @ https://via.placeholder.com/300x200?text=No+Image:0
[  194879ms] [ERROR] Failed to load resource: net::ERR_CONNECTION_CLOSED @ https://via.placeholder.com/300x200?text=No+Image:0
[  194970ms] [ERROR] Failed to load resource: net::ERR_CONNECTION_CLOSED @ https://via.placeholder.com/300x200?text=No+Image:0
[  195064ms] [ERROR] Failed to load resource: net::ERR_CONNECTION_CLOSED @ https://via.placeholder.com/300x200?text=No+Image:0
[  195156ms] [ERROR] Failed to load resource: net::ERR_CONNECTION_CLOSED @ https://via.placeholder.com/300x200?text=No+Image:0
[  195264ms] [ERROR] Failed to load resource: net::ERR_CONNECTION_CLOSED @ https://via.placeholder.com/300x200?text=No+Image:0
[  195362ms] [ERROR] Failed to load resource: net::ERR_CONNECTION_CLOSED @ https://via.placeholder.com/300x200?text=No+Image:0
[  195454ms] [ERROR] Failed to load resource: net::ERR_CONNECTION_CLOSED @ https://via.placeholder.com/300x200?text=No+Image:0
[  195551ms] [ERROR] Failed to load resource: net::ERR_CONNECTION_CLOSED @ https://via.placeholder.com/300x200?text=No+Image:0
[  195654ms] [ERROR] Failed to load resource: net::ERR_CONNECTION_CLOSED @ https://via.placeholder.com/300x200?text=No+Image:0
[  195747ms] [ERROR] Failed to load resource: net::ERR_CONNECTION_CLOSED @ https://via.placeholder.com/300x200?text=No+Image:0
[  195840ms] [ERROR] Failed to load resource: net::ERR_CONNECTION_CLOSED @ https://via.placeholder.com/300x200?text=No+Image:0
[  195937ms] [ERROR] Failed to load resource: net::ERR_CONNECTION_CLOSED @ https://via.placeholder.com/300x200?text=No+Image:0
[  196034ms] [ERROR] Failed to load resource: net::ERR_CONNECTION_CLOSED @ https://via.placeholder.com/300x200?text=No+Image:0
[  196132ms] [ERROR] Failed to load resource: net::ERR_CONNECTION_CLOSED @ https://via.placeholder.com/300x200?text=No+Image:0
[  196233ms] [ERROR] Failed to load resource: net::ERR_CONNECTION_CLOSED @ https://via.placeholder.com/300x200?text=No+Image:0
[  196332ms] [ERROR] Failed to load resource: net::ERR_CONNECTION_CLOSED @ https://via.placeholder.com/300x200?text=No+Image:0
[  196424ms] [ERROR] Failed to load resource: net::ERR_CONNECTION_CLOSED @ https://via.placeholder.com/300x200?text=No+Image:0
[  196522ms] [ERROR] Failed to load resource: net::ERR_CONNECTION_CLOSED @ https://via.placeholder.com/300x200?text=No+Image:0
[  196618ms] [ERROR] Failed to load resource: net::ERR_CONNECTION_CLOSED @ https://via.placeholder.com/300x200?text=No+Image:0
[  196710ms] [ERROR] Failed to load resource: net::ERR_CONNECTION_CLOSED @ https://via.placeholder.com/300x200?text=No+Image:0
[  196803ms] [ERROR] Failed to load resource: net::ERR_CONNECTION_CLOSED @ https://via.placeholder.com/300x200?text=No+Image:0
[  196895ms] [ERROR] Failed to load resource: net::ERR_CONNECTION_CLOSED @ https://via.placeholder.com/300x200?text=No+Image:0
[  196990ms] [ERROR] Failed to load resource: net::ERR_CONNECTION_CLOSED @ https://via.placeholder.com/300x200?text=No+Image:0
[  197086ms] [ERROR] Failed to load resource: net::ERR_CONNECTION_CLOSED @ https://via.placeholder.com/300x200?text=No+Image:0
[  197179ms] [ERROR] Failed to load resource: net::ERR_CONNECTION_CLOSED @ https://via.placeholder.com/300x200?text=No+Image:0
[  197272ms] [ERROR] Failed to load resource: net::ERR_CONNECTION_CLOSED @ https://via.placeholder.com/300x200?text=No+Image:0
[  197374ms] [ERROR] Failed to load resource: net::ERR_CONNECTION_CLOSED @ https://via.placeholder.com/300x200?text=No+Image:0
[  197470ms] [ERROR] Failed to load resource: net::ERR_CONNECTION_CLOSED @ https://via.placeholder.com/300x200?text=No+Image:0
[  197563ms] [ERROR] Failed to load resource: net::ERR_CONNECTION_CLOSED @ https://via.placeholder.com/300x200?text=No+Image:0
[  197657ms] [ERROR] Failed to load resource: net::ERR_CONNECTION_CLOSED @ https://via.placeholder.com/300x200?text=No+Image:0
[  197751ms] [ERROR] Failed to load resource: net::ERR_CONNECTION_CLOSED @ https://via.placeholder.com/300x200?text=No+Image:0
[  197847ms] [ERROR] Failed to load resource: net::ERR_CONNECTION_CLOSED @ https://via.placeholder.com/300x200?text=No+Image:0
[  197942ms] [ERROR] Failed to load resource: net::ERR_CONNECTION_CLOSED @ https://via.placeholder.com/300x200?text=No+Image:0
[  198036ms] [ERROR] Failed to load resource: net::ERR_CONNECTION_CLOSED @ https://via.placeholder.com/300x200?text=No+Image:0
[  198136ms] [ERROR] Failed to load resource: net::ERR_CONNECTION_CLOSED @ https://via.placeholder.com/300x200?text=No+Image:0
[  198228ms] [ERROR] Failed to load resource: net::ERR_CONNECTION_CLOSED @ https://via.placeholder.com/300x200?text=No+Image:0
[  198326ms] [ERROR] Failed to load resource: net::ERR_CONNECTION_CLOSED @ https://via.placeholder.com/300x200?text=No+Image:0
[  198416ms] [ERROR] Failed to load resource: net::ERR_CONNECTION_CLOSED @ https://via.placeholder.com/300x200?text=No+Image:0
[  198513ms] [ERROR] Failed to load resource: net::ERR_CONNECTION_CLOSED @ https://via.placeholder.com/300x200?text=No+Image:0
[  198606ms] [ERROR] Failed to load resource: net::ERR_CONNECTION_CLOSED @ https://via.placeholder.com/300x200?text=No+Image:0
[  198723ms] [ERROR] Failed to load resource: net::ERR_CONNECTION_CLOSED @ https://via.placeholder.com/300x200?text=No+Image:0
[  198823ms] [ERROR] Failed to load resource: net::ERR_CONNECTION_CLOSED @ https://via.placeholder.com/300x200?text=No+Image:0
[  198941ms] [ERROR] Failed to load resource: net::ERR_CONNECTION_CLOSED @ https://via.placeholder.com/300x200?text=No+Image:0
[  199058ms] [ERROR] Failed to load resource: net::ERR_CONNECTION_CLOSED @ https://via.placeholder.com/300x200?text=No+Image:0
[  199167ms] [ERROR] Failed to load resource: net::ERR_CONNECTION_CLOSED @ https://via.placeholder.com/300x200?text=No+Image:0
[  199266ms] [ERROR] Failed to load resource: net::ERR_CONNECTION_CLOSED @ https://via.placeholder.com/300x200?text=No+Image:0
[  199370ms] [ERROR] Failed to load resource: net::ERR_CONNECTION_CLOSED @ https://via.placeholder.com/300x200?text=No+Image:0
[  199468ms] [ERROR] Failed to load resource: net::ERR_CONNECTION_CLOSED @ https://via.placeholder.com/300x200?text=No+Image:0
[  199580ms] [ERROR] Failed to load resource: net::ERR_CONNECTION_CLOSED @ https://via.placeholder.com/300x200?text=No+Image:0
[  199690ms] [ERROR] Failed to load resource: net::ERR_CONNECTION_CLOSED @ https://via.placeholder.com/300x200?text=No+Image:0
[  199791ms] [ERROR] Failed to load resource: net::ERR_CONNECTION_CLOSED @ https://via.placeholder.com/300x200?text=No+Image:0
[  199890ms] [ERROR] Failed to load resource: net::ERR_CONNECTION_CLOSED @ https://via.placeholder.com/300x200?text=No+Image:0
[  199990ms] [ERROR] Failed to load resource: net::ERR_CONNECTION_CLOSED @ https://via.placeholder.com/300x200?text=No+Image:0
[  200093ms] [ERROR] Failed to load resource: net::ERR_CONNECTION_CLOSED @ https://via.placeholder.com/300x200?text=No+Image:0
[  200189ms] [ERROR] Failed to load resource: net::ERR_CONNECTION_CLOSED @ https://via.placeholder.com/300x200?text=No+Image:0
[  200282ms] [ERROR] Failed to load resource: net::ERR_CONNECTION_CLOSED @ https://via.placeholder.com/300x200?text=No+Image:0
[  200375ms] [ERROR] Failed to load resource: net::ERR_CONNECTION_CLOSED @ https://via.placeholder.com/300x200?text=No+Image:0
[  200471ms] [ERROR] Failed to load resource: net::ERR_CONNECTION_CLOSED @ https://via.placeholder.com/300x200?text=No+Image:0
[  200567ms] [ERROR] Failed to load resource: net::ERR_CONNECTION_CLOSED @ https://via.placeholder.com/300x200?text=No+Image:0
[  200681ms] [ERROR] Failed to load resource: net::ERR_CONNECTION_CLOSED @ https://via.placeholder.com/300x200?text=No+Image:0
[  200782ms] [ERROR] Failed to load resource: net::ERR_CONNECTION_CLOSED @ https://via.placeholder.com/300x200?text=No+Image:0
[  200877ms] [ERROR] Failed to load resource: net::ERR_CONNECTION_CLOSED @ https://via.placeholder.com/300x200?text=No+Image:0
[  200976ms] [ERROR] Failed to load resource: net::ERR_CONNECTION_CLOSED @ https://via.placeholder.com/300x200?text=No+Image:0
[  201082ms] [ERROR] Failed to load resource: net::ERR_CONNECTION_CLOSED @ https://via.placeholder.com/300x200?text=No+Image:0
[  201194ms] [ERROR] Failed to load resource: net::ERR_CONNECTION_CLOSED @ https://via.placeholder.com/300x200?text=No+Image:0
[  201293ms] [ERROR] Failed to load resource: net::ERR_CONNECTION_CLOSED @ https://via.placeholder.com/300x200?text=No+Image:0
[  201395ms] [ERROR] Failed to load resource: net::ERR_CONNECTION_CLOSED @ https://via.placeholder.com/300x200?text=No+Image:0
[  201488ms] [ERROR] Failed to load resource: net::ERR_CONNECTION_CLOSED @ https://via.placeholder.com/300x200?text=No+Image:0
[  201589ms] [ERROR] Failed to load resource: net::ERR_CONNECTION_CLOSED @ https://via.placeholder.com/300x200?text=No+Image:0
[  201689ms] [ERROR] Failed to load resource: net::ERR_CONNECTION_CLOSED @ https://via.placeholder.com/300x200?text=No+Image:0
[  201789ms] [ERROR] Failed to load resource: net::ERR_CONNECTION_CLOSED @ https://via.placeholder.com/300x200?text=No+Image:0
[  201889ms] [ERROR] Failed to load resource: net::ERR_CONNECTION_CLOSED @ https://via.placeholder.com/300x200?text=No+Image:0
[  202002ms] [ERROR] Failed to load resource: net::ERR_CONNECTION_CLOSED @ https://via.placeholder.com/300x200?text=No+Image:0
[  202105ms] [ERROR] Failed to load resource: net::ERR_CONNECTION_CLOSED @ https://via.placeholder.com/300x200?text=No+Image:0
[  202214ms] [ERROR] Failed to load resource: net::ERR_CONNECTION_CLOSED @ https://via.placeholder.com/300x200?text=No+Image:0
[  202325ms] [ERROR] Failed to load resource: net::ERR_CONNECTION_CLOSED @ https://via.placeholder.com/300x200?text=No+Image:0
[  202424ms] [ERROR] Failed to load resource: net::ERR_CONNECTION_CLOSED @ https://via.placeholder.com/300x200?text=No+Image:0
[  202519ms] [ERROR] Failed to load resource: net::ERR_CONNECTION_CLOSED @ https://via.placeholder.com/300x200?text=No+Image:0
[  202642ms] [ERROR] Failed to load resource: net::ERR_CONNECTION_CLOSED @ https://via.placeholder.com/300x200?text=No+Image:0
[  202756ms] [ERROR] Failed to load resource: net::ERR_CONNECTION_CLOSED @ https://via.placeholder.com/300x200?text=No+Image:0
[  202855ms] [ERROR] Failed to load resource: net::ERR_CONNECTION_CLOSED @ https://via.placeholder.com/300x200?text=No+Image:0
[  202951ms] [ERROR] Failed to load resource: net::ERR_CONNECTION_CLOSED @ https://via.placeholder.com/300x200?text=No+Image:0
[  203054ms] [ERROR] Failed to load resource: net::ERR_CONNECTION_CLOSED @ https://via.placeholder.com/300x200?text=No+Image:0
[  203148ms] [ERROR] Failed to load resource: net::ERR_CONNECTION_CLOSED @ https://via.placeholder.com/300x200?text=No+Image:0
[  203244ms] [ERROR] Failed to load resource: net::ERR_CONNECTION_CLOSED @ https://via.placeholder.com/300x200?text=No+Image:0
[  203343ms] [ERROR] Failed to load resource: net::ERR_CONNECTION_CLOSED @ https://via.placeholder.com/300x200?text=No+Image:0
[  203438ms] [ERROR] Failed to load resource: net::ERR_CONNECTION_CLOSED @ https://via.placeholder.com/300x200?text=No+Image:0
[  203551ms] [ERROR] Failed to load resource: net::ERR_CONNECTION_CLOSED @ https://via.placeholder.com/300x200?text=No+Image:0
[  203655ms] [ERROR] Failed to load resource: net::ERR_CONNECTION_CLOSED @ https://via.placeholder.com/300x200?text=No+Image:0
[  203754ms] [ERROR] Failed to load resource: net::ERR_CONNECTION_CLOSED @ https://via.placeholder.com/300x200?text=No+Image:0
[  203886ms] [ERROR] Failed to load resource: net::ERR_CONNECTION_CLOSED @ https://via.placeholder.com/300x200?text=No+Image:0
[  203990ms] [ERROR] Failed to load resource: net::ERR_CONNECTION_CLOSED @ https://via.placeholder.com/300x200?text=No+Image:0
[  204085ms] [ERROR] Failed to load resource: net::ERR_CONNECTION_CLOSED @ https://via.placeholder.com/300x200?text=No+Image:0
[  204211ms] [ERROR] Failed to load resource: net::ERR_CONNECTION_CLOSED @ https://via.placeholder.com/300x200?text=No+Image:0
[  204321ms] [ERROR] Failed to load resource: net::ERR_CONNECTION_CLOSED @ https://via.placeholder.com/300x200?text=No+Image:0
[  204419ms] [ERROR] Failed to load resource: net::ERR_CONNECTION_CLOSED @ https://via.placeholder.com/300x200?text=No+Image:0
[  204517ms] [ERROR] Failed to load resource: net::ERR_CONNECTION_CLOSED @ https://via.placeholder.com/300x200?text=No+Image:0
[  204625ms] [ERROR] Failed to load resource: net::ERR_CONNECTION_CLOSED @ https://via.placeholder.com/300x200?text=No+Image:0
[  204756ms] [ERROR] Failed to load resource: net::ERR_CONNECTION_CLOSED @ https://via.placeholder.com/300x200?text=No+Image:0
[  204850ms] [ERROR] Failed to load resource: net::ERR_CONNECTION_CLOSED @ https://via.placeholder.com/300x200?text=No+Image:0
[  204945ms] [ERROR] Failed to load resource: net::ERR_CONNECTION_CLOSED @ https://via.placeholder.com/300x200?text=No+Image:0
[  205051ms] [ERROR] Failed to load resource: net::ERR_CONNECTION_CLOSED @ https://via.placeholder.com/300x200?text=No+Image:0
[  205163ms] [ERROR] Failed to load resource: net::ERR_CONNECTION_CLOSED @ https://via.placeholder.com/300x200?text=No+Image:0
[  205263ms] [ERROR] Failed to load resource: net::ERR_CONNECTION_CLOSED @ https://via.placeholder.com/300x200?text=No+Image:0
[  205362ms] [ERROR] Failed to load resource: net::ERR_CONNECTION_CLOSED @ https://via.placeholder.com/300x200?text=No+Image:0
[  205462ms] [ERROR] Failed to load resource: net::ERR_CONNECTION_CLOSED @ https://via.placeholder.com/300x200?text=No+Image:0
[  205567ms] [ERROR] Failed to load resource: net::ERR_CONNECTION_CLOSED @ https://via.placeholder.com/300x200?text=No+Image:0
[  205669ms] [ERROR] Failed to load resource: net::ERR_CONNECTION_CLOSED @ https://via.placeholder.com/300x200?text=No+Image:0
[  205769ms] [ERROR] Failed to load resource: net::ERR_CONNECTION_CLOSED @ https://via.placeholder.com/300x200?text=No+Image:0
[  205867ms] [ERROR] Failed to load resource: net::ERR_CONNECTION_CLOSED @ https://via.placeholder.com/300x200?text=No+Image:0
[  205965ms] [ERROR] Failed to load resource: net::ERR_CONNECTION_CLOSED @ https://via.placeholder.com/300x200?text=No+Image:0
[  206060ms] [ERROR] Failed to load resource: net::ERR_CONNECTION_CLOSED @ https://via.placeholder.com/300x200?text=No+Image:0
[  206151ms] [ERROR] Failed to load resource: net::ERR_CONNECTION_CLOSED @ https://via.placeholder.com/300x200?text=No+Image:0
[  206248ms] [ERROR] Failed to load resource: net::ERR_CONNECTION_CLOSED @ https://via.placeholder.com/300x200?text=No+Image:0
[  206357ms] [ERROR] Failed to load resource: net::ERR_CONNECTION_CLOSED @ https://via.placeholder.com/300x200?text=No+Image:0
[  206463ms] [ERROR] Failed to load resource: net::ERR_CONNECTION_CLOSED @ https://via.placeholder.com/300x200?text=No+Image:0
[  206575ms] [ERROR] Failed to load resource: net::ERR_CONNECTION_CLOSED @ https://via.placeholder.com/300x200?text=No+Image:0
[  206671ms] [ERROR] Failed to load resource: net::ERR_CONNECTION_CLOSED @ https://via.placeholder.com/300x200?text=No+Image:0
[  206775ms] [ERROR] Failed to load resource: net::ERR_CONNECTION_CLOSED @ https://via.placeholder.com/300x200?text=No+Image:0
[  206879ms] [ERROR] Failed to load resource: net::ERR_CONNECTION_CLOSED @ https://via.placeholder.com/300x200?text=No+Image:0
[  206988ms] [ERROR] Failed to load resource: net::ERR_CONNECTION_CLOSED @ https://via.placeholder.com/300x200?text=No+Image:0
[  207086ms] [ERROR] Failed to load resource: net::ERR_CONNECTION_CLOSED @ https://via.placeholder.com/300x200?text=No+Image:0
[  207178ms] [ERROR] Failed to load resource: net::ERR_CONNECTION_CLOSED @ https://via.placeholder.com/300x200?text=No+Image:0
[  207274ms] [ERROR] Failed to load resource: net::ERR_CONNECTION_CLOSED @ https://via.placeholder.com/300x200?text=No+Image:0
[  207384ms] [ERROR] Failed to load resource: net::ERR_CONNECTION_CLOSED @ https://via.placeholder.com/300x200?text=No+Image:0
[  207481ms] [ERROR] Failed to load resource: net::ERR_CONNECTION_CLOSED @ https://via.placeholder.com/300x200?text=No+Image:0
[  207587ms] [ERROR] Failed to load resource: net::ERR_CONNECTION_CLOSED @ https://via.placeholder.com/300x200?text=No+Image:0
[  207691ms] [ERROR] Failed to load resource: net::ERR_CONNECTION_CLOSED @ https://via.placeholder.com/300x200?text=No+Image:0
[  207792ms] [ERROR] Failed to load resource: net::ERR_CONNECTION_CLOSED @ https://via.placeholder.com/300x200?text=No+Image:0
[  207884ms] [ERROR] Failed to load resource: net::ERR_CONNECTION_CLOSED @ https://via.placeholder.com/300x200?text=No+Image:0
[  207985ms] [ERROR] Failed to load resource: net::ERR_CONNECTION_CLOSED @ https://via.placeholder.com/300x200?text=No+Image:0
[  208106ms] [ERROR] Failed to load resource: net::ERR_CONNECTION_CLOSED @ https://via.placeholder.com/300x200?text=No+Image:0
[  208204ms] [ERROR] Failed to load resource: net::ERR_CONNECTION_CLOSED @ https://via.placeholder.com/300x200?text=No+Image:0
[  208301ms] [ERROR] Failed to load resource: net::ERR_CONNECTION_CLOSED @ https://via.placeholder.com/300x200?text=No+Image:0
[  208413ms] [ERROR] Failed to load resource: net::ERR_CONNECTION_CLOSED @ https://via.placeholder.com/300x200?text=No+Image:0
[  208510ms] [ERROR] Failed to load resource: net::ERR_CONNECTION_CLOSED @ https://via.placeholder.com/300x200?text=No+Image:0
[  208610ms] [ERROR] Failed to load resource: net::ERR_CONNECTION_CLOSED @ https://via.placeholder.com/300x200?text=No+Image:0
[  208713ms] [ERROR] Failed to load resource: net::ERR_CONNECTION_CLOSED @ https://via.placeholder.com/300x200?text=No+Image:0
[  208822ms] [ERROR] Failed to load resource: net::ERR_CONNECTION_CLOSED @ https://via.placeholder.com/300x200?text=No+Image:0
[  208915ms] [ERROR] Failed to load resource: net::ERR_CONNECTION_CLOSED @ https://via.placeholder.com/300x200?text=No+Image:0
[  209010ms] [ERROR] Failed to load resource: net::ERR_CONNECTION_CLOSED @ https://via.placeholder.com/300x200?text=No+Image:0
[  209105ms] [ERROR] Failed to load resource: net::ERR_CONNECTION_CLOSED @ https://via.placeholder.com/300x200?text=No+Image:0
[  209198ms] [ERROR] Failed to load resource: net::ERR_CONNECTION_CLOSED @ https://via.placeholder.com/300x200?text=No+Image:0
[  209294ms] [ERROR] Failed to load resource: net::ERR_CONNECTION_CLOSED @ https://via.placeholder.com/300x200?text=No+Image:0
[  209391ms] [ERROR] Failed to load resource: net::ERR_CONNECTION_CLOSED @ https://via.placeholder.com/300x200?text=No+Image:0
[  209489ms] [ERROR] Failed to load resource: net::ERR_CONNECTION_CLOSED @ https://via.placeholder.com/300x200?text=No+Image:0
[  209585ms] [ERROR] Failed to load resource: net::ERR_CONNECTION_CLOSED @ https://via.placeholder.com/300x200?text=No+Image:0
[  209691ms] [ERROR] Failed to load resource: net::ERR_CONNECTION_CLOSED @ https://via.placeholder.com/300x200?text=No+Image:0
[  209796ms] [ERROR] Failed to load resource: net::ERR_CONNECTION_CLOSED @ https://via.placeholder.com/300x200?text=No+Image:0
[  209890ms] [ERROR] Failed to load resource: net::ERR_CONNECTION_CLOSED @ https://via.placeholder.com/300x200?text=No+Image:0
[  209989ms] [ERROR] Failed to load resource: net::ERR_CONNECTION_CLOSED @ https://via.placeholder.com/300x200?text=No+Image:0
[  210085ms] [ERROR] Failed to load resource: net::ERR_CONNECTION_CLOSED @ https://via.placeholder.com/300x200?text=No+Image:0
[  210195ms] [ERROR] Failed to load resource: net::ERR_CONNECTION_CLOSED @ https://via.placeholder.com/300x200?text=No+Image:0
[  210292ms] [ERROR] Failed to load resource: net::ERR_CONNECTION_CLOSED @ https://via.placeholder.com/300x200?text=No+Image:0
[  210395ms] [ERROR] Failed to load resource: net::ERR_CONNECTION_CLOSED @ https://via.placeholder.com/300x200?text=No+Image:0
[  210489ms] [ERROR] Failed to load resource: net::ERR_CONNECTION_CLOSED @ https://via.placeholder.com/300x200?text=No+Image:0
[  210590ms] [ERROR] Failed to load resource: net::ERR_CONNECTION_CLOSED @ https://via.placeholder.com/300x200?text=No+Image:0
[  210703ms] [ERROR] Failed to load resource: net::ERR_CONNECTION_CLOSED @ https://via.placeholder.com/300x200?text=No+Image:0
[  210796ms] [ERROR] Failed to load resource: net::ERR_CONNECTION_CLOSED @ https://via.placeholder.com/300x200?text=No+Image:0
[  210891ms] [ERROR] Failed to load resource: net::ERR_CONNECTION_CLOSED @ https://via.placeholder.com/300x200?text=No+Image:0
[  210987ms] [ERROR] Failed to load resource: net::ERR_CONNECTION_CLOSED @ https://via.placeholder.com/300x200?text=No+Image:0
[  211089ms] [ERROR] Failed to load resource: net::ERR_CONNECTION_CLOSED @ https://via.placeholder.com/300x200?text=No+Image:0
[  211182ms] [ERROR] Failed to load resource: net::ERR_CONNECTION_CLOSED @ https://via.placeholder.com/300x200?text=No+Image:0
[  211277ms] [ERROR] Failed to load resource: net::ERR_CONNECTION_CLOSED @ https://via.placeholder.com/300x200?text=No+Image:0
[  211368ms] [ERROR] Failed to load resource: net::ERR_CONNECTION_CLOSED @ https://via.placeholder.com/300x200?text=No+Image:0
[  211457ms] [ERROR] Failed to load resource: net::ERR_CONNECTION_CLOSED @ https://via.placeholder.com/300x200?text=No+Image:0
[  211555ms] [ERROR] Failed to load resource: net::ERR_CONNECTION_CLOSED @ https://via.placeholder.com/300x200?text=No+Image:0
[  211661ms] [ERROR] Failed to load resource: net::ERR_CONNECTION_CLOSED @ https://via.placeholder.com/300x200?text=No+Image:0
[  211760ms] [ERROR] Failed to load resource: net::ERR_CONNECTION_CLOSED @ https://via.placeholder.com/300x200?text=No+Image:0
[  211884ms] [ERROR] Failed to load resource: net::ERR_CONNECTION_CLOSED @ https://via.placeholder.com/300x200?text=No+Image:0
[  211975ms] [ERROR] Failed to load resource: net::ERR_CONNECTION_CLOSED @ https://via.placeholder.com/300x200?text=No+Image:0
[  212069ms] [ERROR] Failed to load resource: net::ERR_CONNECTION_CLOSED @ https://via.placeholder.com/300x200?text=No+Image:0
[  212160ms] [ERROR] Failed to load resource: net::ERR_CONNECTION_CLOSED @ https://via.placeholder.com/300x200?text=No+Image:0
[  212255ms] [ERROR] Failed to load resource: net::ERR_CONNECTION_CLOSED @ https://via.placeholder.com/300x200?text=No+Image:0
[  212345ms] [ERROR] Failed to load resource: net::ERR_CONNECTION_CLOSED @ https://via.placeholder.com/300x200?text=No+Image:0
[  212438ms] [ERROR] Failed to load resource: net::ERR_CONNECTION_CLOSED @ https://via.placeholder.com/300x200?text=No+Image:0
[  212537ms] [ERROR] Failed to load resource: net::ERR_CONNECTION_CLOSED @ https://via.placeholder.com/300x200?text=No+Image:0
[  212636ms] [ERROR] Failed to load resource: net::ERR_CONNECTION_CLOSED @ https://via.placeholder.com/300x200?text=No+Image:0
[  212733ms] [ERROR] Failed to load resource: net::ERR_CONNECTION_CLOSED @ https://via.placeholder.com/300x200?text=No+Image:0
[  212822ms] [ERROR] Failed to load resource: net::ERR_CONNECTION_CLOSED @ https://via.placeholder.com/300x200?text=No+Image:0
[  212915ms] [ERROR] Failed to load resource: net::ERR_CONNECTION_CLOSED @ https://via.placeholder.com/300x200?text=No+Image:0
[  213011ms] [ERROR] Failed to load resource: net::ERR_CONNECTION_CLOSED @ https://via.placeholder.com/300x200?text=No+Image:0
[  213099ms] [ERROR] Failed to load resource: net::ERR_CONNECTION_CLOSED @ https://via.placeholder.com/300x200?text=No+Image:0
[  213197ms] [ERROR] Failed to load resource: net::ERR_CONNECTION_CLOSED @ https://via.placeholder.com/300x200?text=No+Image:0
[  213289ms] [ERROR] Failed to load resource: net::ERR_CONNECTION_CLOSED @ https://via.placeholder.com/300x200?text=No+Image:0
[  213380ms] [ERROR] Failed to load resource: net::ERR_CONNECTION_CLOSED @ https://via.placeholder.com/300x200?text=No+Image:0
[  213472ms] [ERROR] Failed to load resource: net::ERR_CONNECTION_CLOSED @ https://via.placeholder.com/300x200?text=No+Image:0
[  213561ms] [ERROR] Failed to load resource: net::ERR_CONNECTION_CLOSED @ https://via.placeholder.com/300x200?text=No+Image:0
[  213657ms] [ERROR] Failed to load resource: net::ERR_CONNECTION_CLOSED @ https://via.placeholder.com/300x200?text=No+Image:0
[  213755ms] [ERROR] Failed to load resource: net::ERR_CONNECTION_CLOSED @ https://via.placeholder.com/300x200?text=No+Image:0
[  213847ms] [ERROR] Failed to load resource: net::ERR_CONNECTION_CLOSED @ https://via.placeholder.com/300x200?text=No+Image:0
[  213938ms] [ERROR] Failed to load resource: net::ERR_CONNECTION_CLOSED @ https://via.placeholder.com/300x200?text=No+Image:0
[  214043ms] [ERROR] Failed to load resource: net::ERR_CONNECTION_CLOSED @ https://via.placeholder.com/300x200?text=No+Image:0
[  214144ms] [ERROR] Failed to load resource: net::ERR_CONNECTION_CLOSED @ https://via.placeholder.com/300x200?text=No+Image:0
[  214237ms] [ERROR] Failed to load resource: net::ERR_CONNECTION_CLOSED @ https://via.placeholder.com/300x200?text=No+Image:0
[  214325ms] [ERROR] Failed to load resource: net::ERR_CONNECTION_CLOSED @ https://via.placeholder.com/300x200?text=No+Image:0
[  214422ms] [ERROR] Failed to load resource: net::ERR_CONNECTION_CLOSED @ https://via.placeholder.com/300x200?text=No+Image:0
[  214514ms] [ERROR] Failed to load resource: net::ERR_CONNECTION_CLOSED @ https://via.placeholder.com/300x200?text=No+Image:0
[  214604ms] [ERROR] Failed to load resource: net::ERR_CONNECTION_CLOSED @ https://via.placeholder.com/300x200?text=No+Image:0
[  214707ms] [ERROR] Failed to load resource: net::ERR_CONNECTION_CLOSED @ https://via.placeholder.com/300x200?text=No+Image:0
[  214805ms] [ERROR] Failed to load resource: net::ERR_CONNECTION_CLOSED @ https://via.placeholder.com/300x200?text=No+Image:0
[  214901ms] [ERROR] Failed to load resource: net::ERR_CONNECTION_CLOSED @ https://via.placeholder.com/300x200?text=No+Image:0
[  214997ms] [ERROR] Failed to load resource: net::ERR_CONNECTION_CLOSED @ https://via.placeholder.com/300x200?text=No+Image:0
[  215091ms] [ERROR] Failed to load resource: net::ERR_CONNECTION_CLOSED @ https://via.placeholder.com/300x200?text=No+Image:0
[  215182ms] [ERROR] Failed to load resource: net::ERR_CONNECTION_CLOSED @ https://via.placeholder.com/300x200?text=No+Image:0
[  215278ms] [ERROR] Failed to load resource: net::ERR_CONNECTION_CLOSED @ https://via.placeholder.com/300x200?text=No+Image:0
[  215372ms] [ERROR] Failed to load resource: net::ERR_CONNECTION_CLOSED @ https://via.placeholder.com/300x200?text=No+Image:0
[  215466ms] [ERROR] Failed to load resource: net::ERR_CONNECTION_CLOSED @ https://via.placeholder.com/300x200?text=No+Image:0
[  215556ms] [ERROR] Failed to load resource: net::ERR_CONNECTION_CLOSED @ https://via.placeholder.com/300x200?text=No+Image:0
[  215647ms] [ERROR] Failed to load resource: net::ERR_CONNECTION_CLOSED @ https://via.placeholder.com/300x200?text=No+Image:0
[  215747ms] [ERROR] Failed to load resource: net::ERR_CONNECTION_CLOSED @ https://via.placeholder.com/300x200?text=No+Image:0
[  215848ms] [ERROR] Failed to load resource: net::ERR_CONNECTION_CLOSED @ https://via.placeholder.com/300x200?text=No+Image:0
[  215946ms] [ERROR] Failed to load resource: net::ERR_CONNECTION_CLOSED @ https://via.placeholder.com/300x200?text=No+Image:0
[  216043ms] [ERROR] Failed to load resource: net::ERR_CONNECTION_CLOSED @ https://via.placeholder.com/300x200?text=No+Image:0
[  216186ms] [ERROR] Failed to load resource: net::ERR_CONNECTION_CLOSED @ https://via.placeholder.com/300x200?text=No+Image:0
[  216281ms] [ERROR] Failed to load resource: net::ERR_CONNECTION_CLOSED @ https://via.placeholder.com/300x200?text=No+Image:0
[  216373ms] [ERROR] Failed to load resource: net::ERR_CONNECTION_CLOSED @ https://via.placeholder.com/300x200?text=No+Image:0
[  216466ms] [ERROR] Failed to load resource: net::ERR_CONNECTION_CLOSED @ https://via.placeholder.com/300x200?text=No+Image:0
[  216565ms] [ERROR] Failed to load resource: net::ERR_CONNECTION_CLOSED @ https://via.placeholder.com/300x200?text=No+Image:0
[  216665ms] [ERROR] Failed to load resource: net::ERR_CONNECTION_CLOSED @ https://via.placeholder.com/300x200?text=No+Image:0
[  216758ms] [ERROR] Failed to load resource: net::ERR_CONNECTION_CLOSED @ https://via.placeholder.com/300x200?text=No+Image:0
[  216852ms] [ERROR] Failed to load resource: net::ERR_CONNECTION_CLOSED @ https://via.placeholder.com/300x200?text=No+Image:0
[  216944ms] [ERROR] Failed to load resource: net::ERR_CONNECTION_CLOSED @ https://via.placeholder.com/300x200?text=No+Image:0
[  217033ms] [ERROR] Failed to load resource: net::ERR_CONNECTION_CLOSED @ https://via.placeholder.com/300x200?text=No+Image:0
[  217125ms] [ERROR] Failed to load resource: net::ERR_CONNECTION_CLOSED @ https://via.placeholder.com/300x200?text=No+Image:0
[  217214ms] [ERROR] Failed to load resource: net::ERR_CONNECTION_CLOSED @ https://via.placeholder.com/300x200?text=No+Image:0
[  217307ms] [ERROR] Failed to load resource: net::ERR_CONNECTION_CLOSED @ https://via.placeholder.com/300x200?text=No+Image:0
[  217402ms] [ERROR] Failed to load resource: net::ERR_CONNECTION_CLOSED @ https://via.placeholder.com/300x200?text=No+Image:0
[  217499ms] [ERROR] Failed to load resource: net::ERR_CONNECTION_CLOSED @ https://via.placeholder.com/300x200?text=No+Image:0
[  217591ms] [ERROR] Failed to load resource: net::ERR_CONNECTION_CLOSED @ https://via.placeholder.com/300x200?text=No+Image:0
[  217689ms] [ERROR] Failed to load resource: net::ERR_CONNECTION_CLOSED @ https://via.placeholder.com/300x200?text=No+Image:0
[  217779ms] [ERROR] Failed to load resource: net::ERR_CONNECTION_CLOSED @ https://via.placeholder.com/300x200?text=No+Image:0
[  217875ms] [ERROR] Failed to load resource: net::ERR_CONNECTION_CLOSED @ https://via.placeholder.com/300x200?text=No+Image:0
[  217966ms] [ERROR] Failed to load resource: net::ERR_CONNECTION_CLOSED @ https://via.placeholder.com/300x200?text=No+Image:0
[  218062ms] [ERROR] Failed to load resource: net::ERR_CONNECTION_CLOSED @ https://via.placeholder.com/300x200?text=No+Image:0
[  218164ms] [ERROR] Failed to load resource: net::ERR_CONNECTION_CLOSED @ https://via.placeholder.com/300x200?text=No+Image:0
[  218264ms] [ERROR] Failed to load resource: net::ERR_CONNECTION_CLOSED @ https://via.placeholder.com/300x200?text=No+Image:0
[  218358ms] [ERROR] Failed to load resource: net::ERR_CONNECTION_CLOSED @ https://via.placeholder.com/300x200?text=No+Image:0
[  218452ms] [ERROR] Failed to load resource: net::ERR_CONNECTION_CLOSED @ https://via.placeholder.com/300x200?text=No+Image:0
[  218547ms] [ERROR] Failed to load resource: net::ERR_CONNECTION_CLOSED @ https://via.placeholder.com/300x200?text=No+Image:0
[  218650ms] [ERROR] Failed to load resource: net::ERR_CONNECTION_CLOSED @ https://via.placeholder.com/300x200?text=No+Image:0
[  218743ms] [ERROR] Failed to load resource: net::ERR_CONNECTION_CLOSED @ https://via.placeholder.com/300x200?text=No+Image:0
[  218842ms] [ERROR] Failed to load resource: net::ERR_CONNECTION_CLOSED @ https://via.placeholder.com/300x200?text=No+Image:0
[  218940ms] [ERROR] Failed to load resource: net::ERR_CONNECTION_CLOSED @ https://via.placeholder.com/300x200?text=No+Image:0
[  219033ms] [ERROR] Failed to load resource: net::ERR_CONNECTION_CLOSED @ https://via.placeholder.com/300x200?text=No+Image:0
[  219128ms] [ERROR] Failed to load resource: net::ERR_CONNECTION_CLOSED @ https://via.placeholder.com/300x200?text=No+Image:0
[  219221ms] [ERROR] Failed to load resource: net::ERR_CONNECTION_CLOSED @ https://via.placeholder.com/300x200?text=No+Image:0
[  219320ms] [ERROR] Failed to load resource: net::ERR_CONNECTION_CLOSED @ https://via.placeholder.com/300x200?text=No+Image:0
[  219434ms] [ERROR] Failed to load resource: net::ERR_CONNECTION_CLOSED @ https://via.placeholder.com/300x200?text=No+Image:0
[  219525ms] [ERROR] Failed to load resource: net::ERR_CONNECTION_CLOSED @ https://via.placeholder.com/300x200?text=No+Image:0
[  219625ms] [ERROR] Failed to load resource: net::ERR_CONNECTION_CLOSED @ https://via.placeholder.com/300x200?text=No+Image:0
[  219721ms] [ERROR] Failed to load resource: net::ERR_CONNECTION_CLOSED @ https://via.placeholder.com/300x200?text=No+Image:0
[  219812ms] [ERROR] Failed to load resource: net::ERR_CONNECTION_CLOSED @ https://via.placeholder.com/300x200?text=No+Image:0
[  219902ms] [ERROR] Failed to load resource: net::ERR_CONNECTION_CLOSED @ https://via.placeholder.com/300x200?text=No+Image:0
[  220003ms] [ERROR] Failed to load resource: net::ERR_CONNECTION_CLOSED @ https://via.placeholder.com/300x200?text=No+Image:0
[  220096ms] [ERROR] Failed to load resource: net::ERR_CONNECTION_CLOSED @ https://via.placeholder.com/300x200?text=No+Image:0
[  220221ms] [ERROR] Failed to load resource: net::ERR_CONNECTION_CLOSED @ https://via.placeholder.com/300x200?text=No+Image:0
[  220339ms] [ERROR] Failed to load resource: net::ERR_CONNECTION_CLOSED @ https://via.placeholder.com/300x200?text=No+Image:0
[  220445ms] [ERROR] Failed to load resource: net::ERR_CONNECTION_CLOSED @ https://via.placeholder.com/300x200?text=No+Image:0
[  220555ms] [ERROR] Failed to load resource: net::ERR_CONNECTION_CLOSED @ https://via.placeholder.com/300x200?text=No+Image:0
[  220653ms] [ERROR] Failed to load resource: net::ERR_CONNECTION_CLOSED @ https://via.placeholder.com/300x200?text=No+Image:0
[  220757ms] [ERROR] Failed to load resource: net::ERR_CONNECTION_CLOSED @ https://via.placeholder.com/300x200?text=No+Image:0
[  220853ms] [ERROR] Failed to load resource: net::ERR_CONNECTION_CLOSED @ https://via.placeholder.com/300x200?text=No+Image:0
[  220954ms] [ERROR] Failed to load resource: net::ERR_CONNECTION_CLOSED @ https://via.placeholder.com/300x200?text=No+Image:0
[  221050ms] [ERROR] Failed to load resource: net::ERR_CONNECTION_CLOSED @ https://via.placeholder.com/300x200?text=No+Image:0
[  221146ms] [ERROR] Failed to load resource: net::ERR_CONNECTION_CLOSED @ https://via.placeholder.com/300x200?text=No+Image:0
[  221238ms] [ERROR] Failed to load resource: net::ERR_CONNECTION_CLOSED @ https://via.placeholder.com/300x200?text=No+Image:0
[  221329ms] [ERROR] Failed to load resource: net::ERR_CONNECTION_CLOSED @ https://via.placeholder.com/300x200?text=No+Image:0
[  221422ms] [ERROR] Failed to load resource: net::ERR_CONNECTION_CLOSED @ https://via.placeholder.com/300x200?text=No+Image:0
[  221513ms] [ERROR] Failed to load resource: net::ERR_CONNECTION_CLOSED @ https://via.placeholder.com/300x200?text=No+Image:0
[  221608ms] [ERROR] Failed to load resource: net::ERR_CONNECTION_CLOSED @ https://via.placeholder.com/300x200?text=No+Image:0
[  221716ms] [ERROR] Failed to load resource: net::ERR_CONNECTION_CLOSED @ https://via.placeholder.com/300x200?text=No+Image:0
[  221813ms] [ERROR] Failed to load resource: net::ERR_CONNECTION_CLOSED @ https://via.placeholder.com/300x200?text=No+Image:0
[  221910ms] [ERROR] Failed to load resource: net::ERR_CONNECTION_CLOSED @ https://via.placeholder.com/300x200?text=No+Image:0
[  222006ms] [ERROR] Failed to load resource: net::ERR_CONNECTION_CLOSED @ https://via.placeholder.com/300x200?text=No+Image:0
[  222105ms] [ERROR] Failed to load resource: net::ERR_CONNECTION_CLOSED @ https://via.placeholder.com/300x200?text=No+Image:0
[  222212ms] [ERROR] Failed to load resource: net::ERR_CONNECTION_CLOSED @ https://via.placeholder.com/300x200?text=No+Image:0
[  222301ms] [ERROR] Failed to load resource: net::ERR_CONNECTION_CLOSED @ https://via.placeholder.com/300x200?text=No+Image:0
[  222398ms] [ERROR] Failed to load resource: net::ERR_CONNECTION_CLOSED @ https://via.placeholder.com/300x200?text=No+Image:0
[  222497ms] [ERROR] Failed to load resource: net::ERR_CONNECTION_CLOSED @ https://via.placeholder.com/300x200?text=No+Image:0
[  222588ms] [ERROR] Failed to load resource: net::ERR_CONNECTION_CLOSED @ https://via.placeholder.com/300x200?text=No+Image:0
[  222687ms] [ERROR] Failed to load resource: net::ERR_CONNECTION_CLOSED @ https://via.placeholder.com/300x200?text=No+Image:0
[  222778ms] [ERROR] Failed to load resource: net::ERR_CONNECTION_CLOSED @ https://via.placeholder.com/300x200?text=No+Image:0
[  222879ms] [ERROR] Failed to load resource: net::ERR_CONNECTION_CLOSED @ https://via.placeholder.com/300x200?text=No+Image:0
[  222971ms] [ERROR] Failed to load resource: net::ERR_CONNECTION_CLOSED @ https://via.placeholder.com/300x200?text=No+Image:0
[  223063ms] [ERROR] Failed to load resource: net::ERR_CONNECTION_CLOSED @ https://via.placeholder.com/300x200?text=No+Image:0
[  223153ms] [ERROR] Failed to load resource: net::ERR_CONNECTION_CLOSED @ https://via.placeholder.com/300x200?text=No+Image:0
[  223246ms] [ERROR] Failed to load resource: net::ERR_CONNECTION_CLOSED @ https://via.placeholder.com/300x200?text=No+Image:0
[  223338ms] [ERROR] Failed to load resource: net::ERR_CONNECTION_CLOSED @ https://via.placeholder.com/300x200?text=No+Image:0
[  223431ms] [ERROR] Failed to load resource: net::ERR_CONNECTION_CLOSED @ https://via.placeholder.com/300x200?text=No+Image:0
[  223536ms] [ERROR] Failed to load resource: net::ERR_CONNECTION_CLOSED @ https://via.placeholder.com/300x200?text=No+Image:0
[  223631ms] [ERROR] Failed to load resource: net::ERR_CONNECTION_CLOSED @ https://via.placeholder.com/300x200?text=No+Image:0
[  223720ms] [ERROR] Failed to load resource: net::ERR_CONNECTION_CLOSED @ https://via.placeholder.com/300x200?text=No+Image:0
[  223823ms] [ERROR] Failed to load resource: net::ERR_CONNECTION_CLOSED @ https://via.placeholder.com/300x200?text=No+Image:0
[  223922ms] [ERROR] Failed to load resource: net::ERR_CONNECTION_CLOSED @ https://via.placeholder.com/300x200?text=No+Image:0
[  224018ms] [ERROR] Failed to load resource: net::ERR_CONNECTION_CLOSED @ https://via.placeholder.com/300x200?text=No+Image:0
[  224118ms] [ERROR] Failed to load resource: net::ERR_CONNECTION_CLOSED @ https://via.placeholder.com/300x200?text=No+Image:0
[  224211ms] [ERROR] Failed to load resource: net::ERR_CONNECTION_CLOSED @ https://via.placeholder.com/300x200?text=No+Image:0
[  224306ms] [ERROR] Failed to load resource: net::ERR_CONNECTION_CLOSED @ https://via.placeholder.com/300x200?text=No+Image:0
[  224407ms] [ERROR] Failed to load resource: net::ERR_CONNECTION_CLOSED @ https://via.placeholder.com/300x200?text=No+Image:0
[  224509ms] [ERROR] Failed to load resource: net::ERR_CONNECTION_CLOSED @ https://via.placeholder.com/300x200?text=No+Image:0
[  224612ms] [ERROR] Failed to load resource: net::ERR_CONNECTION_CLOSED @ https://via.placeholder.com/300x200?text=No+Image:0
[  224702ms] [ERROR] Failed to load resource: net::ERR_CONNECTION_CLOSED @ https://via.placeholder.com/300x200?text=No+Image:0
[  224798ms] [ERROR] Failed to load resource: net::ERR_CONNECTION_CLOSED @ https://via.placeholder.com/300x200?text=No+Image:0
[  224888ms] [ERROR] Failed to load resource: net::ERR_CONNECTION_CLOSED @ https://via.placeholder.com/300x200?text=No+Image:0
[  224978ms] [ERROR] Failed to load resource: net::ERR_CONNECTION_CLOSED @ https://via.placeholder.com/300x200?text=No+Image:0
[  225078ms] [ERROR] Failed to load resource: net::ERR_CONNECTION_CLOSED @ https://via.placeholder.com/300x200?text=No+Image:0
[  225172ms] [ERROR] Failed to load resource: net::ERR_CONNECTION_CLOSED @ https://via.placeholder.com/300x200?text=No+Image:0
[  225267ms] [ERROR] Failed to load resource: net::ERR_CONNECTION_CLOSED @ https://via.placeholder.com/300x200?text=No+Image:0
[  225364ms] [ERROR] Failed to load resource: net::ERR_CONNECTION_CLOSED @ https://via.placeholder.com/300x200?text=No+Image:0
[  225457ms] [ERROR] Failed to load resource: net::ERR_CONNECTION_CLOSED @ https://via.placeholder.com/300x200?text=No+Image:0
[  225559ms] [ERROR] Failed to load resource: net::ERR_CONNECTION_CLOSED @ https://via.placeholder.com/300x200?text=No+Image:0
[  225655ms] [ERROR] Failed to load resource: net::ERR_CONNECTION_CLOSED @ https://via.placeholder.com/300x200?text=No+Image:0
[  225758ms] [ERROR] Failed to load resource: net::ERR_CONNECTION_CLOSED @ https://via.placeholder.com/300x200?text=No+Image:0
[  225854ms] [ERROR] Failed to load resource: net::ERR_CONNECTION_CLOSED @ https://via.placeholder.com/300x200?text=No+Image:0
[  225948ms] [ERROR] Failed to load resource: net::ERR_CONNECTION_CLOSED @ https://via.placeholder.com/300x200?text=No+Image:0
[  226042ms] [ERROR] Failed to load resource: net::ERR_CONNECTION_CLOSED @ https://via.placeholder.com/300x200?text=No+Image:0
[  226139ms] [ERROR] Failed to load resource: net::ERR_CONNECTION_CLOSED @ https://via.placeholder.com/300x200?text=No+Image:0
[  226248ms] [ERROR] Failed to load resource: net::ERR_CONNECTION_CLOSED @ https://via.placeholder.com/300x200?text=No+Image:0
[  226348ms] [ERROR] Failed to load resource: net::ERR_CONNECTION_CLOSED @ https://via.placeholder.com/300x200?text=No+Image:0
[  226439ms] [ERROR] Failed to load resource: net::ERR_CONNECTION_CLOSED @ https://via.placeholder.com/300x200?text=No+Image:0
[  226541ms] [ERROR] Failed to load resource: net::ERR_CONNECTION_CLOSED @ https://via.placeholder.com/300x200?text=No+Image:0
[  226636ms] [ERROR] Failed to load resource: net::ERR_CONNECTION_CLOSED @ https://via.placeholder.com/300x200?text=No+Image:0
[  226739ms] [ERROR] Failed to load resource: net::ERR_CONNECTION_CLOSED @ https://via.placeholder.com/300x200?text=No+Image:0
[  226827ms] [ERROR] Failed to load resource: net::ERR_CONNECTION_CLOSED @ https://via.placeholder.com/300x200?text=No+Image:0
[  226919ms] [ERROR] Failed to load resource: net::ERR_CONNECTION_CLOSED @ https://via.placeholder.com/300x200?text=No+Image:0
[  227013ms] [ERROR] Failed to load resource: net::ERR_CONNECTION_CLOSED @ https://via.placeholder.com/300x200?text=No+Image:0
[  227107ms] [ERROR] Failed to load resource: net::ERR_CONNECTION_CLOSED @ https://via.placeholder.com/300x200?text=No+Image:0
[  227201ms] [ERROR] Failed to load resource: net::ERR_CONNECTION_CLOSED @ https://via.placeholder.com/300x200?text=No+Image:0
[  227290ms] [ERROR] Failed to load resource: net::ERR_CONNECTION_CLOSED @ https://via.placeholder.com/300x200?text=No+Image:0
[  227386ms] [ERROR] Failed to load resource: net::ERR_CONNECTION_CLOSED @ https://via.placeholder.com/300x200?text=No+Image:0
[  227481ms] [ERROR] Failed to load resource: net::ERR_CONNECTION_CLOSED @ https://via.placeholder.com/300x200?text=No+Image:0
[  227580ms] [ERROR] Failed to load resource: net::ERR_CONNECTION_CLOSED @ https://via.placeholder.com/300x200?text=No+Image:0
[  227677ms] [ERROR] Failed to load resource: net::ERR_CONNECTION_CLOSED @ https://via.placeholder.com/300x200?text=No+Image:0
[  227769ms] [ERROR] Failed to load resource: net::ERR_CONNECTION_CLOSED @ https://via.placeholder.com/300x200?text=No+Image:0
[  227866ms] [ERROR] Failed to load resource: net::ERR_CONNECTION_CLOSED @ https://via.placeholder.com/300x200?text=No+Image:0
[  227958ms] [ERROR] Failed to load resource: net::ERR_CONNECTION_CLOSED @ https://via.placeholder.com/300x200?text=No+Image:0
[  228052ms] [ERROR] Failed to load resource: net::ERR_CONNECTION_CLOSED @ https://via.placeholder.com/300x200?text=No+Image:0
[  228143ms] [ERROR] Failed to load resource: net::ERR_CONNECTION_CLOSED @ https://via.placeholder.com/300x200?text=No+Image:0
[  228249ms] [ERROR] Failed to load resource: net::ERR_CONNECTION_CLOSED @ https://via.placeholder.com/300x200?text=No+Image:0
[  228344ms] [ERROR] Failed to load resource: net::ERR_CONNECTION_CLOSED @ https://via.placeholder.com/300x200?text=No+Image:0
[  228447ms] [ERROR] Failed to load resource: net::ERR_CONNECTION_CLOSED @ https://via.placeholder.com/300x200?text=No+Image:0
[  228543ms] [ERROR] Failed to load resource: net::ERR_CONNECTION_CLOSED @ https://via.placeholder.com/300x200?text=No+Image:0
[  228636ms] [ERROR] Failed to load resource: net::ERR_CONNECTION_CLOSED @ https://via.placeholder.com/300x200?text=No+Image:0
[  228735ms] [ERROR] Failed to load resource: net::ERR_CONNECTION_CLOSED @ https://via.placeholder.com/300x200?text=No+Image:0
[  228835ms] [ERROR] Failed to load resource: net::ERR_CONNECTION_CLOSED @ https://via.placeholder.com/300x200?text=No+Image:0
[  228931ms] [ERROR] Failed to load resource: net::ERR_CONNECTION_CLOSED @ https://via.placeholder.com/300x200?text=No+Image:0
[  229075ms] [ERROR] Failed to load resource: net::ERR_CONNECTION_CLOSED @ https://via.placeholder.com/300x200?text=No+Image:0
[  229168ms] [ERROR] Failed to load resource: net::ERR_CONNECTION_CLOSED @ https://via.placeholder.com/300x200?text=No+Image:0
[  229273ms] [ERROR] Failed to load resource: net::ERR_CONNECTION_CLOSED @ https://via.placeholder.com/300x200?text=No+Image:0
[  229368ms] [ERROR] Failed to load resource: net::ERR_CONNECTION_CLOSED @ https://via.placeholder.com/300x200?text=No+Image:0
[  229459ms] [ERROR] Failed to load resource: net::ERR_CONNECTION_CLOSED @ https://via.placeholder.com/300x200?text=No+Image:0
[  229556ms] [ERROR] Failed to load resource: net::ERR_CONNECTION_CLOSED @ https://via.placeholder.com/300x200?text=No+Image:0
[  229651ms] [ERROR] Failed to load resource: net::ERR_CONNECTION_CLOSED @ https://via.placeholder.com/300x200?text=No+Image:0
[  229752ms] [ERROR] Failed to load resource: net::ERR_CONNECTION_CLOSED @ https://via.placeholder.com/300x200?text=No+Image:0
[  229845ms] [ERROR] Failed to load resource: net::ERR_CONNECTION_CLOSED @ https://via.placeholder.com/300x200?text=No+Image:0
[  229941ms] [ERROR] Failed to load resource: net::ERR_CONNECTION_CLOSED @ https://via.placeholder.com/300x200?text=No+Image:0
[  230038ms] [ERROR] Failed to load resource: net::ERR_CONNECTION_CLOSED @ https://via.placeholder.com/300x200?text=No+Image:0
[  230133ms] [ERROR] Failed to load resource: net::ERR_CONNECTION_CLOSED @ https://via.placeholder.com/300x200?text=No+Image:0
[  230233ms] [ERROR] Failed to load resource: net::ERR_CONNECTION_CLOSED @ https://via.placeholder.com/300x200?text=No+Image:0
[  230327ms] [ERROR] Failed to load resource: net::ERR_CONNECTION_CLOSED @ https://via.placeholder.com/300x200?text=No+Image:0
[  230416ms] [ERROR] Failed to load resource: net::ERR_CONNECTION_CLOSED @ https://via.placeholder.com/300x200?text=No+Image:0
[  230512ms] [ERROR] Failed to load resource: net::ERR_CONNECTION_CLOSED @ https://via.placeholder.com/300x200?text=No+Image:0
[  230611ms] [ERROR] Failed to load resource: net::ERR_CONNECTION_CLOSED @ https://via.placeholder.com/300x200?text=No+Image:0
[  230705ms] [ERROR] Failed to load resource: net::ERR_CONNECTION_CLOSED @ https://via.placeholder.com/300x200?text=No+Image:0
[  230798ms] [ERROR] Failed to load resource: net::ERR_CONNECTION_CLOSED @ https://via.placeholder.com/300x200?text=No+Image:0
[  230891ms] [ERROR] Failed to load resource: net::ERR_CONNECTION_CLOSED @ https://via.placeholder.com/300x200?text=No+Image:0
[  230995ms] [ERROR] Failed to load resource: net::ERR_CONNECTION_CLOSED @ https://via.placeholder.com/300x200?text=No+Image:0
[  231088ms] [ERROR] Failed to load resource: net::ERR_CONNECTION_CLOSED @ https://via.placeholder.com/300x200?text=No+Image:0
[  231186ms] [ERROR] Failed to load resource: net::ERR_CONNECTION_CLOSED @ https://via.placeholder.com/300x200?text=No+Image:0
[  231281ms] [ERROR] Failed to load resource: net::ERR_CONNECTION_CLOSED @ https://via.placeholder.com/300x200?text=No+Image:0
[  231372ms] [ERROR] Failed to load resource: net::ERR_CONNECTION_CLOSED @ https://via.placeholder.com/300x200?text=No+Image:0
[  231464ms] [ERROR] Failed to load resource: net::ERR_CONNECTION_CLOSED @ https://via.placeholder.com/300x200?text=No+Image:0
[  231567ms] [ERROR] Failed to load resource: net::ERR_CONNECTION_CLOSED @ https://via.placeholder.com/300x200?text=No+Image:0
[  231658ms] [ERROR] Failed to load resource: net::ERR_CONNECTION_CLOSED @ https://via.placeholder.com/300x200?text=No+Image:0
[  231750ms] [ERROR] Failed to load resource: net::ERR_CONNECTION_CLOSED @ https://via.placeholder.com/300x200?text=No+Image:0
[  231840ms] [ERROR] Failed to load resource: net::ERR_CONNECTION_CLOSED @ https://via.placeholder.com/300x200?text=No+Image:0
[  231934ms] [ERROR] Failed to load resource: net::ERR_CONNECTION_CLOSED @ https://via.placeholder.com/300x200?text=No+Image:0
[  232030ms] [ERROR] Failed to load resource: net::ERR_CONNECTION_CLOSED @ https://via.placeholder.com/300x200?text=No+Image:0
[  232120ms] [ERROR] Failed to load resource: net::ERR_CONNECTION_CLOSED @ https://via.placeholder.com/300x200?text=No+Image:0
[  232213ms] [ERROR] Failed to load resource: net::ERR_CONNECTION_CLOSED @ https://via.placeholder.com/300x200?text=No+Image:0
[  232307ms] [ERROR] Failed to load resource: net::ERR_CONNECTION_CLOSED @ https://via.placeholder.com/300x200?text=No+Image:0
[  232402ms] [ERROR] Failed to load resource: net::ERR_CONNECTION_CLOSED @ https://via.placeholder.com/300x200?text=No+Image:0
[  232493ms] [ERROR] Failed to load resource: net::ERR_CONNECTION_CLOSED @ https://via.placeholder.com/300x200?text=No+Image:0
[  232592ms] [ERROR] Failed to load resource: net::ERR_CONNECTION_CLOSED @ https://via.placeholder.com/300x200?text=No+Image:0
[  232688ms] [ERROR] Failed to load resource: net::ERR_CONNECTION_CLOSED @ https://via.placeholder.com/300x200?text=No+Image:0
[  232789ms] [ERROR] Failed to load resource: net::ERR_CONNECTION_CLOSED @ https://via.placeholder.com/300x200?text=No+Image:0
[  232892ms] [ERROR] Failed to load resource: net::ERR_CONNECTION_CLOSED @ https://via.placeholder.com/300x200?text=No+Image:0
[  232989ms] [ERROR] Failed to load resource: net::ERR_CONNECTION_CLOSED @ https://via.placeholder.com/300x200?text=No+Image:0
[  233095ms] [ERROR] Failed to load resource: net::ERR_CONNECTION_CLOSED @ https://via.placeholder.com/300x200?text=No+Image:0
[  233192ms] [ERROR] Failed to load resource: net::ERR_CONNECTION_CLOSED @ https://via.placeholder.com/300x200?text=No+Image:0
[  233293ms] [ERROR] Failed to load resource: net::ERR_CONNECTION_CLOSED @ https://via.placeholder.com/300x200?text=No+Image:0
[  233386ms] [ERROR] Failed to load resource: net::ERR_CONNECTION_CLOSED @ https://via.placeholder.com/300x200?text=No+Image:0
[  233477ms] [ERROR] Failed to load resource: net::ERR_CONNECTION_CLOSED @ https://via.placeholder.com/300x200?text=No+Image:0
[  233569ms] [ERROR] Failed to load resource: net::ERR_CONNECTION_CLOSED @ https://via.placeholder.com/300x200?text=No+Image:0
[  233664ms] [ERROR] Failed to load resource: net::ERR_CONNECTION_CLOSED @ https://via.placeholder.com/300x200?text=No+Image:0
[  233755ms] [ERROR] Failed to load resource: net::ERR_CONNECTION_CLOSED @ https://via.placeholder.com/300x200?text=No+Image:0
[  233848ms] [ERROR] Failed to load resource: net::ERR_CONNECTION_CLOSED @ https://via.placeholder.com/300x200?text=No+Image:0
[  233941ms] [ERROR] Failed to load resource: net::ERR_CONNECTION_CLOSED @ https://via.placeholder.com/300x200?text=No+Image:0
[  234035ms] [ERROR] Failed to load resource: net::ERR_CONNECTION_CLOSED @ https://via.placeholder.com/300x200?text=No+Image:0
[  234131ms] [ERROR] Failed to load resource: net::ERR_CONNECTION_CLOSED @ https://via.placeholder.com/300x200?text=No+Image:0
[  234236ms] [ERROR] Failed to load resource: net::ERR_CONNECTION_CLOSED @ https://via.placeholder.com/300x200?text=No+Image:0
[  234330ms] [ERROR] Failed to load resource: net::ERR_CONNECTION_CLOSED @ https://via.placeholder.com/300x200?text=No+Image:0
[  234444ms] [ERROR] Failed to load resource: net::ERR_CONNECTION_CLOSED @ https://via.placeholder.com/300x200?text=No+Image:0
[  234538ms] [ERROR] Failed to load resource: net::ERR_CONNECTION_CLOSED @ https://via.placeholder.com/300x200?text=No+Image:0
[  234633ms] [ERROR] Failed to load resource: net::ERR_CONNECTION_CLOSED @ https://via.placeholder.com/300x200?text=No+Image:0
[  234736ms] [ERROR] Failed to load resource: net::ERR_CONNECTION_CLOSED @ https://via.placeholder.com/300x200?text=No+Image:0
[  234831ms] [ERROR] Failed to load resource: net::ERR_CONNECTION_CLOSED @ https://via.placeholder.com/300x200?text=No+Image:0
[  234929ms] [ERROR] Failed to load resource: net::ERR_CONNECTION_CLOSED @ https://via.placeholder.com/300x200?text=No+Image:0
[  235027ms] [ERROR] Failed to load resource: net::ERR_CONNECTION_CLOSED @ https://via.placeholder.com/300x200?text=No+Image:0
[  235125ms] [ERROR] Failed to load resource: net::ERR_CONNECTION_CLOSED @ https://via.placeholder.com/300x200?text=No+Image:0
[  235246ms] [ERROR] Failed to load resource: net::ERR_CONNECTION_CLOSED @ https://via.placeholder.com/300x200?text=No+Image:0
[  235345ms] [ERROR] Failed to load resource: net::ERR_CONNECTION_CLOSED @ https://via.placeholder.com/300x200?text=No+Image:0
[  235439ms] [ERROR] Failed to load resource: net::ERR_CONNECTION_CLOSED @ https://via.placeholder.com/300x200?text=No+Image:0
[  235537ms] [ERROR] Failed to load resource: net::ERR_CONNECTION_CLOSED @ https://via.placeholder.com/300x200?text=No+Image:0
[  235630ms] [ERROR] Failed to load resource: net::ERR_CONNECTION_CLOSED @ https://via.placeholder.com/300x200?text=No+Image:0
[  235729ms] [ERROR] Failed to load resource: net::ERR_CONNECTION_CLOSED @ https://via.placeholder.com/300x200?text=No+Image:0
[  235829ms] [ERROR] Failed to load resource: net::ERR_CONNECTION_CLOSED @ https://via.placeholder.com/300x200?text=No+Image:0
[  235922ms] [ERROR] Failed to load resource: net::ERR_CONNECTION_CLOSED @ https://via.placeholder.com/300x200?text=No+Image:0
[  236015ms] [ERROR] Failed to load resource: net::ERR_CONNECTION_CLOSED @ https://via.placeholder.com/300x200?text=No+Image:0
[  236133ms] [ERROR] Failed to load resource: net::ERR_CONNECTION_CLOSED @ https://via.placeholder.com/300x200?text=No+Image:0
[  236235ms] [ERROR] Failed to load resource: net::ERR_CONNECTION_CLOSED @ https://via.placeholder.com/300x200?text=No+Image:0
[  236332ms] [ERROR] Failed to load resource: net::ERR_CONNECTION_CLOSED @ https://via.placeholder.com/300x200?text=No+Image:0
[  236428ms] [ERROR] Failed to load resource: net::ERR_CONNECTION_CLOSED @ https://via.placeholder.com/300x200?text=No+Image:0
[  236515ms] [ERROR] Failed to load resource: net::ERR_CONNECTION_CLOSED @ https://via.placeholder.com/300x200?text=No+Image:0
[  236608ms] [ERROR] Failed to load resource: net::ERR_CONNECTION_CLOSED @ https://via.placeholder.com/300x200?text=No+Image:0
[  236711ms] [ERROR] Failed to load resource: net::ERR_CONNECTION_CLOSED @ https://via.placeholder.com/300x200?text=No+Image:0
[  236810ms] [ERROR] Failed to load resource: net::ERR_CONNECTION_CLOSED @ https://via.placeholder.com/300x200?text=No+Image:0
[  236903ms] [ERROR] Failed to load resource: net::ERR_CONNECTION_CLOSED @ https://via.placeholder.com/300x200?text=No+Image:0
[  236996ms] [ERROR] Failed to load resource: net::ERR_CONNECTION_CLOSED @ https://via.placeholder.com/300x200?text=No+Image:0
[  237095ms] [ERROR] Failed to load resource: net::ERR_CONNECTION_CLOSED @ https://via.placeholder.com/300x200?text=No+Image:0
[  237188ms] [ERROR] Failed to load resource: net::ERR_CONNECTION_CLOSED @ https://via.placeholder.com/300x200?text=No+Image:0
[  237282ms] [ERROR] Failed to load resource: net::ERR_CONNECTION_CLOSED @ https://via.placeholder.com/300x200?text=No+Image:0
[  237383ms] [ERROR] Failed to load resource: net::ERR_CONNECTION_CLOSED @ https://via.placeholder.com/300x200?text=No+Image:0
[  237474ms] [ERROR] Failed to load resource: net::ERR_CONNECTION_CLOSED @ https://via.placeholder.com/300x200?text=No+Image:0
[  237568ms] [ERROR] Failed to load resource: net::ERR_CONNECTION_CLOSED @ https://via.placeholder.com/300x200?text=No+Image:0
[  237663ms] [ERROR] Failed to load resource: net::ERR_CONNECTION_CLOSED @ https://via.placeholder.com/300x200?text=No+Image:0
[  237759ms] [ERROR] Failed to load resource: net::ERR_CONNECTION_CLOSED @ https://via.placeholder.com/300x200?text=No+Image:0
[  237866ms] [ERROR] Failed to load resource: net::ERR_CONNECTION_CLOSED @ https://via.placeholder.com/300x200?text=No+Image:0
[  237967ms] [ERROR] Failed to load resource: net::ERR_CONNECTION_CLOSED @ https://via.placeholder.com/300x200?text=No+Image:0
[  238061ms] [ERROR] Failed to load resource: net::ERR_CONNECTION_CLOSED @ https://via.placeholder.com/300x200?text=No+Image:0
[  238153ms] [ERROR] Failed to load resource: net::ERR_CONNECTION_CLOSED @ https://via.placeholder.com/300x200?text=No+Image:0
[  238263ms] [ERROR] Failed to load resource: net::ERR_CONNECTION_CLOSED @ https://via.placeholder.com/300x200?text=No+Image:0
[  238373ms] [ERROR] Failed to load resource: net::ERR_CONNECTION_CLOSED @ https://via.placeholder.com/300x200?text=No+Image:0
[  238478ms] [ERROR] Failed to load resource: net::ERR_CONNECTION_CLOSED @ https://via.placeholder.com/300x200?text=No+Image:0
[  238572ms] [ERROR] Failed to load resource: net::ERR_CONNECTION_CLOSED @ https://via.placeholder.com/300x200?text=No+Image:0
[  238669ms] [ERROR] Failed to load resource: net::ERR_CONNECTION_CLOSED @ https://via.placeholder.com/300x200?text=No+Image:0
[  238764ms] [ERROR] Failed to load resource: net::ERR_CONNECTION_CLOSED @ https://via.placeholder.com/300x200?text=No+Image:0
[  238856ms] [ERROR] Failed to load resource: net::ERR_CONNECTION_CLOSED @ https://via.placeholder.com/300x200?text=No+Image:0
[  238950ms] [ERROR] Failed to load resource: net::ERR_CONNECTION_CLOSED @ https://via.placeholder.com/300x200?text=No+Image:0
[  239043ms] [ERROR] Failed to load resource: net::ERR_CONNECTION_CLOSED @ https://via.placeholder.com/300x200?text=No+Image:0
[  239142ms] [ERROR] Failed to load resource: net::ERR_CONNECTION_CLOSED @ https://via.placeholder.com/300x200?text=No+Image:0
[  239242ms] [ERROR] Failed to load resource: net::ERR_CONNECTION_CLOSED @ https://via.placeholder.com/300x200?text=No+Image:0
[  239339ms] [ERROR] Failed to load resource: net::ERR_CONNECTION_CLOSED @ https://via.placeholder.com/300x200?text=No+Image:0
[  239432ms] [ERROR] Failed to load resource: net::ERR_CONNECTION_CLOSED @ https://via.placeholder.com/300x200?text=No+Image:0
[  239528ms] [ERROR] Failed to load resource: net::ERR_CONNECTION_CLOSED @ https://via.placeholder.com/300x200?text=No+Image:0
[  239624ms] [ERROR] Failed to load resource: net::ERR_CONNECTION_CLOSED @ https://via.placeholder.com/300x200?text=No+Image:0
[  239724ms] [ERROR] Failed to load resource: net::ERR_CONNECTION_CLOSED @ https://via.placeholder.com/300x200?text=No+Image:0
[  239819ms] [ERROR] Failed to load resource: net::ERR_CONNECTION_CLOSED @ https://via.placeholder.com/300x200?text=No+Image:0
[  239927ms] [ERROR] Failed to load resource: net::ERR_CONNECTION_CLOSED @ https://via.placeholder.com/300x200?text=No+Image:0
[  240017ms] [ERROR] Failed to load resource: net::ERR_CONNECTION_CLOSED @ https://via.placeholder.com/300x200?text=No+Image:0
[  240115ms] [ERROR] Failed to load resource: net::ERR_CONNECTION_CLOSED @ https://via.placeholder.com/300x200?text=No+Image:0
[  240224ms] [ERROR] Failed to load resource: net::ERR_CONNECTION_CLOSED @ https://via.placeholder.com/300x200?text=No+Image:0
[  240318ms] [ERROR] Failed to load resource: net::ERR_CONNECTION_CLOSED @ https://via.placeholder.com/300x200?text=No+Image:0
[  240409ms] [ERROR] Failed to load resource: net::ERR_CONNECTION_CLOSED @ https://via.placeholder.com/300x200?text=No+Image:0
[  240505ms] [ERROR] Failed to load resource: net::ERR_CONNECTION_CLOSED @ https://via.placeholder.com/300x200?text=No+Image:0
[  240605ms] [ERROR] Failed to load resource: net::ERR_CONNECTION_CLOSED @ https://via.placeholder.com/300x200?text=No+Image:0
[  240701ms] [ERROR] Failed to load resource: net::ERR_CONNECTION_CLOSED @ https://via.placeholder.com/300x200?text=No+Image:0
[  240791ms] [ERROR] Failed to load resource: net::ERR_CONNECTION_CLOSED @ https://via.placeholder.com/300x200?text=No+Image:0
[  240883ms] [ERROR] Failed to load resource: net::ERR_CONNECTION_CLOSED @ https://via.placeholder.com/300x200?text=No+Image:0
[  240978ms] [ERROR] Failed to load resource: net::ERR_CONNECTION_CLOSED @ https://via.placeholder.com/300x200?text=No+Image:0
[  241072ms] [ERROR] Failed to load resource: net::ERR_CONNECTION_CLOSED @ https://via.placeholder.com/300x200?text=No+Image:0
[  241163ms] [ERROR] Failed to load resource: net::ERR_CONNECTION_CLOSED @ https://via.placeholder.com/300x200?text=No+Image:0
[  241258ms] [ERROR] Failed to load resource: net::ERR_CONNECTION_CLOSED @ https://via.placeholder.com/300x200?text=No+Image:0
[  241355ms] [ERROR] Failed to load resource: net::ERR_CONNECTION_CLOSED @ https://via.placeholder.com/300x200?text=No+Image:0
[  241448ms] [ERROR] Failed to load resource: net::ERR_CONNECTION_CLOSED @ https://via.placeholder.com/300x200?text=No+Image:0
[  241552ms] [ERROR] Failed to load resource: net::ERR_CONNECTION_CLOSED @ https://via.placeholder.com/300x200?text=No+Image:0
[  241647ms] [ERROR] Failed to load resource: net::ERR_CONNECTION_CLOSED @ https://via.placeholder.com/300x200?text=No+Image:0
[  241746ms] [ERROR] Failed to load resource: net::ERR_CONNECTION_CLOSED @ https://via.placeholder.com/300x200?text=No+Image:0
[  241841ms] [ERROR] Failed to load resource: net::ERR_CONNECTION_CLOSED @ https://via.placeholder.com/300x200?text=No+Image:0
[  241935ms] [ERROR] Failed to load resource: net::ERR_CONNECTION_CLOSED @ https://via.placeholder.com/300x200?text=No+Image:0
[  242025ms] [ERROR] Failed to load resource: net::ERR_CONNECTION_CLOSED @ https://via.placeholder.com/300x200?text=No+Image:0
[  242113ms] [ERROR] Failed to load resource: net::ERR_CONNECTION_CLOSED @ https://via.placeholder.com/300x200?text=No+Image:0
[  242211ms] [ERROR] Failed to load resource: net::ERR_CONNECTION_CLOSED @ https://via.placeholder.com/300x200?text=No+Image:0
[  242307ms] [ERROR] Failed to load resource: net::ERR_CONNECTION_CLOSED @ https://via.placeholder.com/300x200?text=No+Image:0
[  242406ms] [ERROR] Failed to load resource: net::ERR_CONNECTION_CLOSED @ https://via.placeholder.com/300x200?text=No+Image:0
[  242504ms] [ERROR] Failed to load resource: net::ERR_CONNECTION_CLOSED @ https://via.placeholder.com/300x200?text=No+Image:0
[  242613ms] [ERROR] Failed to load resource: net::ERR_CONNECTION_CLOSED @ https://via.placeholder.com/300x200?text=No+Image:0
[  242712ms] [ERROR] Failed to load resource: net::ERR_CONNECTION_CLOSED @ https://via.placeholder.com/300x200?text=No+Image:0
[  242802ms] [ERROR] Failed to load resource: net::ERR_CONNECTION_CLOSED @ https://via.placeholder.com/300x200?text=No+Image:0
[  242904ms] [ERROR] Failed to load resource: net::ERR_CONNECTION_CLOSED @ https://via.placeholder.com/300x200?text=No+Image:0
[  242998ms] [ERROR] Failed to load resource: net::ERR_CONNECTION_CLOSED @ https://via.placeholder.com/300x200?text=No+Image:0
[  243089ms] [ERROR] Failed to load resource: net::ERR_CONNECTION_CLOSED @ https://via.placeholder.com/300x200?text=No+Image:0
[  243183ms] [ERROR] Failed to load resource: net::ERR_CONNECTION_CLOSED @ https://via.placeholder.com/300x200?text=No+Image:0
[  243277ms] [ERROR] Failed to load resource: net::ERR_CONNECTION_CLOSED @ https://via.placeholder.com/300x200?text=No+Image:0
[  243370ms] [ERROR] Failed to load resource: net::ERR_CONNECTION_CLOSED @ https://via.placeholder.com/300x200?text=No+Image:0
[  243465ms] [ERROR] Failed to load resource: net::ERR_CONNECTION_CLOSED @ https://via.placeholder.com/300x200?text=No+Image:0
[  243569ms] [ERROR] Failed to load resource: net::ERR_CONNECTION_CLOSED @ https://via.placeholder.com/300x200?text=No+Image:0
[  243662ms] [ERROR] Failed to load resource: net::ERR_CONNECTION_CLOSED @ https://via.placeholder.com/300x200?text=No+Image:0
[  243761ms] [ERROR] Failed to load resource: net::ERR_CONNECTION_CLOSED @ https://via.placeholder.com/300x200?text=No+Image:0
[  243855ms] [ERROR] Failed to load resource: net::ERR_CONNECTION_CLOSED @ https://via.placeholder.com/300x200?text=No+Image:0
[  243946ms] [ERROR] Failed to load resource: net::ERR_CONNECTION_CLOSED @ https://via.placeholder.com/300x200?text=No+Image:0
[  244037ms] [ERROR] Failed to load resource: net::ERR_CONNECTION_CLOSED @ https://via.placeholder.com/300x200?text=No+Image:0
[  244133ms] [ERROR] Failed to load resource: net::ERR_CONNECTION_CLOSED @ https://via.placeholder.com/300x200?text=No+Image:0
[  244227ms] [ERROR] Failed to load resource: net::ERR_CONNECTION_CLOSED @ https://via.placeholder.com/300x200?text=No+Image:0
[  244322ms] [ERROR] Failed to load resource: net::ERR_CONNECTION_CLOSED @ https://via.placeholder.com/300x200?text=No+Image:0
[  244428ms] [ERROR] Failed to load resource: net::ERR_CONNECTION_CLOSED @ https://via.placeholder.com/300x200?text=No+Image:0
[  244526ms] [ERROR] Failed to load resource: net::ERR_CONNECTION_CLOSED @ https://via.placeholder.com/300x200?text=No+Image:0
[  244626ms] [ERROR] Failed to load resource: net::ERR_CONNECTION_CLOSED @ https://via.placeholder.com/300x200?text=No+Image:0
[  244719ms] [ERROR] Failed to load resource: net::ERR_CONNECTION_CLOSED @ https://via.placeholder.com/300x200?text=No+Image:0
[  244810ms] [ERROR] Failed to load resource: net::ERR_CONNECTION_CLOSED @ https://via.placeholder.com/300x200?text=No+Image:0
[  244902ms] [ERROR] Failed to load resource: net::ERR_CONNECTION_CLOSED @ https://via.placeholder.com/300x200?text=No+Image:0
[  244992ms] [ERROR] Failed to load resource: net::ERR_CONNECTION_CLOSED @ https://via.placeholder.com/300x200?text=No+Image:0
[  245086ms] [ERROR] Failed to load resource: net::ERR_CONNECTION_CLOSED @ https://via.placeholder.com/300x200?text=No+Image:0
[  245180ms] [ERROR] Failed to load resource: net::ERR_CONNECTION_CLOSED @ https://via.placeholder.com/300x200?text=No+Image:0
[  245291ms] [ERROR] Failed to load resource: net::ERR_CONNECTION_CLOSED @ https://via.placeholder.com/300x200?text=No+Image:0
[  245384ms] [ERROR] Failed to load resource: net::ERR_CONNECTION_CLOSED @ https://via.placeholder.com/300x200?text=No+Image:0
[  245476ms] [ERROR] Failed to load resource: net::ERR_CONNECTION_CLOSED @ https://via.placeholder.com/300x200?text=No+Image:0
[  245567ms] [ERROR] Failed to load resource: net::ERR_CONNECTION_CLOSED @ https://via.placeholder.com/300x200?text=No+Image:0
[  245663ms] [ERROR] Failed to load resource: net::ERR_CONNECTION_CLOSED @ https://via.placeholder.com/300x200?text=No+Image:0
[  245763ms] [ERROR] Failed to load resource: net::ERR_CONNECTION_CLOSED @ https://via.placeholder.com/300x200?text=No+Image:0
[  245866ms] [ERROR] Failed to load resource: net::ERR_CONNECTION_CLOSED @ https://via.placeholder.com/300x200?text=No+Image:0
[  245959ms] [ERROR] Failed to load resource: net::ERR_CONNECTION_CLOSED @ https://via.placeholder.com/300x200?text=No+Image:0
[  246049ms] [ERROR] Failed to load resource: net::ERR_CONNECTION_CLOSED @ https://via.placeholder.com/300x200?text=No+Image:0
[  246142ms] [ERROR] Failed to load resource: net::ERR_CONNECTION_CLOSED @ https://via.placeholder.com/300x200?text=No+Image:0
[  246245ms] [ERROR] Failed to load resource: net::ERR_CONNECTION_CLOSED @ https://via.placeholder.com/300x200?text=No+Image:0
[  246338ms] [ERROR] Failed to load resource: net::ERR_CONNECTION_CLOSED @ https://via.placeholder.com/300x200?text=No+Image:0
[  246434ms] [ERROR] Failed to load resource: net::ERR_CONNECTION_CLOSED @ https://via.placeholder.com/300x200?text=No+Image:0
[  246530ms] [ERROR] Failed to load resource: net::ERR_CONNECTION_CLOSED @ https://via.placeholder.com/300x200?text=No+Image:0
[  246620ms] [ERROR] Failed to load resource: net::ERR_CONNECTION_CLOSED @ https://via.placeholder.com/300x200?text=No+Image:0
[  246719ms] [ERROR] Failed to load resource: net::ERR_CONNECTION_CLOSED @ https://via.placeholder.com/300x200?text=No+Image:0
[  246809ms] [ERROR] Failed to load resource: net::ERR_CONNECTION_CLOSED @ https://via.placeholder.com/300x200?text=No+Image:0
[  246901ms] [ERROR] Failed to load resource: net::ERR_CONNECTION_CLOSED @ https://via.placeholder.com/300x200?text=No+Image:0
[  246996ms] [ERROR] Failed to load resource: net::ERR_CONNECTION_CLOSED @ https://via.placeholder.com/300x200?text=No+Image:0
[  247088ms] [ERROR] Failed to load resource: net::ERR_CONNECTION_CLOSED @ https://via.placeholder.com/300x200?text=No+Image:0
[  247184ms] [ERROR] Failed to load resource: net::ERR_CONNECTION_CLOSED @ https://via.placeholder.com/300x200?text=No+Image:0
[  247274ms] [ERROR] Failed to load resource: net::ERR_CONNECTION_CLOSED @ https://via.placeholder.com/300x200?text=No+Image:0
[  247365ms] [ERROR] Failed to load resource: net::ERR_CONNECTION_CLOSED @ https://via.placeholder.com/300x200?text=No+Image:0
[  247462ms] [ERROR] Failed to load resource: net::ERR_CONNECTION_CLOSED @ https://via.placeholder.com/300x200?text=No+Image:0
[  247554ms] [ERROR] Failed to load resource: net::ERR_CONNECTION_CLOSED @ https://via.placeholder.com/300x200?text=No+Image:0
[  247649ms] [ERROR] Failed to load resource: net::ERR_CONNECTION_CLOSED @ https://via.placeholder.com/300x200?text=No+Image:0
[  247782ms] [ERROR] Failed to load resource: net::ERR_CONNECTION_CLOSED @ https://via.placeholder.com/300x200?text=No+Image:0
[  247873ms] [ERROR] Failed to load resource: net::ERR_CONNECTION_CLOSED @ https://via.placeholder.com/300x200?text=No+Image:0
[  247968ms] [ERROR] Failed to load resource: net::ERR_CONNECTION_CLOSED @ https://via.placeholder.com/300x200?text=No+Image:0
[  248061ms] [ERROR] Failed to load resource: net::ERR_CONNECTION_CLOSED @ https://via.placeholder.com/300x200?text=No+Image:0
[  248154ms] [ERROR] Failed to load resource: net::ERR_CONNECTION_CLOSED @ https://via.placeholder.com/300x200?text=No+Image:0
[  248251ms] [ERROR] Failed to load resource: net::ERR_CONNECTION_CLOSED @ https://via.placeholder.com/300x200?text=No+Image:0
[  248341ms] [ERROR] Failed to load resource: net::ERR_CONNECTION_CLOSED @ https://via.placeholder.com/300x200?text=No+Image:0
[  248438ms] [ERROR] Failed to load resource: net::ERR_CONNECTION_CLOSED @ https://via.placeholder.com/300x200?text=No+Image:0
[  248527ms] [ERROR] Failed to load resource: net::ERR_CONNECTION_CLOSED @ https://via.placeholder.com/300x200?text=No+Image:0
[  248624ms] [ERROR] Failed to load resource: net::ERR_CONNECTION_CLOSED @ https://via.placeholder.com/300x200?text=No+Image:0
[  248725ms] [ERROR] Failed to load resource: net::ERR_CONNECTION_CLOSED @ https://via.placeholder.com/300x200?text=No+Image:0
[  248820ms] [ERROR] Failed to load resource: net::ERR_CONNECTION_CLOSED @ https://via.placeholder.com/300x200?text=No+Image:0
[  248920ms] [ERROR] Failed to load resource: net::ERR_CONNECTION_CLOSED @ https://via.placeholder.com/300x200?text=No+Image:0
[  249012ms] [ERROR] Failed to load resource: net::ERR_CONNECTION_CLOSED @ https://via.placeholder.com/300x200?text=No+Image:0
[  249118ms] [ERROR] Failed to load resource: net::ERR_CONNECTION_CLOSED @ https://via.placeholder.com/300x200?text=No+Image:0
[  249222ms] [ERROR] Failed to load resource: net::ERR_CONNECTION_CLOSED @ https://via.placeholder.com/300x200?text=No+Image:0
[  249323ms] [ERROR] Failed to load resource: net::ERR_CONNECTION_CLOSED @ https://via.placeholder.com/300x200?text=No+Image:0
[  249415ms] [ERROR] Failed to load resource: net::ERR_CONNECTION_CLOSED @ https://via.placeholder.com/300x200?text=No+Image:0
[  249505ms] [ERROR] Failed to load resource: net::ERR_CONNECTION_CLOSED @ https://via.placeholder.com/300x200?text=No+Image:0
[  249603ms] [ERROR] Failed to load resource: net::ERR_CONNECTION_CLOSED @ https://via.placeholder.com/300x200?text=No+Image:0
[  249706ms] [ERROR] Failed to load resource: net::ERR_CONNECTION_CLOSED @ https://via.placeholder.com/300x200?text=No+Image:0
[  249801ms] [ERROR] Failed to load resource: net::ERR_CONNECTION_CLOSED @ https://via.placeholder.com/300x200?text=No+Image:0
[  249897ms] [ERROR] Failed to load resource: net::ERR_CONNECTION_CLOSED @ https://via.placeholder.com/300x200?text=No+Image:0
[  249996ms] [ERROR] Failed to load resource: net::ERR_CONNECTION_CLOSED @ https://via.placeholder.com/300x200?text=No+Image:0
[  250094ms] [ERROR] Failed to load resource: net::ERR_CONNECTION_CLOSED @ https://via.placeholder.com/300x200?text=No+Image:0
[  250188ms] [ERROR] Failed to load resource: net::ERR_CONNECTION_CLOSED @ https://via.placeholder.com/300x200?text=No+Image:0
[  250289ms] [ERROR] Failed to load resource: net::ERR_CONNECTION_CLOSED @ https://via.placeholder.com/300x200?text=No+Image:0
[  250385ms] [ERROR] Failed to load resource: net::ERR_CONNECTION_CLOSED @ https://via.placeholder.com/300x200?text=No+Image:0
[  250483ms] [ERROR] Failed to load resource: net::ERR_CONNECTION_CLOSED @ https://via.placeholder.com/300x200?text=No+Image:0
[  250580ms] [ERROR] Failed to load resource: net::ERR_CONNECTION_CLOSED @ https://via.placeholder.com/300x200?text=No+Image:0
[  250670ms] [ERROR] Failed to load resource: net::ERR_CONNECTION_CLOSED @ https://via.placeholder.com/300x200?text=No+Image:0
[  250771ms] [ERROR] Failed to load resource: net::ERR_CONNECTION_CLOSED @ https://via.placeholder.com/300x200?text=No+Image:0
[  250865ms] [ERROR] Failed to load resource: net::ERR_CONNECTION_CLOSED @ https://via.placeholder.com/300x200?text=No+Image:0
[  250961ms] [ERROR] Failed to load resource: net::ERR_CONNECTION_CLOSED @ https://via.placeholder.com/300x200?text=No+Image:0
[  251060ms] [ERROR] Failed to load resource: net::ERR_CONNECTION_CLOSED @ https://via.placeholder.com/300x200?text=No+Image:0
[  251160ms] [ERROR] Failed to load resource: net::ERR_CONNECTION_CLOSED @ https://via.placeholder.com/300x200?text=No+Image:0
[  251253ms] [ERROR] Failed to load resource: net::ERR_CONNECTION_CLOSED @ https://via.placeholder.com/300x200?text=No+Image:0
[  251343ms] [ERROR] Failed to load resource: net::ERR_CONNECTION_CLOSED @ https://via.placeholder.com/300x200?text=No+Image:0
[  251437ms] [ERROR] Failed to load resource: net::ERR_CONNECTION_CLOSED @ https://via.placeholder.com/300x200?text=No+Image:0
[  251528ms] [ERROR] Failed to load resource: net::ERR_CONNECTION_CLOSED @ https://via.placeholder.com/300x200?text=No+Image:0
[  251622ms] [ERROR] Failed to load resource: net::ERR_CONNECTION_CLOSED @ https://via.placeholder.com/300x200?text=No+Image:0
[  251737ms] [ERROR] Failed to load resource: net::ERR_CONNECTION_CLOSED @ https://via.placeholder.com/300x200?text=No+Image:0
[  251826ms] [ERROR] Failed to load resource: net::ERR_CONNECTION_CLOSED @ https://via.placeholder.com/300x200?text=No+Image:0
[  251918ms] [ERROR] Failed to load resource: net::ERR_CONNECTION_CLOSED @ https://via.placeholder.com/300x200?text=No+Image:0
[  252054ms] [ERROR] Failed to load resource: net::ERR_CONNECTION_CLOSED @ https://via.placeholder.com/300x200?text=No+Image:0
[  252158ms] [ERROR] Failed to load resource: net::ERR_CONNECTION_CLOSED @ https://via.placeholder.com/300x200?text=No+Image:0
[  252252ms] [ERROR] Failed to load resource: net::ERR_CONNECTION_CLOSED @ https://via.placeholder.com/300x200?text=No+Image:0
[  252345ms] [ERROR] Failed to load resource: net::ERR_CONNECTION_CLOSED @ https://via.placeholder.com/300x200?text=No+Image:0
[  252438ms] [ERROR] Failed to load resource: net::ERR_CONNECTION_CLOSED @ https://via.placeholder.com/300x200?text=No+Image:0
[  252570ms] [ERROR] Failed to load resource: net::ERR_CONNECTION_CLOSED @ https://via.placeholder.com/300x200?text=No+Image:0
[  252661ms] [ERROR] Failed to load resource: net::ERR_CONNECTION_CLOSED @ https://via.placeholder.com/300x200?text=No+Image:0
[  252775ms] [ERROR] Failed to load resource: net::ERR_CONNECTION_CLOSED @ https://via.placeholder.com/300x200?text=No+Image:0
[  252869ms] [ERROR] Failed to load resource: net::ERR_CONNECTION_CLOSED @ https://via.placeholder.com/300x200?text=No+Image:0
[  253056ms] [ERROR] Failed to load resource: net::ERR_CONNECTION_CLOSED @ https://via.placeholder.com/300x200?text=No+Image:0
[  253152ms] [ERROR] Failed to load resource: net::ERR_CONNECTION_CLOSED @ https://via.placeholder.com/300x200?text=No+Image:0
[  253248ms] [ERROR] Failed to load resource: net::ERR_CONNECTION_CLOSED @ https://via.placeholder.com/300x200?text=No+Image:0
[  253342ms] [ERROR] Failed to load resource: net::ERR_CONNECTION_CLOSED @ https://via.placeholder.com/300x200?text=No+Image:0
[  253452ms] [ERROR] Failed to load resource: net::ERR_CONNECTION_CLOSED @ https://via.placeholder.com/300x200?text=No+Image:0
[  253545ms] [ERROR] Failed to load resource: net::ERR_CONNECTION_CLOSED @ https://via.placeholder.com/300x200?text=No+Image:0
[  253639ms] [ERROR] Failed to load resource: net::ERR_CONNECTION_CLOSED @ https://via.placeholder.com/300x200?text=No+Image:0
[  253733ms] [ERROR] Failed to load resource: net::ERR_CONNECTION_CLOSED @ https://via.placeholder.com/300x200?text=No+Image:0
[  253821ms] [ERROR] Failed to load resource: net::ERR_CONNECTION_CLOSED @ https://via.placeholder.com/300x200?text=No+Image:0
[  253925ms] [ERROR] Failed to load resource: net::ERR_CONNECTION_CLOSED @ https://via.placeholder.com/300x200?text=No+Image:0
[  254018ms] [ERROR] Failed to load resource: net::ERR_CONNECTION_CLOSED @ https://via.placeholder.com/300x200?text=No+Image:0
[  254117ms] [ERROR] Failed to load resource: net::ERR_CONNECTION_CLOSED @ https://via.placeholder.com/300x200?text=No+Image:0
[  254214ms] [ERROR] Failed to load resource: net::ERR_CONNECTION_CLOSED @ https://via.placeholder.com/300x200?text=No+Image:0
[  254307ms] [ERROR] Failed to load resource: net::ERR_CONNECTION_CLOSED @ https://via.placeholder.com/300x200?text=No+Image:0
[  254401ms] [ERROR] Failed to load resource: net::ERR_CONNECTION_CLOSED @ https://via.placeholder.com/300x200?text=No+Image:0
[  254492ms] [ERROR] Failed to load resource: net::ERR_CONNECTION_CLOSED @ https://via.placeholder.com/300x200?text=No+Image:0
[  254594ms] [ERROR] Failed to load resource: net::ERR_CONNECTION_CLOSED @ https://via.placeholder.com/300x200?text=No+Image:0
[  254693ms] [ERROR] Failed to load resource: net::ERR_CONNECTION_CLOSED @ https://via.placeholder.com/300x200?text=No+Image:0
[  254798ms] [ERROR] Failed to load resource: net::ERR_CONNECTION_CLOSED @ https://via.placeholder.com/300x200?text=No+Image:0
[  254891ms] [ERROR] Failed to load resource: net::ERR_CONNECTION_CLOSED @ https://via.placeholder.com/300x200?text=No+Image:0
[  254980ms] [ERROR] Failed to load resource: net::ERR_CONNECTION_CLOSED @ https://via.placeholder.com/300x200?text=No+Image:0
[  255081ms] [ERROR] Failed to load resource: net::ERR_CONNECTION_CLOSED @ https://via.placeholder.com/300x200?text=No+Image:0
[  255172ms] [ERROR] Failed to load resource: net::ERR_CONNECTION_CLOSED @ https://via.placeholder.com/300x200?text=No+Image:0
[  255264ms] [ERROR] Failed to load resource: net::ERR_CONNECTION_CLOSED @ https://via.placeholder.com/300x200?text=No+Image:0
[  255366ms] [ERROR] Failed to load resource: net::ERR_CONNECTION_CLOSED @ https://via.placeholder.com/300x200?text=No+Image:0
[  255463ms] [ERROR] Failed to load resource: net::ERR_CONNECTION_CLOSED @ https://via.placeholder.com/300x200?text=No+Image:0
[  255555ms] [ERROR] Failed to load resource: net::ERR_CONNECTION_CLOSED @ https://via.placeholder.com/300x200?text=No+Image:0
[  255646ms] [ERROR] Failed to load resource: net::ERR_CONNECTION_CLOSED @ https://via.placeholder.com/300x200?text=No+Image:0
[  255754ms] [ERROR] Failed to load resource: net::ERR_CONNECTION_CLOSED @ https://via.placeholder.com/300x200?text=No+Image:0
[  255850ms] [ERROR] Failed to load resource: net::ERR_CONNECTION_CLOSED @ https://via.placeholder.com/300x200?text=No+Image:0
[  255942ms] [ERROR] Failed to load resource: net::ERR_CONNECTION_CLOSED @ https://via.placeholder.com/300x200?text=No+Image:0
[  256033ms] [ERROR] Failed to load resource: net::ERR_CONNECTION_CLOSED @ https://via.placeholder.com/300x200?text=No+Image:0
[  256125ms] [ERROR] Failed to load resource: net::ERR_CONNECTION_CLOSED @ https://via.placeholder.com/300x200?text=No+Image:0
[  256215ms] [ERROR] Failed to load resource: net::ERR_CONNECTION_CLOSED @ https://via.placeholder.com/300x200?text=No+Image:0
[  256303ms] [ERROR] Failed to load resource: net::ERR_CONNECTION_CLOSED @ https://via.placeholder.com/300x200?text=No+Image:0
[  256396ms] [ERROR] Failed to load resource: net::ERR_CONNECTION_CLOSED @ https://via.placeholder.com/300x200?text=No+Image:0
[  256484ms] [ERROR] Failed to load resource: net::ERR_CONNECTION_CLOSED @ https://via.placeholder.com/300x200?text=No+Image:0
[  256578ms] [ERROR] Failed to load resource: net::ERR_CONNECTION_CLOSED @ https://via.placeholder.com/300x200?text=No+Image:0
[  256672ms] [ERROR] Failed to load resource: net::ERR_CONNECTION_CLOSED @ https://via.placeholder.com/300x200?text=No+Image:0
[  256767ms] [ERROR] Failed to load resource: net::ERR_CONNECTION_CLOSED @ https://via.placeholder.com/300x200?text=No+Image:0
[  256862ms] [ERROR] Failed to load resource: net::ERR_CONNECTION_CLOSED @ https://via.placeholder.com/300x200?text=No+Image:0
[  256961ms] [ERROR] Failed to load resource: net::ERR_CONNECTION_CLOSED @ https://via.placeholder.com/300x200?text=No+Image:0
[  257053ms] [ERROR] Failed to load resource: net::ERR_CONNECTION_CLOSED @ https://via.placeholder.com/300x200?text=No+Image:0
[  257147ms] [ERROR] Failed to load resource: net::ERR_CONNECTION_CLOSED @ https://via.placeholder.com/300x200?text=No+Image:0
[  257253ms] [ERROR] Failed to load resource: net::ERR_CONNECTION_CLOSED @ https://via.placeholder.com/300x200?text=No+Image:0
[  257351ms] [ERROR] Failed to load resource: net::ERR_CONNECTION_CLOSED @ https://via.placeholder.com/300x200?text=No+Image:0
[  257446ms] [ERROR] Failed to load resource: net::ERR_CONNECTION_CLOSED @ https://via.placeholder.com/300x200?text=No+Image:0
[  257539ms] [ERROR] Failed to load resource: net::ERR_CONNECTION_CLOSED @ https://via.placeholder.com/300x200?text=No+Image:0
[  257634ms] [ERROR] Failed to load resource: net::ERR_CONNECTION_CLOSED @ https://via.placeholder.com/300x200?text=No+Image:0
[  257734ms] [ERROR] Failed to load resource: net::ERR_CONNECTION_CLOSED @ https://via.placeholder.com/300x200?text=No+Image:0
[  257830ms] [ERROR] Failed to load resource: net::ERR_CONNECTION_CLOSED @ https://via.placeholder.com/300x200?text=No+Image:0
[  257925ms] [ERROR] Failed to load resource: net::ERR_CONNECTION_CLOSED @ https://via.placeholder.com/300x200?text=No+Image:0
[  258018ms] [ERROR] Failed to load resource: net::ERR_CONNECTION_CLOSED @ https://via.placeholder.com/300x200?text=No+Image:0
[  258110ms] [ERROR] Failed to load resource: net::ERR_CONNECTION_CLOSED @ https://via.placeholder.com/300x200?text=No+Image:0
[  258202ms] [ERROR] Failed to load resource: net::ERR_CONNECTION_CLOSED @ https://via.placeholder.com/300x200?text=No+Image:0
[  258298ms] [ERROR] Failed to load resource: net::ERR_CONNECTION_CLOSED @ https://via.placeholder.com/300x200?text=No+Image:0
[  258391ms] [ERROR] Failed to load resource: net::ERR_CONNECTION_CLOSED @ https://via.placeholder.com/300x200?text=No+Image:0
[  258498ms] [ERROR] Failed to load resource: net::ERR_CONNECTION_CLOSED @ https://via.placeholder.com/300x200?text=No+Image:0
[  258591ms] [ERROR] Failed to load resource: net::ERR_CONNECTION_CLOSED @ https://via.placeholder.com/300x200?text=No+Image:0
[  258687ms] [ERROR] Failed to load resource: net::ERR_CONNECTION_CLOSED @ https://via.placeholder.com/300x200?text=No+Image:0
[  258792ms] [ERROR] Failed to load resource: net::ERR_CONNECTION_CLOSED @ https://via.placeholder.com/300x200?text=No+Image:0
[  258889ms] [ERROR] Failed to load resource: net::ERR_CONNECTION_CLOSED @ https://via.placeholder.com/300x200?text=No+Image:0
[  258986ms] [ERROR] Failed to load resource: net::ERR_CONNECTION_CLOSED @ https://via.placeholder.com/300x200?text=No+Image:0
[  259085ms] [ERROR] Failed to load resource: net::ERR_CONNECTION_CLOSED @ https://via.placeholder.com/300x200?text=No+Image:0
[  259182ms] [ERROR] Failed to load resource: net::ERR_CONNECTION_CLOSED @ https://via.placeholder.com/300x200?text=No+Image:0
[  259285ms] [ERROR] Failed to load resource: net::ERR_CONNECTION_CLOSED @ https://via.placeholder.com/300x200?text=No+Image:0
[  259382ms] [ERROR] Failed to load resource: net::ERR_CONNECTION_CLOSED @ https://via.placeholder.com/300x200?text=No+Image:0
[  259473ms] [ERROR] Failed to load resource: net::ERR_CONNECTION_CLOSED @ https://via.placeholder.com/300x200?text=No+Image:0
[  259567ms] [ERROR] Failed to load resource: net::ERR_CONNECTION_CLOSED @ https://via.placeholder.com/300x200?text=No+Image:0
[  259660ms] [ERROR] Failed to load resource: net::ERR_CONNECTION_CLOSED @ https://via.placeholder.com/300x200?text=No+Image:0
[  259756ms] [ERROR] Failed to load resource: net::ERR_CONNECTION_CLOSED @ https://via.placeholder.com/300x200?text=No+Image:0
[  259846ms] [ERROR] Failed to load resource: net::ERR_CONNECTION_CLOSED @ https://via.placeholder.com/300x200?text=No+Image:0
[  259939ms] [ERROR] Failed to load resource: net::ERR_CONNECTION_CLOSED @ https://via.placeholder.com/300x200?text=No+Image:0
[  260031ms] [ERROR] Failed to load resource: net::ERR_CONNECTION_CLOSED @ https://via.placeholder.com/300x200?text=No+Image:0
[  260125ms] [ERROR] Failed to load resource: net::ERR_CONNECTION_CLOSED @ https://via.placeholder.com/300x200?text=No+Image:0
[  260220ms] [ERROR] Failed to load resource: net::ERR_CONNECTION_CLOSED @ https://via.placeholder.com/300x200?text=No+Image:0
[  260309ms] [ERROR] Failed to load resource: net::ERR_CONNECTION_CLOSED @ https://via.placeholder.com/300x200?text=No+Image:0
[  260394ms] [ERROR] Failed to load resource: net::ERR_CONNECTION_CLOSED @ https://via.placeholder.com/300x200?text=No+Image:0
[  260494ms] [ERROR] Failed to load resource: net::ERR_CONNECTION_CLOSED @ https://via.placeholder.com/300x200?text=No+Image:0
[  260582ms] [ERROR] Failed to load resource: net::ERR_CONNECTION_CLOSED @ https://via.placeholder.com/300x200?text=No+Image:0
[  260677ms] [ERROR] Failed to load resource: net::ERR_CONNECTION_CLOSED @ https://via.placeholder.com/300x200?text=No+Image:0
[  260781ms] [ERROR] Failed to load resource: net::ERR_CONNECTION_CLOSED @ https://via.placeholder.com/300x200?text=No+Image:0
[  260878ms] [ERROR] Failed to load resource: net::ERR_CONNECTION_CLOSED @ https://via.placeholder.com/300x200?text=No+Image:0
[  260969ms] [ERROR] Failed to load resource: net::ERR_CONNECTION_CLOSED @ https://via.placeholder.com/300x200?text=No+Image:0
[  261065ms] [ERROR] Failed to load resource: net::ERR_CONNECTION_CLOSED @ https://via.placeholder.com/300x200?text=No+Image:0
[  261159ms] [ERROR] Failed to load resource: net::ERR_CONNECTION_CLOSED @ https://via.placeholder.com/300x200?text=No+Image:0
[  261257ms] [ERROR] Failed to load resource: net::ERR_CONNECTION_CLOSED @ https://via.placeholder.com/300x200?text=No+Image:0
[  261349ms] [ERROR] Failed to load resource: net::ERR_CONNECTION_CLOSED @ https://via.placeholder.com/300x200?text=No+Image:0
[  261448ms] [ERROR] Failed to load resource: net::ERR_CONNECTION_CLOSED @ https://via.placeholder.com/300x200?text=No+Image:0
[  261544ms] [ERROR] Failed to load resource: net::ERR_CONNECTION_CLOSED @ https://via.placeholder.com/300x200?text=No+Image:0
[  261640ms] [ERROR] Failed to load resource: net::ERR_CONNECTION_CLOSED @ https://via.placeholder.com/300x200?text=No+Image:0
[  261759ms] [ERROR] Failed to load resource: net::ERR_CONNECTION_CLOSED @ https://via.placeholder.com/300x200?text=No+Image:0
[  261853ms] [ERROR] Failed to load resource: net::ERR_CONNECTION_CLOSED @ https://via.placeholder.com/300x200?text=No+Image:0
[  261949ms] [ERROR] Failed to load resource: net::ERR_CONNECTION_CLOSED @ https://via.placeholder.com/300x200?text=No+Image:0
[  262039ms] [ERROR] Failed to load resource: net::ERR_CONNECTION_CLOSED @ https://via.placeholder.com/300x200?text=No+Image:0
[  262134ms] [ERROR] Failed to load resource: net::ERR_CONNECTION_CLOSED @ https://via.placeholder.com/300x200?text=No+Image:0
[  262238ms] [ERROR] Failed to load resource: net::ERR_CONNECTION_CLOSED @ https://via.placeholder.com/300x200?text=No+Image:0
[  262343ms] [ERROR] Failed to load resource: net::ERR_CONNECTION_CLOSED @ https://via.placeholder.com/300x200?text=No+Image:0
[  262431ms] [ERROR] Failed to load resource: net::ERR_CONNECTION_CLOSED @ https://via.placeholder.com/300x200?text=No+Image:0
[  262523ms] [ERROR] Failed to load resource: net::ERR_CONNECTION_CLOSED @ https://via.placeholder.com/300x200?text=No+Image:0
[  262616ms] [ERROR] Failed to load resource: net::ERR_CONNECTION_CLOSED @ https://via.placeholder.com/300x200?text=No+Image:0
[  262715ms] [ERROR] Failed to load resource: net::ERR_CONNECTION_CLOSED @ https://via.placeholder.com/300x200?text=No+Image:0
[  262814ms] [ERROR] Failed to load resource: net::ERR_CONNECTION_CLOSED @ https://via.placeholder.com/300x200?text=No+Image:0
[  262905ms] [ERROR] Failed to load resource: net::ERR_CONNECTION_CLOSED @ https://via.placeholder.com/300x200?text=No+Image:0
[  263001ms] [ERROR] Failed to load resource: net::ERR_CONNECTION_CLOSED @ https://via.placeholder.com/300x200?text=No+Image:0
[  263095ms] [ERROR] Failed to load resource: net::ERR_CONNECTION_CLOSED @ https://via.placeholder.com/300x200?text=No+Image:0
[  263191ms] [ERROR] Failed to load resource: net::ERR_CONNECTION_CLOSED @ https://via.placeholder.com/300x200?text=No+Image:0
[  263287ms] [ERROR] Failed to load resource: net::ERR_CONNECTION_CLOSED @ https://via.placeholder.com/300x200?text=No+Image:0
[  263378ms] [ERROR] Failed to load resource: net::ERR_CONNECTION_CLOSED @ https://via.placeholder.com/300x200?text=No+Image:0
[  263478ms] [ERROR] Failed to load resource: net::ERR_CONNECTION_CLOSED @ https://via.placeholder.com/300x200?text=No+Image:0
[  263579ms] [ERROR] Failed to load resource: net::ERR_CONNECTION_CLOSED @ https://via.placeholder.com/300x200?text=No+Image:0
[  263675ms] [ERROR] Failed to load resource: net::ERR_CONNECTION_CLOSED @ https://via.placeholder.com/300x200?text=No+Image:0
[  263769ms] [ERROR] Failed to load resource: net::ERR_CONNECTION_CLOSED @ https://via.placeholder.com/300x200?text=No+Image:0
[  263871ms] [ERROR] Failed to load resource: net::ERR_CONNECTION_CLOSED @ https://via.placeholder.com/300x200?text=No+Image:0
[  263959ms] [ERROR] Failed to load resource: net::ERR_CONNECTION_CLOSED @ https://via.placeholder.com/300x200?text=No+Image:0
[  264052ms] [ERROR] Failed to load resource: net::ERR_CONNECTION_CLOSED @ https://via.placeholder.com/300x200?text=No+Image:0
[  264144ms] [ERROR] Failed to load resource: net::ERR_CONNECTION_CLOSED @ https://via.placeholder.com/300x200?text=No+Image:0
[  264239ms] [ERROR] Failed to load resource: net::ERR_CONNECTION_CLOSED @ https://via.placeholder.com/300x200?text=No+Image:0
[  264336ms] [ERROR] Failed to load resource: net::ERR_CONNECTION_CLOSED @ https://via.placeholder.com/300x200?text=No+Image:0
[  264438ms] [ERROR] Failed to load resource: net::ERR_CONNECTION_CLOSED @ https://via.placeholder.com/300x200?text=No+Image:0
[  264533ms] [ERROR] Failed to load resource: net::ERR_CONNECTION_CLOSED @ https://via.placeholder.com/300x200?text=No+Image:0
[  264628ms] [ERROR] Failed to load resource: net::ERR_CONNECTION_CLOSED @ https://via.placeholder.com/300x200?text=No+Image:0
[  264722ms] [ERROR] Failed to load resource: net::ERR_CONNECTION_CLOSED @ https://via.placeholder.com/300x200?text=No+Image:0
[  264820ms] [ERROR] Failed to load resource: net::ERR_CONNECTION_CLOSED @ https://via.placeholder.com/300x200?text=No+Image:0
[  264913ms] [ERROR] Failed to load resource: net::ERR_CONNECTION_CLOSED @ https://via.placeholder.com/300x200?text=No+Image:0
[  265010ms] [ERROR] Failed to load resource: net::ERR_CONNECTION_CLOSED @ https://via.placeholder.com/300x200?text=No+Image:0
[  265108ms] [ERROR] Failed to load resource: net::ERR_CONNECTION_CLOSED @ https://via.placeholder.com/300x200?text=No+Image:0
[  265209ms] [ERROR] Failed to load resource: net::ERR_CONNECTION_CLOSED @ https://via.placeholder.com/300x200?text=No+Image:0
[  265316ms] [ERROR] Failed to load resource: net::ERR_CONNECTION_CLOSED @ https://via.placeholder.com/300x200?text=No+Image:0
[  265418ms] [ERROR] Failed to load resource: net::ERR_CONNECTION_CLOSED @ https://via.placeholder.com/300x200?text=No+Image:0
[  265511ms] [ERROR] Failed to load resource: net::ERR_CONNECTION_CLOSED @ https://via.placeholder.com/300x200?text=No+Image:0
[  265606ms] [ERROR] Failed to load resource: net::ERR_CONNECTION_CLOSED @ https://via.placeholder.com/300x200?text=No+Image:0
[  265702ms] [ERROR] Failed to load resource: net::ERR_CONNECTION_CLOSED @ https://via.placeholder.com/300x200?text=No+Image:0
[  265792ms] [ERROR] Failed to load resource: net::ERR_CONNECTION_CLOSED @ https://via.placeholder.com/300x200?text=No+Image:0
[  265887ms] [ERROR] Failed to load resource: net::ERR_CONNECTION_CLOSED @ https://via.placeholder.com/300x200?text=No+Image:0
[  265978ms] [ERROR] Failed to load resource: net::ERR_CONNECTION_CLOSED @ https://via.placeholder.com/300x200?text=No+Image:0
[  266071ms] [ERROR] Failed to load resource: net::ERR_CONNECTION_CLOSED @ https://via.placeholder.com/300x200?text=No+Image:0
[  266165ms] [ERROR] Failed to load resource: net::ERR_CONNECTION_CLOSED @ https://via.placeholder.com/300x200?text=No+Image:0
[  266263ms] [ERROR] Failed to load resource: net::ERR_CONNECTION_CLOSED @ https://via.placeholder.com/300x200?text=No+Image:0
[  266356ms] [ERROR] Failed to load resource: net::ERR_CONNECTION_CLOSED @ https://via.placeholder.com/300x200?text=No+Image:0
[  266455ms] [ERROR] Failed to load resource: net::ERR_CONNECTION_CLOSED @ https://via.placeholder.com/300x200?text=No+Image:0
[  266543ms] [ERROR] Failed to load resource: net::ERR_CONNECTION_CLOSED @ https://via.placeholder.com/300x200?text=No+Image:0
[  266638ms] [ERROR] Failed to load resource: net::ERR_CONNECTION_CLOSED @ https://via.placeholder.com/300x200?text=No+Image:0
[  266738ms] [ERROR] Failed to load resource: net::ERR_CONNECTION_CLOSED @ https://via.placeholder.com/300x200?text=No+Image:0
[  266835ms] [ERROR] Failed to load resource: net::ERR_CONNECTION_CLOSED @ https://via.placeholder.com/300x200?text=No+Image:0
[  266931ms] [ERROR] Failed to load resource: net::ERR_CONNECTION_CLOSED @ https://via.placeholder.com/300x200?text=No+Image:0
[  267026ms] [ERROR] Failed to load resource: net::ERR_CONNECTION_CLOSED @ https://via.placeholder.com/300x200?text=No+Image:0
[  267119ms] [ERROR] Failed to load resource: net::ERR_CONNECTION_CLOSED @ https://via.placeholder.com/300x200?text=No+Image:0
[  267210ms] [ERROR] Failed to load resource: net::ERR_CONNECTION_CLOSED @ https://via.placeholder.com/300x200?text=No+Image:0
[  267309ms] [ERROR] Failed to load resource: net::ERR_CONNECTION_CLOSED @ https://via.placeholder.com/300x200?text=No+Image:0
[  267398ms] [ERROR] Failed to load resource: net::ERR_CONNECTION_CLOSED @ https://via.placeholder.com/300x200?text=No+Image:0
[  267490ms] [ERROR] Failed to load resource: net::ERR_CONNECTION_CLOSED @ https://via.placeholder.com/300x200?text=No+Image:0
[  267585ms] [ERROR] Failed to load resource: net::ERR_CONNECTION_CLOSED @ https://via.placeholder.com/300x200?text=No+Image:0
[  267680ms] [ERROR] Failed to load resource: net::ERR_CONNECTION_CLOSED @ https://via.placeholder.com/300x200?text=No+Image:0
[  267775ms] [ERROR] Failed to load resource: net::ERR_CONNECTION_CLOSED @ https://via.placeholder.com/300x200?text=No+Image:0
[  267869ms] [ERROR] Failed to load resource: net::ERR_CONNECTION_CLOSED @ https://via.placeholder.com/300x200?text=No+Image:0
[  267959ms] [ERROR] Failed to load resource: net::ERR_CONNECTION_CLOSED @ https://via.placeholder.com/300x200?text=No+Image:0
[  268053ms] [ERROR] Failed to load resource: net::ERR_CONNECTION_CLOSED @ https://via.placeholder.com/300x200?text=No+Image:0
[  268147ms] [ERROR] Failed to load resource: net::ERR_CONNECTION_CLOSED @ https://via.placeholder.com/300x200?text=No+Image:0
[  268245ms] [ERROR] Failed to load resource: net::ERR_CONNECTION_CLOSED @ https://via.placeholder.com/300x200?text=No+Image:0
[  268342ms] [ERROR] Failed to load resource: net::ERR_CONNECTION_CLOSED @ https://via.placeholder.com/300x200?text=No+Image:0
[  268440ms] [ERROR] Failed to load resource: net::ERR_CONNECTION_CLOSED @ https://via.placeholder.com/300x200?text=No+Image:0
[  268529ms] [ERROR] Failed to load resource: net::ERR_CONNECTION_CLOSED @ https://via.placeholder.com/300x200?text=No+Image:0
[  268625ms] [ERROR] Failed to load resource: net::ERR_CONNECTION_CLOSED @ https://via.placeholder.com/300x200?text=No+Image:0
[  268724ms] [ERROR] Failed to load resource: net::ERR_CONNECTION_CLOSED @ https://via.placeholder.com/300x200?text=No+Image:0
[  268819ms] [ERROR] Failed to load resource: net::ERR_CONNECTION_CLOSED @ https://via.placeholder.com/300x200?text=No+Image:0
[  268914ms] [ERROR] Failed to load resource: net::ERR_CONNECTION_CLOSED @ https://via.placeholder.com/300x200?text=No+Image:0
[  269011ms] [ERROR] Failed to load resource: net::ERR_CONNECTION_CLOSED @ https://via.placeholder.com/300x200?text=No+Image:0
[  269128ms] [ERROR] Failed to load resource: net::ERR_CONNECTION_CLOSED @ https://via.placeholder.com/300x200?text=No+Image:0
[  269225ms] [ERROR] Failed to load resource: net::ERR_CONNECTION_CLOSED @ https://via.placeholder.com/300x200?text=No+Image:0
[  269321ms] [ERROR] Failed to load resource: net::ERR_CONNECTION_CLOSED @ https://via.placeholder.com/300x200?text=No+Image:0
[  269416ms] [ERROR] Failed to load resource: net::ERR_CONNECTION_CLOSED @ https://via.placeholder.com/300x200?text=No+Image:0
[  269509ms] [ERROR] Failed to load resource: net::ERR_CONNECTION_CLOSED @ https://via.placeholder.com/300x200?text=No+Image:0
[  269600ms] [ERROR] Failed to load resource: net::ERR_CONNECTION_CLOSED @ https://via.placeholder.com/300x200?text=No+Image:0
[  269692ms] [ERROR] Failed to load resource: net::ERR_CONNECTION_CLOSED @ https://via.placeholder.com/300x200?text=No+Image:0
[  269788ms] [ERROR] Failed to load resource: net::ERR_CONNECTION_CLOSED @ https://via.placeholder.com/300x200?text=No+Image:0
[  269884ms] [ERROR] Failed to load resource: net::ERR_CONNECTION_CLOSED @ https://via.placeholder.com/300x200?text=No+Image:0
[  269978ms] [ERROR] Failed to load resource: net::ERR_CONNECTION_CLOSED @ https://via.placeholder.com/300x200?text=No+Image:0
[  270068ms] [ERROR] Failed to load resource: net::ERR_CONNECTION_CLOSED @ https://via.placeholder.com/300x200?text=No+Image:0
[  270163ms] [ERROR] Failed to load resource: net::ERR_CONNECTION_CLOSED @ https://via.placeholder.com/300x200?text=No+Image:0
[  270270ms] [ERROR] Failed to load resource: net::ERR_CONNECTION_CLOSED @ https://via.placeholder.com/300x200?text=No+Image:0
[  270363ms] [ERROR] Failed to load resource: net::ERR_CONNECTION_CLOSED @ https://via.placeholder.com/300x200?text=No+Image:0
[  270459ms] [ERROR] Failed to load resource: net::ERR_CONNECTION_CLOSED @ https://via.placeholder.com/300x200?text=No+Image:0
[  270551ms] [ERROR] Failed to load resource: net::ERR_CONNECTION_CLOSED @ https://via.placeholder.com/300x200?text=No+Image:0
[  270641ms] [ERROR] Failed to load resource: net::ERR_CONNECTION_CLOSED @ https://via.placeholder.com/300x200?text=No+Image:0
[  270743ms] [ERROR] Failed to load resource: net::ERR_CONNECTION_CLOSED @ https://via.placeholder.com/300x200?text=No+Image:0
[  270837ms] [ERROR] Failed to load resource: net::ERR_CONNECTION_CLOSED @ https://via.placeholder.com/300x200?text=No+Image:0
[  270928ms] [ERROR] Failed to load resource: net::ERR_CONNECTION_CLOSED @ https://via.placeholder.com/300x200?text=No+Image:0
[  271020ms] [ERROR] Failed to load resource: net::ERR_CONNECTION_CLOSED @ https://via.placeholder.com/300x200?text=No+Image:0
[  271120ms] [ERROR] Failed to load resource: net::ERR_CONNECTION_CLOSED @ https://via.placeholder.com/300x200?text=No+Image:0
[  271215ms] [ERROR] Failed to load resource: net::ERR_CONNECTION_CLOSED @ https://via.placeholder.com/300x200?text=No+Image:0
[  271314ms] [ERROR] Failed to load resource: net::ERR_CONNECTION_CLOSED @ https://via.placeholder.com/300x200?text=No+Image:0
[  271412ms] [ERROR] Failed to load resource: net::ERR_CONNECTION_CLOSED @ https://via.placeholder.com/300x200?text=No+Image:0
[  271508ms] [ERROR] Failed to load resource: net::ERR_CONNECTION_CLOSED @ https://via.placeholder.com/300x200?text=No+Image:0
[  271597ms] [ERROR] Failed to load resource: net::ERR_CONNECTION_CLOSED @ https://via.placeholder.com/300x200?text=No+Image:0
[  271696ms] [ERROR] Failed to load resource: net::ERR_CONNECTION_CLOSED @ https://via.placeholder.com/300x200?text=No+Image:0
[  271791ms] [ERROR] Failed to load resource: net::ERR_CONNECTION_CLOSED @ https://via.placeholder.com/300x200?text=No+Image:0
[  271890ms] [ERROR] Failed to load resource: net::ERR_CONNECTION_CLOSED @ https://via.placeholder.com/300x200?text=No+Image:0
[  271987ms] [ERROR] Failed to load resource: net::ERR_CONNECTION_CLOSED @ https://via.placeholder.com/300x200?text=No+Image:0
[  272077ms] [ERROR] Failed to load resource: net::ERR_CONNECTION_CLOSED @ https://via.placeholder.com/300x200?text=No+Image:0
[  272183ms] [ERROR] Failed to load resource: net::ERR_CONNECTION_CLOSED @ https://via.placeholder.com/300x200?text=No+Image:0
[  272279ms] [ERROR] Failed to load resource: net::ERR_CONNECTION_CLOSED @ https://via.placeholder.com/300x200?text=No+Image:0
[  272372ms] [ERROR] Failed to load resource: net::ERR_CONNECTION_CLOSED @ https://via.placeholder.com/300x200?text=No+Image:0
[  272466ms] [ERROR] Failed to load resource: net::ERR_CONNECTION_CLOSED @ https://via.placeholder.com/300x200?text=No+Image:0
[  272567ms] [ERROR] Failed to load resource: net::ERR_CONNECTION_CLOSED @ https://via.placeholder.com/300x200?text=No+Image:0
[  272662ms] [ERROR] Failed to load resource: net::ERR_CONNECTION_CLOSED @ https://via.placeholder.com/300x200?text=No+Image:0
[  272760ms] [ERROR] Failed to load resource: net::ERR_CONNECTION_CLOSED @ https://via.placeholder.com/300x200?text=No+Image:0
[  272858ms] [ERROR] Failed to load resource: net::ERR_CONNECTION_CLOSED @ https://via.placeholder.com/300x200?text=No+Image:0
[  272947ms] [ERROR] Failed to load resource: net::ERR_CONNECTION_CLOSED @ https://via.placeholder.com/300x200?text=No+Image:0
[  273044ms] [ERROR] Failed to load resource: net::ERR_CONNECTION_CLOSED @ https://via.placeholder.com/300x200?text=No+Image:0
[  273136ms] [ERROR] Failed to load resource: net::ERR_CONNECTION_CLOSED @ https://via.placeholder.com/300x200?text=No+Image:0
[  273233ms] [ERROR] Failed to load resource: net::ERR_CONNECTION_CLOSED @ https://via.placeholder.com/300x200?text=No+Image:0
[  273323ms] [ERROR] Failed to load resource: net::ERR_CONNECTION_CLOSED @ https://via.placeholder.com/300x200?text=No+Image:0
[  273415ms] [ERROR] Failed to load resource: net::ERR_CONNECTION_CLOSED @ https://via.placeholder.com/300x200?text=No+Image:0
[  273508ms] [ERROR] Failed to load resource: net::ERR_CONNECTION_CLOSED @ https://via.placeholder.com/300x200?text=No+Image:0
[  273603ms] [ERROR] Failed to load resource: net::ERR_CONNECTION_CLOSED @ https://via.placeholder.com/300x200?text=No+Image:0
[  273697ms] [ERROR] Failed to load resource: net::ERR_CONNECTION_CLOSED @ https://via.placeholder.com/300x200?text=No+Image:0
[  273791ms] [ERROR] Failed to load resource: net::ERR_CONNECTION_CLOSED @ https://via.placeholder.com/300x200?text=No+Image:0
[  273885ms] [ERROR] Failed to load resource: net::ERR_CONNECTION_CLOSED @ https://via.placeholder.com/300x200?text=No+Image:0
[  273981ms] [ERROR] Failed to load resource: net::ERR_CONNECTION_CLOSED @ https://via.placeholder.com/300x200?text=No+Image:0
[  274076ms] [ERROR] Failed to load resource: net::ERR_CONNECTION_CLOSED @ https://via.placeholder.com/300x200?text=No+Image:0
[  274173ms] [ERROR] Failed to load resource: net::ERR_CONNECTION_CLOSED @ https://via.placeholder.com/300x200?text=No+Image:0
[  274271ms] [ERROR] Failed to load resource: net::ERR_CONNECTION_CLOSED @ https://via.placeholder.com/300x200?text=No+Image:0
[  274361ms] [ERROR] Failed to load resource: net::ERR_CONNECTION_CLOSED @ https://via.placeholder.com/300x200?text=No+Image:0
[  274453ms] [ERROR] Failed to load resource: net::ERR_CONNECTION_CLOSED @ https://via.placeholder.com/300x200?text=No+Image:0
[  274548ms] [ERROR] Failed to load resource: net::ERR_CONNECTION_CLOSED @ https://via.placeholder.com/300x200?text=No+Image:0
[  274640ms] [ERROR] Failed to load resource: net::ERR_CONNECTION_CLOSED @ https://via.placeholder.com/300x200?text=No+Image:0
[  274732ms] [ERROR] Failed to load resource: net::ERR_CONNECTION_CLOSED @ https://via.placeholder.com/300x200?text=No+Image:0
[  274827ms] [ERROR] Failed to load resource: net::ERR_CONNECTION_CLOSED @ https://via.placeholder.com/300x200?text=No+Image:0
[  274919ms] [ERROR] Failed to load resource: net::ERR_CONNECTION_CLOSED @ https://via.placeholder.com/300x200?text=No+Image:0
[  275015ms] [ERROR] Failed to load resource: net::ERR_CONNECTION_CLOSED @ https://via.placeholder.com/300x200?text=No+Image:0
[  275114ms] [ERROR] Failed to load resource: net::ERR_CONNECTION_CLOSED @ https://via.placeholder.com/300x200?text=No+Image:0
[  275203ms] [ERROR] Failed to load resource: net::ERR_CONNECTION_CLOSED @ https://via.placeholder.com/300x200?text=No+Image:0
[  275304ms] [ERROR] Failed to load resource: net::ERR_CONNECTION_CLOSED @ https://via.placeholder.com/300x200?text=No+Image:0
[  275394ms] [ERROR] Failed to load resource: net::ERR_CONNECTION_CLOSED @ https://via.placeholder.com/300x200?text=No+Image:0
[  275490ms] [ERROR] Failed to load resource: net::ERR_CONNECTION_CLOSED @ https://via.placeholder.com/300x200?text=No+Image:0
[  275582ms] [ERROR] Failed to load resource: net::ERR_CONNECTION_CLOSED @ https://via.placeholder.com/300x200?text=No+Image:0
[  275677ms] [ERROR] Failed to load resource: net::ERR_CONNECTION_CLOSED @ https://via.placeholder.com/300x200?text=No+Image:0
[  275766ms] [ERROR] Failed to load resource: net::ERR_CONNECTION_CLOSED @ https://via.placeholder.com/300x200?text=No+Image:0
[  275861ms] [ERROR] Failed to load resource: net::ERR_CONNECTION_CLOSED @ https://via.placeholder.com/300x200?text=No+Image:0
[  275954ms] [ERROR] Failed to load resource: net::ERR_CONNECTION_CLOSED @ https://via.placeholder.com/300x200?text=No+Image:0
[  276052ms] [ERROR] Failed to load resource: net::ERR_CONNECTION_CLOSED @ https://via.placeholder.com/300x200?text=No+Image:0
[  276140ms] [ERROR] Failed to load resource: net::ERR_CONNECTION_CLOSED @ https://via.placeholder.com/300x200?text=No+Image:0
[  276235ms] [ERROR] Failed to load resource: net::ERR_CONNECTION_CLOSED @ https://via.placeholder.com/300x200?text=No+Image:0
[  276332ms] [ERROR] Failed to load resource: net::ERR_CONNECTION_CLOSED @ https://via.placeholder.com/300x200?text=No+Image:0
[  276427ms] [ERROR] Failed to load resource: net::ERR_CONNECTION_CLOSED @ https://via.placeholder.com/300x200?text=No+Image:0
[  276529ms] [ERROR] Failed to load resource: net::ERR_CONNECTION_CLOSED @ https://via.placeholder.com/300x200?text=No+Image:0
[  276620ms] [ERROR] Failed to load resource: net::ERR_CONNECTION_CLOSED @ https://via.placeholder.com/300x200?text=No+Image:0
[  276718ms] [ERROR] Failed to load resource: net::ERR_CONNECTION_CLOSED @ https://via.placeholder.com/300x200?text=No+Image:0
[  276809ms] [ERROR] Failed to load resource: net::ERR_CONNECTION_CLOSED @ https://via.placeholder.com/300x200?text=No+Image:0
[  276905ms] [ERROR] Failed to load resource: net::ERR_CONNECTION_CLOSED @ https://via.placeholder.com/300x200?text=No+Image:0
[  276991ms] [ERROR] Failed to load resource: net::ERR_CONNECTION_CLOSED @ https://via.placeholder.com/300x200?text=No+Image:0
[  277083ms] [ERROR] Failed to load resource: net::ERR_CONNECTION_CLOSED @ https://via.placeholder.com/300x200?text=No+Image:0
[  277176ms] [ERROR] Failed to load resource: net::ERR_CONNECTION_CLOSED @ https://via.placeholder.com/300x200?text=No+Image:0
[  277278ms] [ERROR] Failed to load resource: net::ERR_CONNECTION_CLOSED @ https://via.placeholder.com/300x200?text=No+Image:0
[  277375ms] [ERROR] Failed to load resource: net::ERR_CONNECTION_CLOSED @ https://via.placeholder.com/300x200?text=No+Image:0
[  277468ms] [ERROR] Failed to load resource: net::ERR_CONNECTION_CLOSED @ https://via.placeholder.com/300x200?text=No+Image:0
[  277561ms] [ERROR] Failed to load resource: net::ERR_CONNECTION_CLOSED @ https://via.placeholder.com/300x200?text=No+Image:0
[  277659ms] [ERROR] Failed to load resource: net::ERR_CONNECTION_CLOSED @ https://via.placeholder.com/300x200?text=No+Image:0
[  277761ms] [ERROR] Failed to load resource: net::ERR_CONNECTION_CLOSED @ https://via.placeholder.com/300x200?text=No+Image:0
[  277859ms] [ERROR] Failed to load resource: net::ERR_CONNECTION_CLOSED @ https://via.placeholder.com/300x200?text=No+Image:0
[  277954ms] [ERROR] Failed to load resource: net::ERR_CONNECTION_CLOSED @ https://via.placeholder.com/300x200?text=No+Image:0
[  278045ms] [ERROR] Failed to load resource: net::ERR_CONNECTION_CLOSED @ https://via.placeholder.com/300x200?text=No+Image:0
[  278134ms] [ERROR] Failed to load resource: net::ERR_CONNECTION_CLOSED @ https://via.placeholder.com/300x200?text=No+Image:0
[  278226ms] [ERROR] Failed to load resource: net::ERR_CONNECTION_CLOSED @ https://via.placeholder.com/300x200?text=No+Image:0
[  278326ms] [ERROR] Failed to load resource: net::ERR_CONNECTION_CLOSED @ https://via.placeholder.com/300x200?text=No+Image:0
[  278426ms] [ERROR] Failed to load resource: net::ERR_CONNECTION_CLOSED @ https://via.placeholder.com/300x200?text=No+Image:0
[  278530ms] [ERROR] Failed to load resource: net::ERR_CONNECTION_CLOSED @ https://via.placeholder.com/300x200?text=No+Image:0
[  278621ms] [ERROR] Failed to load resource: net::ERR_CONNECTION_CLOSED @ https://via.placeholder.com/300x200?text=No+Image:0
[  278711ms] [ERROR] Failed to load resource: net::ERR_CONNECTION_CLOSED @ https://via.placeholder.com/300x200?text=No+Image:0
[  278803ms] [ERROR] Failed to load resource: net::ERR_CONNECTION_CLOSED @ https://via.placeholder.com/300x200?text=No+Image:0
[  278893ms] [ERROR] Failed to load resource: net::ERR_CONNECTION_CLOSED @ https://via.placeholder.com/300x200?text=No+Image:0
[  278987ms] [ERROR] Failed to load resource: net::ERR_CONNECTION_CLOSED @ https://via.placeholder.com/300x200?text=No+Image:0
[  279083ms] [ERROR] Failed to load resource: net::ERR_CONNECTION_CLOSED @ https://via.placeholder.com/300x200?text=No+Image:0
[  279173ms] [ERROR] Failed to load resource: net::ERR_CONNECTION_CLOSED @ https://via.placeholder.com/300x200?text=No+Image:0
[  279273ms] [ERROR] Failed to load resource: net::ERR_CONNECTION_CLOSED @ https://via.placeholder.com/300x200?text=No+Image:0
[  279366ms] [ERROR] Failed to load resource: net::ERR_CONNECTION_CLOSED @ https://via.placeholder.com/300x200?text=No+Image:0
[  279464ms] [ERROR] Failed to load resource: net::ERR_CONNECTION_CLOSED @ https://via.placeholder.com/300x200?text=No+Image:0
