[      54ms] [ERROR] Failed to load resource: net::ERR_CONNECTION_CLOSED @ https://via.placeholder.com/300x200?text=No+Image:0
[     145ms] [ERROR] Failed to load resource: net::ERR_CONNECTION_CLOSED @ https://via.placeholder.com/300x200?text=No+Image:0
[     238ms] [ERROR] Failed to load resource: net::ERR_CONNECTION_CLOSED @ https://via.placeholder.com/300x200?text=No+Image:0
[     331ms] [ERROR] Failed to load resource: net::ERR_CONNECTION_CLOSED @ https://via.placeholder.com/300x200?text=No+Image:0
[     435ms] [ERROR] Failed to load resource: net::ERR_CONNECTION_CLOSED @ https://via.placeholder.com/300x200?text=No+Image:0
[     527ms] [ERROR] Failed to load resource: net::ERR_CONNECTION_CLOSED @ https://via.placeholder.com/300x200?text=No+Image:0
[     618ms] [ERROR] Failed to load resource: net::ERR_CONNECTION_CLOSED @ https://via.placeholder.com/300x200?text=No+Image:0
[     710ms] [ERROR] Failed to load resource: net::ERR_CONNECTION_CLOSED @ https://via.placeholder.com/300x200?text=No+Image:0
[     803ms] [ERROR] Failed to load resource: net::ERR_CONNECTION_CLOSED @ https://via.placeholder.com/300x200?text=No+Image:0
[     892ms] [ERROR] Failed to load resource: net::ERR_CONNECTION_CLOSED @ https://via.placeholder.com/300x200?text=No+Image:0
[     986ms] [ERROR] Failed to load resource: net::ERR_CONNECTION_CLOSED @ https://via.placeholder.com/300x200?text=No+Image:0
[    1081ms] [ERROR] Failed to load resource: net::ERR_CONNECTION_CLOSED @ https://via.placeholder.com/300x200?text=No+Image:0
[    1177ms] [ERROR] Failed to load resource: net::ERR_CONNECTION_CLOSED @ https://via.placeholder.com/300x200?text=No+Image:0
[    1276ms] [ERROR] Failed to load resource: net::ERR_CONNECTION_CLOSED @ https://via.placeholder.com/300x200?text=No+Image:0
[    1372ms] [ERROR] Failed to load resource: net::ERR_CONNECTION_CLOSED @ https://via.placeholder.com/300x200?text=No+Image:0
[    1465ms] [ERROR] Failed to load resource: net::ERR_CONNECTION_CLOSED @ https://via.placeholder.com/300x200?text=No+Image:0
[    1555ms] [ERROR] Failed to load resource: net::ERR_CONNECTION_CLOSED @ https://via.placeholder.com/300x200?text=No+Image:0
[    1650ms] [ERROR] Failed to load resource: net::ERR_CONNECTION_CLOSED @ https://via.placeholder.com/300x200?text=No+Image:0
[    1754ms] [ERROR] Failed to load resource: net::ERR_CONNECTION_CLOSED @ https://via.placeholder.com/300x200?text=No+Image:0
[    1848ms] [ERROR] Failed to load resource: net::ERR_CONNECTION_CLOSED @ https://via.placeholder.com/300x200?text=No+Image:0
[    1943ms] [ERROR] Failed to load resource: net::ERR_CONNECTION_CLOSED @ https://via.placeholder.com/300x200?text=No+Image:0
[    2037ms] [ERROR] Failed to load resource: net::ERR_CONNECTION_CLOSED @ https://via.placeholder.com/300x200?text=No+Image:0
[    2131ms] [ERROR] Failed to load resource: net::ERR_CONNECTION_CLOSED @ https://via.placeholder.com/300x200?text=No+Image:0
[    2231ms] [ERROR] Failed to load resource: net::ERR_CONNECTION_CLOSED @ https://via.placeholder.com/300x200?text=No+Image:0
[    2323ms] [ERROR] Failed to load resource: net::ERR_CONNECTION_CLOSED @ https://via.placeholder.com/300x200?text=No+Image:0
[    2416ms] [ERROR] Failed to load resource: net::ERR_CONNECTION_CLOSED @ https://via.placeholder.com/300x200?text=No+Image:0
[    2511ms] [ERROR] Failed to load resource: net::ERR_CONNECTION_CLOSED @ https://via.placeholder.com/300x200?text=No+Image:0
[    2604ms] [ERROR] Failed to load resource: net::ERR_CONNECTION_CLOSED @ https://via.placeholder.com/300x200?text=No+Image:0
[    2694ms] [ERROR] Failed to load resource: net::ERR_CONNECTION_CLOSED @ https://via.placeholder.com/300x200?text=No+Image:0
[    2786ms] [ERROR] Failed to load resource: net::ERR_CONNECTION_CLOSED @ https://via.placeholder.com/300x200?text=No+Image:0
[    2888ms] [ERROR] Failed to load resource: net::ERR_CONNECTION_CLOSED @ https://via.placeholder.com/300x200?text=No+Image:0
[    2983ms] [ERROR] Failed to load resource: net::ERR_CONNECTION_CLOSED @ https://via.placeholder.com/300x200?text=No+Image:0
[    3074ms] [ERROR] Failed to load resource: net::ERR_CONNECTION_CLOSED @ https://via.placeholder.com/300x200?text=No+Image:0
[    3168ms] [ERROR] Failed to load resource: net::ERR_CONNECTION_CLOSED @ https://via.placeholder.com/300x200?text=No+Image:0
[    3259ms] [ERROR] Failed to load resource: net::ERR_CONNECTION_CLOSED @ https://via.placeholder.com/300x200?text=No+Image:0
[    3352ms] [ERROR] Failed to load resource: net::ERR_CONNECTION_CLOSED @ https://via.placeholder.com/300x200?text=No+Image:0
[    3446ms] [ERROR] Failed to load resource: net::ERR_CONNECTION_CLOSED @ https://via.placeholder.com/300x200?text=No+Image:0
[    3538ms] [ERROR] Failed to load resource: net::ERR_CONNECTION_CLOSED @ https://via.placeholder.com/300x200?text=No+Image:0
[    3631ms] [ERROR] Failed to load resource: net::ERR_CONNECTION_CLOSED @ https://via.placeholder.com/300x200?text=No+Image:0
[    3731ms] [ERROR] Failed to load resource: net::ERR_CONNECTION_CLOSED @ https://via.placeholder.com/300x200?text=No+Image:0
[    3826ms] [ERROR] Failed to load resource: net::ERR_CONNECTION_CLOSED @ https://via.placeholder.com/300x200?text=No+Image:0
[    3919ms] [ERROR] Failed to load resource: net::ERR_CONNECTION_CLOSED @ https://via.placeholder.com/300x200?text=No+Image:0
[    4010ms] [ERROR] Failed to load resource: net::ERR_CONNECTION_CLOSED @ https://via.placeholder.com/300x200?text=No+Image:0
[    4101ms] [ERROR] Failed to load resource: net::ERR_CONNECTION_CLOSED @ https://via.placeholder.com/300x200?text=No+Image:0
[    4196ms] [ERROR] Failed to load resource: net::ERR_CONNECTION_CLOSED @ https://via.placeholder.com/300x200?text=No+Image:0
[    4289ms] [ERROR] Failed to load resource: net::ERR_CONNECTION_CLOSED @ https://via.placeholder.com/300x200?text=No+Image:0
[    4383ms] [ERROR] Failed to load resource: net::ERR_CONNECTION_CLOSED @ https://via.placeholder.com/300x200?text=No+Image:0
[    4476ms] [ERROR] Failed to load resource: net::ERR_CONNECTION_CLOSED @ https://via.placeholder.com/300x200?text=No+Image:0
[    4581ms] [ERROR] Failed to load resource: net::ERR_CONNECTION_CLOSED @ https://via.placeholder.com/300x200?text=No+Image:0
[    4677ms] [ERROR] Failed to load resource: net::ERR_CONNECTION_CLOSED @ https://via.placeholder.com/300x200?text=No+Image:0
[    4781ms] [ERROR] Failed to load resource: net::ERR_CONNECTION_CLOSED @ https://via.placeholder.com/300x200?text=No+Image:0
[    4875ms] [ERROR] Failed to load resource: net::ERR_CONNECTION_CLOSED @ https://via.placeholder.com/300x200?text=No+Image:0
[    4971ms] [ERROR] Failed to load resource: net::ERR_CONNECTION_CLOSED @ https://via.placeholder.com/300x200?text=No+Image:0
[    5085ms] [ERROR] Failed to load resource: net::ERR_CONNECTION_CLOSED @ https://via.placeholder.com/300x200?text=No+Image:0
[    5174ms] [ERROR] Failed to load resource: net::ERR_CONNECTION_CLOSED @ https://via.placeholder.com/300x200?text=No+Image:0
[    5269ms] [ERROR] Failed to load resource: net::ERR_CONNECTION_CLOSED @ https://via.placeholder.com/300x200?text=No+Image:0
[    5386ms] [ERROR] Failed to load resource: net::ERR_CONNECTION_CLOSED @ https://via.placeholder.com/300x200?text=No+Image:0
[    5482ms] [ERROR] Failed to load resource: net::ERR_CONNECTION_CLOSED @ https://via.placeholder.com/300x200?text=No+Image:0
[    5571ms] [ERROR] Failed to load resource: net::ERR_CONNECTION_CLOSED @ https://via.placeholder.com/300x200?text=No+Image:0
[    5674ms] [ERROR] Failed to load resource: net::ERR_CONNECTION_CLOSED @ https://via.placeholder.com/300x200?text=No+Image:0
[    5790ms] [ERROR] Failed to load resource: net::ERR_CONNECTION_CLOSED @ https://via.placeholder.com/300x200?text=No+Image:0
[    5884ms] [ERROR] Failed to load resource: net::ERR_CONNECTION_CLOSED @ https://via.placeholder.com/300x200?text=No+Image:0
[    6018ms] [ERROR] Failed to load resource: net::ERR_CONNECTION_CLOSED @ https://via.placeholder.com/300x200?text=No+Image:0
[    6151ms] [ERROR] Failed to load resource: net::ERR_CONNECTION_CLOSED @ https://via.placeholder.com/300x200?text=No+Image:0
[    6293ms] [ERROR] Failed to load resource: net::ERR_CONNECTION_CLOSED @ https://via.placeholder.com/300x200?text=No+Image:0
[    6396ms] [ERROR] Failed to load resource: net::ERR_CONNECTION_CLOSED @ https://via.placeholder.com/300x200?text=No+Image:0
[    6493ms] [ERROR] Failed to load resource: net::ERR_CONNECTION_CLOSED @ https://via.placeholder.com/300x200?text=No+Image:0
[    6589ms] [ERROR] Failed to load resource: net::ERR_CONNECTION_CLOSED @ https://via.placeholder.com/300x200?text=No+Image:0
[    6697ms] [ERROR] Failed to load resource: net::ERR_CONNECTION_CLOSED @ https://via.placeholder.com/300x200?text=No+Image:0
[    6790ms] [ERROR] Failed to load resource: net::ERR_CONNECTION_CLOSED @ https://via.placeholder.com/300x200?text=No+Image:0
[    6886ms] [ERROR] Failed to load resource: net::ERR_CONNECTION_CLOSED @ https://via.placeholder.com/300x200?text=No+Image:0
[    6980ms] [ERROR] Failed to load resource: net::ERR_CONNECTION_CLOSED @ https://via.placeholder.com/300x200?text=No+Image:0
[    7072ms] [ERROR] Failed to load resource: net::ERR_CONNECTION_CLOSED @ https://via.placeholder.com/300x200?text=No+Image:0
[    7166ms] [ERROR] Failed to load resource: net::ERR_CONNECTION_CLOSED @ https://via.placeholder.com/300x200?text=No+Image:0
[    7260ms] [ERROR] Failed to load resource: net::ERR_CONNECTION_CLOSED @ https://via.placeholder.com/300x200?text=No+Image:0
[    7351ms] [ERROR] Failed to load resource: net::ERR_CONNECTION_CLOSED @ https://via.placeholder.com/300x200?text=No+Image:0
[    7441ms] [ERROR] Failed to load resource: net::ERR_CONNECTION_CLOSED @ https://via.placeholder.com/300x200?text=No+Image:0
[    7534ms] [ERROR] Failed to load resource: net::ERR_CONNECTION_CLOSED @ https://via.placeholder.com/300x200?text=No+Image:0
[    7623ms] [ERROR] Failed to load resource: net::ERR_CONNECTION_CLOSED @ https://via.placeholder.com/300x200?text=No+Image:0
[    7719ms] [ERROR] Failed to load resource: net::ERR_CONNECTION_CLOSED @ https://via.placeholder.com/300x200?text=No+Image:0
[    7816ms] [ERROR] Failed to load resource: net::ERR_CONNECTION_CLOSED @ https://via.placeholder.com/300x200?text=No+Image:0
[    7916ms] [ERROR] Failed to load resource: net::ERR_CONNECTION_CLOSED @ https://via.placeholder.com/300x200?text=No+Image:0
[    8008ms] [ERROR] Failed to load resource: net::ERR_CONNECTION_CLOSED @ https://via.placeholder.com/300x200?text=No+Image:0
[    8126ms] [ERROR] Failed to load resource: net::ERR_CONNECTION_CLOSED @ https://via.placeholder.com/300x200?text=No+Image:0
[    8225ms] [ERROR] Failed to load resource: net::ERR_CONNECTION_CLOSED @ https://via.placeholder.com/300x200?text=No+Image:0
[    8594ms] [ERROR] Failed to load resource: net::ERR_CONNECTION_CLOSED @ https://via.placeholder.com/300x200?text=No+Image:0
[    8696ms] [ERROR] Failed to load resource: net::ERR_CONNECTION_CLOSED @ https://via.placeholder.com/300x200?text=No+Image:0
[    9028ms] [ERROR] Failed to load resource: net::ERR_CONNECTION_CLOSED @ https://via.placeholder.com/300x200?text=No+Image:0
[    9118ms] [ERROR] Failed to load resource: net::ERR_CONNECTION_CLOSED @ https://via.placeholder.com/300x200?text=No+Image:0
[    9217ms] [ERROR] Failed to load resource: net::ERR_CONNECTION_CLOSED @ https://via.placeholder.com/300x200?text=No+Image:0
[    9519ms] [ERROR] Failed to load resource: net::ERR_CONNECTION_CLOSED @ https://via.placeholder.com/300x200?text=No+Image:0
[    9617ms] [ERROR] Failed to load resource: net::ERR_CONNECTION_CLOSED @ https://via.placeholder.com/300x200?text=No+Image:0
[    9719ms] [ERROR] Failed to load resource: net::ERR_CONNECTION_CLOSED @ https://via.placeholder.com/300x200?text=No+Image:0
[    9812ms] [ERROR] Failed to load resource: net::ERR_CONNECTION_CLOSED @ https://via.placeholder.com/300x200?text=No+Image:0
[    9912ms] [ERROR] Failed to load resource: net::ERR_CONNECTION_CLOSED @ https://via.placeholder.com/300x200?text=No+Image:0
[   10007ms] [ERROR] Failed to load resource: net::ERR_CONNECTION_CLOSED @ https://via.placeholder.com/300x200?text=No+Image:0
[   10099ms] [ERROR] Failed to load resource: net::ERR_CONNECTION_CLOSED @ https://via.placeholder.com/300x200?text=No+Image:0
[   10199ms] [ERROR] Failed to load resource: net::ERR_CONNECTION_CLOSED @ https://via.placeholder.com/300x200?text=No+Image:0
[   10290ms] [ERROR] Failed to load resource: net::ERR_CONNECTION_CLOSED @ https://via.placeholder.com/300x200?text=No+Image:0
[   10376ms] [ERROR] Failed to load resource: net::ERR_CONNECTION_CLOSED @ https://via.placeholder.com/300x200?text=No+Image:0
[   10471ms] [ERROR] Failed to load resource: net::ERR_CONNECTION_CLOSED @ https://via.placeholder.com/300x200?text=No+Image:0
[   10567ms] [ERROR] Failed to load resource: net::ERR_CONNECTION_CLOSED @ https://via.placeholder.com/300x200?text=No+Image:0
[   10661ms] [ERROR] Failed to load resource: net::ERR_CONNECTION_CLOSED @ https://via.placeholder.com/300x200?text=No+Image:0
[   10758ms] [ERROR] Failed to load resource: net::ERR_CONNECTION_CLOSED @ https://via.placeholder.com/300x200?text=No+Image:0
[   10861ms] [ERROR] Failed to load resource: net::ERR_CONNECTION_CLOSED @ https://via.placeholder.com/300x200?text=No+Image:0
[   10956ms] [ERROR] Failed to load resource: net::ERR_CONNECTION_CLOSED @ https://via.placeholder.com/300x200?text=No+Image:0
[   11047ms] [ERROR] Failed to load resource: net::ERR_CONNECTION_CLOSED @ https://via.placeholder.com/300x200?text=No+Image:0
[   11141ms] [ERROR] Failed to load resource: net::ERR_CONNECTION_CLOSED @ https://via.placeholder.com/300x200?text=No+Image:0
[   11247ms] [ERROR] Failed to load resource: net::ERR_CONNECTION_CLOSED @ https://via.placeholder.com/300x200?text=No+Image:0
[   11337ms] [ERROR] Failed to load resource: net::ERR_CONNECTION_CLOSED @ https://via.placeholder.com/300x200?text=No+Image:0
[   11435ms] [ERROR] Failed to load resource: net::ERR_CONNECTION_CLOSED @ https://via.placeholder.com/300x200?text=No+Image:0
[   11528ms] [ERROR] Failed to load resource: net::ERR_CONNECTION_CLOSED @ https://via.placeholder.com/300x200?text=No+Image:0
[   11621ms] [ERROR] Failed to load resource: net::ERR_CONNECTION_CLOSED @ https://via.placeholder.com/300x200?text=No+Image:0
[   11721ms] [ERROR] Failed to load resource: net::ERR_CONNECTION_CLOSED @ https://via.placeholder.com/300x200?text=No+Image:0
[   11819ms] [ERROR] Failed to load resource: net::ERR_CONNECTION_CLOSED @ https://via.placeholder.com/300x200?text=No+Image:0
[   11912ms] [ERROR] Failed to load resource: net::ERR_CONNECTION_CLOSED @ https://via.placeholder.com/300x200?text=No+Image:0
[   12008ms] [ERROR] Failed to load resource: net::ERR_CONNECTION_CLOSED @ https://via.placeholder.com/300x200?text=No+Image:0
[   12099ms] [ERROR] Failed to load resource: net::ERR_CONNECTION_CLOSED @ https://via.placeholder.com/300x200?text=No+Image:0
[   12190ms] [ERROR] Failed to load resource: net::ERR_CONNECTION_CLOSED @ https://via.placeholder.com/300x200?text=No+Image:0
[   12286ms] [ERROR] Failed to load resource: net::ERR_CONNECTION_CLOSED @ https://via.placeholder.com/300x200?text=No+Image:0
[   12379ms] [ERROR] Failed to load resource: net::ERR_CONNECTION_CLOSED @ https://via.placeholder.com/300x200?text=No+Image:0
[   12478ms] [ERROR] Failed to load resource: net::ERR_CONNECTION_CLOSED @ https://via.placeholder.com/300x200?text=No+Image:0
[   12571ms] [ERROR] Failed to load resource: net::ERR_CONNECTION_CLOSED @ https://via.placeholder.com/300x200?text=No+Image:0
[   12664ms] [ERROR] Failed to load resource: net::ERR_CONNECTION_CLOSED @ https://via.placeholder.com/300x200?text=No+Image:0
[   12766ms] [ERROR] Failed to load resource: net::ERR_CONNECTION_CLOSED @ https://via.placeholder.com/300x200?text=No+Image:0
[   12856ms] [ERROR] Failed to load resource: net::ERR_CONNECTION_CLOSED @ https://via.placeholder.com/300x200?text=No+Image:0
[   12952ms] [ERROR] Failed to load resource: net::ERR_CONNECTION_CLOSED @ https://via.placeholder.com/300x200?text=No+Image:0
[   13047ms] [ERROR] Failed to load resource: net::ERR_CONNECTION_CLOSED @ https://via.placeholder.com/300x200?text=No+Image:0
[   13142ms] [ERROR] Failed to load resource: net::ERR_CONNECTION_CLOSED @ https://via.placeholder.com/300x200?text=No+Image:0
[   13242ms] [ERROR] Failed to load resource: net::ERR_CONNECTION_CLOSED @ https://via.placeholder.com/300x200?text=No+Image:0
[   13336ms] [ERROR] Failed to load resource: net::ERR_CONNECTION_CLOSED @ https://via.placeholder.com/300x200?text=No+Image:0
[   13431ms] [ERROR] Failed to load resource: net::ERR_CONNECTION_CLOSED @ https://via.placeholder.com/300x200?text=No+Image:0
[   13524ms] [ERROR] Failed to load resource: net::ERR_CONNECTION_CLOSED @ https://via.placeholder.com/300x200?text=No+Image:0
[   13615ms] [ERROR] Failed to load resource: net::ERR_CONNECTION_CLOSED @ https://via.placeholder.com/300x200?text=No+Image:0
[   13718ms] [ERROR] Failed to load resource: net::ERR_CONNECTION_CLOSED @ https://via.placeholder.com/300x200?text=No+Image:0
[   13813ms] [ERROR] Failed to load resource: net::ERR_CONNECTION_CLOSED @ https://via.placeholder.com/300x200?text=No+Image:0
[   13910ms] [ERROR] Failed to load resource: net::ERR_CONNECTION_CLOSED @ https://via.placeholder.com/300x200?text=No+Image:0
[   14002ms] [ERROR] Failed to load resource: net::ERR_CONNECTION_CLOSED @ https://via.placeholder.com/300x200?text=No+Image:0
[   14091ms] [ERROR] Failed to load resource: net::ERR_CONNECTION_CLOSED @ https://via.placeholder.com/300x200?text=No+Image:0
[   14184ms] [ERROR] Failed to load resource: net::ERR_CONNECTION_CLOSED @ https://via.placeholder.com/300x200?text=No+Image:0
[   14279ms] [ERROR] Failed to load resource: net::ERR_CONNECTION_CLOSED @ https://via.placeholder.com/300x200?text=No+Image:0
[   14380ms] [ERROR] Failed to load resource: net::ERR_CONNECTION_CLOSED @ https://via.placeholder.com/300x200?text=No+Image:0
[   14475ms] [ERROR] Failed to load resource: net::ERR_CONNECTION_CLOSED @ https://via.placeholder.com/300x200?text=No+Image:0
[   14562ms] [ERROR] Failed to load resource: net::ERR_CONNECTION_CLOSED @ https://via.placeholder.com/300x200?text=No+Image:0
[   14656ms] [ERROR] Failed to load resource: net::ERR_CONNECTION_CLOSED @ https://via.placeholder.com/300x200?text=No+Image:0
[   14757ms] [ERROR] Failed to load resource: net::ERR_CONNECTION_CLOSED @ https://via.placeholder.com/300x200?text=No+Image:0
[   14850ms] [ERROR] Failed to load resource: net::ERR_CONNECTION_CLOSED @ https://via.placeholder.com/300x200?text=No+Image:0
[   14944ms] [ERROR] Failed to load resource: net::ERR_CONNECTION_CLOSED @ https://via.placeholder.com/300x200?text=No+Image:0
[   15037ms] [ERROR] Failed to load resource: net::ERR_CONNECTION_CLOSED @ https://via.placeholder.com/300x200?text=No+Image:0
[   15132ms] [ERROR] Failed to load resource: net::ERR_CONNECTION_CLOSED @ https://via.placeholder.com/300x200?text=No+Image:0
[   15229ms] [ERROR] Failed to load resource: net::ERR_CONNECTION_CLOSED @ https://via.placeholder.com/300x200?text=No+Image:0
[   15326ms] [ERROR] Failed to load resource: net::ERR_CONNECTION_CLOSED @ https://via.placeholder.com/300x200?text=No+Image:0
[   15421ms] [ERROR] Failed to load resource: net::ERR_CONNECTION_CLOSED @ https://via.placeholder.com/300x200?text=No+Image:0
[   15514ms] [ERROR] Failed to load resource: net::ERR_CONNECTION_CLOSED @ https://via.placeholder.com/300x200?text=No+Image:0
[   15607ms] [ERROR] Failed to load resource: net::ERR_CONNECTION_CLOSED @ https://via.placeholder.com/300x200?text=No+Image:0
[   15706ms] [ERROR] Failed to load resource: net::ERR_CONNECTION_CLOSED @ https://via.placeholder.com/300x200?text=No+Image:0
[   15801ms] [ERROR] Failed to load resource: net::ERR_CONNECTION_CLOSED @ https://via.placeholder.com/300x200?text=No+Image:0
[   15893ms] [ERROR] Failed to load resource: net::ERR_CONNECTION_CLOSED @ https://via.placeholder.com/300x200?text=No+Image:0
[   15987ms] [ERROR] Failed to load resource: net::ERR_CONNECTION_CLOSED @ https://via.placeholder.com/300x200?text=No+Image:0
[   16079ms] [ERROR] Failed to load resource: net::ERR_CONNECTION_CLOSED @ https://via.placeholder.com/300x200?text=No+Image:0
[   16169ms] [ERROR] Failed to load resource: net::ERR_CONNECTION_CLOSED @ https://via.placeholder.com/300x200?text=No+Image:0
[   16270ms] [ERROR] Failed to load resource: net::ERR_CONNECTION_CLOSED @ https://via.placeholder.com/300x200?text=No+Image:0
[   16363ms] [ERROR] Failed to load resource: net::ERR_CONNECTION_CLOSED @ https://via.placeholder.com/300x200?text=No+Image:0
[   16457ms] [ERROR] Failed to load resource: net::ERR_CONNECTION_CLOSED @ https://via.placeholder.com/300x200?text=No+Image:0
[   16548ms] [ERROR] Failed to load resource: net::ERR_CONNECTION_CLOSED @ https://via.placeholder.com/300x200?text=No+Image:0
[   16647ms] [ERROR] Failed to load resource: net::ERR_CONNECTION_CLOSED @ https://via.placeholder.com/300x200?text=No+Image:0
[   16746ms] [ERROR] Failed to load resource: net::ERR_CONNECTION_CLOSED @ https://via.placeholder.com/300x200?text=No+Image:0
[   16834ms] [ERROR] Failed to load resource: net::ERR_CONNECTION_CLOSED @ https://via.placeholder.com/300x200?text=No+Image:0
[   16934ms] [ERROR] Failed to load resource: net::ERR_CONNECTION_CLOSED @ https://via.placeholder.com/300x200?text=No+Image:0
[   17030ms] [ERROR] Failed to load resource: net::ERR_CONNECTION_CLOSED @ https://via.placeholder.com/300x200?text=No+Image:0
[   17122ms] [ERROR] Failed to load resource: net::ERR_CONNECTION_CLOSED @ https://via.placeholder.com/300x200?text=No+Image:0
[   17209ms] [ERROR] Failed to load resource: net::ERR_CONNECTION_CLOSED @ https://via.placeholder.com/300x200?text=No+Image:0
[   17303ms] [ERROR] Failed to load resource: net::ERR_CONNECTION_CLOSED @ https://via.placeholder.com/300x200?text=No+Image:0
[   17398ms] [ERROR] Failed to load resource: net::ERR_CONNECTION_CLOSED @ https://via.placeholder.com/300x200?text=No+Image:0
[   17488ms] [ERROR] Failed to load resource: net::ERR_CONNECTION_CLOSED @ https://via.placeholder.com/300x200?text=No+Image:0
[   17585ms] [ERROR] Failed to load resource: net::ERR_CONNECTION_CLOSED @ https://via.placeholder.com/300x200?text=No+Image:0
[   17678ms] [ERROR] Failed to load resource: net::ERR_CONNECTION_CLOSED @ https://via.placeholder.com/300x200?text=No+Image:0
[   17775ms] [ERROR] Failed to load resource: net::ERR_CONNECTION_CLOSED @ https://via.placeholder.com/300x200?text=No+Image:0
[   17867ms] [ERROR] Failed to load resource: net::ERR_CONNECTION_CLOSED @ https://via.placeholder.com/300x200?text=No+Image:0
[   17957ms] [ERROR] Failed to load resource: net::ERR_CONNECTION_CLOSED @ https://via.placeholder.com/300x200?text=No+Image:0
[   18050ms] [ERROR] Failed to load resource: net::ERR_CONNECTION_CLOSED @ https://via.placeholder.com/300x200?text=No+Image:0
[   18156ms] [ERROR] Failed to load resource: net::ERR_CONNECTION_CLOSED @ https://via.placeholder.com/300x200?text=No+Image:0
[   18253ms] [ERROR] Failed to load resource: net::ERR_CONNECTION_CLOSED @ https://via.placeholder.com/300x200?text=No+Image:0
[   18344ms] [ERROR] Failed to load resource: net::ERR_CONNECTION_CLOSED @ https://via.placeholder.com/300x200?text=No+Image:0
[   18439ms] [ERROR] Failed to load resource: net::ERR_CONNECTION_CLOSED @ https://via.placeholder.com/300x200?text=No+Image:0
[   18533ms] [ERROR] Failed to load resource: net::ERR_CONNECTION_CLOSED @ https://via.placeholder.com/300x200?text=No+Image:0
[   18624ms] [ERROR] Failed to load resource: net::ERR_CONNECTION_CLOSED @ https://via.placeholder.com/300x200?text=No+Image:0
[   18727ms] [ERROR] Failed to load resource: net::ERR_CONNECTION_CLOSED @ https://via.placeholder.com/300x200?text=No+Image:0
[   18816ms] [ERROR] Failed to load resource: net::ERR_CONNECTION_CLOSED @ https://via.placeholder.com/300x200?text=No+Image:0
[   18906ms] [ERROR] Failed to load resource: net::ERR_CONNECTION_CLOSED @ https://via.placeholder.com/300x200?text=No+Image:0
[   18997ms] [ERROR] Failed to load resource: net::ERR_CONNECTION_CLOSED @ https://via.placeholder.com/300x200?text=No+Image:0
[   19096ms] [ERROR] Failed to load resource: net::ERR_CONNECTION_CLOSED @ https://via.placeholder.com/300x200?text=No+Image:0
[   19194ms] [ERROR] Failed to load resource: net::ERR_CONNECTION_CLOSED @ https://via.placeholder.com/300x200?text=No+Image:0
[   19293ms] [ERROR] Failed to load resource: net::ERR_CONNECTION_CLOSED @ https://via.placeholder.com/300x200?text=No+Image:0
[   19384ms] [ERROR] Failed to load resource: net::ERR_CONNECTION_CLOSED @ https://via.placeholder.com/300x200?text=No+Image:0
[   19477ms] [ERROR] Failed to load resource: net::ERR_CONNECTION_CLOSED @ https://via.placeholder.com/300x200?text=No+Image:0
[   19572ms] [ERROR] Failed to load resource: net::ERR_CONNECTION_CLOSED @ https://via.placeholder.com/300x200?text=No+Image:0
[   19667ms] [ERROR] Failed to load resource: net::ERR_CONNECTION_CLOSED @ https://via.placeholder.com/300x200?text=No+Image:0
[   19757ms] [ERROR] Failed to load resource: net::ERR_CONNECTION_CLOSED @ https://via.placeholder.com/300x200?text=No+Image:0
[   19846ms] [ERROR] Failed to load resource: net::ERR_CONNECTION_CLOSED @ https://via.placeholder.com/300x200?text=No+Image:0
[   19941ms] [ERROR] Failed to load resource: net::ERR_CONNECTION_CLOSED @ https://via.placeholder.com/300x200?text=No+Image:0
[   20034ms] [ERROR] Failed to load resource: net::ERR_CONNECTION_CLOSED @ https://via.placeholder.com/300x200?text=No+Image:0
[   20129ms] [ERROR] Failed to load resource: net::ERR_CONNECTION_CLOSED @ https://via.placeholder.com/300x200?text=No+Image:0
[   20224ms] [ERROR] Failed to load resource: net::ERR_CONNECTION_CLOSED @ https://via.placeholder.com/300x200?text=No+Image:0
[   20314ms] [ERROR] Failed to load resource: net::ERR_CONNECTION_CLOSED @ https://via.placeholder.com/300x200?text=No+Image:0
[   20409ms] [ERROR] Failed to load resource: net::ERR_CONNECTION_CLOSED @ https://via.placeholder.com/300x200?text=No+Image:0
[   20506ms] [ERROR] Failed to load resource: net::ERR_CONNECTION_CLOSED @ https://via.placeholder.com/300x200?text=No+Image:0
[   20598ms] [ERROR] Failed to load resource: net::ERR_CONNECTION_CLOSED @ https://via.placeholder.com/300x200?text=No+Image:0
[   20702ms] [ERROR] Failed to load resource: net::ERR_CONNECTION_CLOSED @ https://via.placeholder.com/300x200?text=No+Image:0
[   20796ms] [ERROR] Failed to load resource: net::ERR_CONNECTION_CLOSED @ https://via.placeholder.com/300x200?text=No+Image:0
[   20893ms] [ERROR] Failed to load resource: net::ERR_CONNECTION_CLOSED @ https://via.placeholder.com/300x200?text=No+Image:0
[   20985ms] [ERROR] Failed to load resource: net::ERR_CONNECTION_CLOSED @ https://via.placeholder.com/300x200?text=No+Image:0
[   21083ms] [ERROR] Failed to load resource: net::ERR_CONNECTION_CLOSED @ https://via.placeholder.com/300x200?text=No+Image:0
[   21183ms] [ERROR] Failed to load resource: net::ERR_CONNECTION_CLOSED @ https://via.placeholder.com/300x200?text=No+Image:0
[   21281ms] [ERROR] Failed to load resource: net::ERR_CONNECTION_CLOSED @ https://via.placeholder.com/300x200?text=No+Image:0
[   21379ms] [ERROR] Failed to load resource: net::ERR_CONNECTION_CLOSED @ https://via.placeholder.com/300x200?text=No+Image:0
[   21474ms] [ERROR] Failed to load resource: net::ERR_CONNECTION_CLOSED @ https://via.placeholder.com/300x200?text=No+Image:0
[   21574ms] [ERROR] Failed to load resource: net::ERR_CONNECTION_CLOSED @ https://via.placeholder.com/300x200?text=No+Image:0
[   21669ms] [ERROR] Failed to load resource: net::ERR_CONNECTION_CLOSED @ https://via.placeholder.com/300x200?text=No+Image:0
[   21771ms] [ERROR] Failed to load resource: net::ERR_CONNECTION_CLOSED @ https://via.placeholder.com/300x200?text=No+Image:0
[   21867ms] [ERROR] Failed to load resource: net::ERR_CONNECTION_CLOSED @ https://via.placeholder.com/300x200?text=No+Image:0
[   21959ms] [ERROR] Failed to load resource: net::ERR_CONNECTION_CLOSED @ https://via.placeholder.com/300x200?text=No+Image:0
[   22055ms] [ERROR] Failed to load resource: net::ERR_CONNECTION_CLOSED @ https://via.placeholder.com/300x200?text=No+Image:0
[   22145ms] [ERROR] Failed to load resource: net::ERR_CONNECTION_CLOSED @ https://via.placeholder.com/300x200?text=No+Image:0
[   22240ms] [ERROR] Failed to load resource: net::ERR_CONNECTION_CLOSED @ https://via.placeholder.com/300x200?text=No+Image:0
[   22338ms] [ERROR] Failed to load resource: net::ERR_CONNECTION_CLOSED @ https://via.placeholder.com/300x200?text=No+Image:0
[   22429ms] [ERROR] Failed to load resource: net::ERR_CONNECTION_CLOSED @ https://via.placeholder.com/300x200?text=No+Image:0
[   22522ms] [ERROR] Failed to load resource: net::ERR_CONNECTION_CLOSED @ https://via.placeholder.com/300x200?text=No+Image:0
[   22616ms] [ERROR] Failed to load resource: net::ERR_CONNECTION_CLOSED @ https://via.placeholder.com/300x200?text=No+Image:0
[   22713ms] [ERROR] Failed to load resource: net::ERR_CONNECTION_CLOSED @ https://via.placeholder.com/300x200?text=No+Image:0
[   22812ms] [ERROR] Failed to load resource: net::ERR_CONNECTION_CLOSED @ https://via.placeholder.com/300x200?text=No+Image:0
[   22908ms] [ERROR] Failed to load resource: net::ERR_CONNECTION_CLOSED @ https://via.placeholder.com/300x200?text=No+Image:0
[   23001ms] [ERROR] Failed to load resource: net::ERR_CONNECTION_CLOSED @ https://via.placeholder.com/300x200?text=No+Image:0
[   23093ms] [ERROR] Failed to load resource: net::ERR_CONNECTION_CLOSED @ https://via.placeholder.com/300x200?text=No+Image:0
[   23187ms] [ERROR] Failed to load resource: net::ERR_CONNECTION_CLOSED @ https://via.placeholder.com/300x200?text=No+Image:0
[   23282ms] [ERROR] Failed to load resource: net::ERR_CONNECTION_CLOSED @ https://via.placeholder.com/300x200?text=No+Image:0
[   23373ms] [ERROR] Failed to load resource: net::ERR_CONNECTION_CLOSED @ https://via.placeholder.com/300x200?text=No+Image:0
[   23465ms] [ERROR] Failed to load resource: net::ERR_CONNECTION_CLOSED @ https://via.placeholder.com/300x200?text=No+Image:0
[   23557ms] [ERROR] Failed to load resource: net::ERR_CONNECTION_CLOSED @ https://via.placeholder.com/300x200?text=No+Image:0
[   23654ms] [ERROR] Failed to load resource: net::ERR_CONNECTION_CLOSED @ https://via.placeholder.com/300x200?text=No+Image:0
[   23759ms] [ERROR] Failed to load resource: net::ERR_CONNECTION_CLOSED @ https://via.placeholder.com/300x200?text=No+Image:0
[   23852ms] [ERROR] Failed to load resource: net::ERR_CONNECTION_CLOSED @ https://via.placeholder.com/300x200?text=No+Image:0
[   23939ms] [ERROR] Failed to load resource: net::ERR_CONNECTION_CLOSED @ https://via.placeholder.com/300x200?text=No+Image:0
[   24033ms] [ERROR] Failed to load resource: net::ERR_CONNECTION_CLOSED @ https://via.placeholder.com/300x200?text=No+Image:0
[   24128ms] [ERROR] Failed to load resource: net::ERR_CONNECTION_CLOSED @ https://via.placeholder.com/300x200?text=No+Image:0
[   24229ms] [ERROR] Failed to load resource: net::ERR_CONNECTION_CLOSED @ https://via.placeholder.com/300x200?text=No+Image:0
[   24322ms] [ERROR] Failed to load resource: net::ERR_CONNECTION_CLOSED @ https://via.placeholder.com/300x200?text=No+Image:0
[   24416ms] [ERROR] Failed to load resource: net::ERR_CONNECTION_CLOSED @ https://via.placeholder.com/300x200?text=No+Image:0
[   24511ms] [ERROR] Failed to load resource: net::ERR_CONNECTION_CLOSED @ https://via.placeholder.com/300x200?text=No+Image:0
[   24605ms] [ERROR] Failed to load resource: net::ERR_CONNECTION_CLOSED @ https://via.placeholder.com/300x200?text=No+Image:0
[   24699ms] [ERROR] Failed to load resource: net::ERR_CONNECTION_CLOSED @ https://via.placeholder.com/300x200?text=No+Image:0
[   24795ms] [ERROR] Failed to load resource: net::ERR_CONNECTION_CLOSED @ https://via.placeholder.com/300x200?text=No+Image:0
[   24886ms] [ERROR] Failed to load resource: net::ERR_CONNECTION_CLOSED @ https://via.placeholder.com/300x200?text=No+Image:0
[   24979ms] [ERROR] Failed to load resource: net::ERR_CONNECTION_CLOSED @ https://via.placeholder.com/300x200?text=No+Image:0
[   25074ms] [ERROR] Failed to load resource: net::ERR_CONNECTION_CLOSED @ https://via.placeholder.com/300x200?text=No+Image:0
[   25163ms] [ERROR] Failed to load resource: net::ERR_CONNECTION_CLOSED @ https://via.placeholder.com/300x200?text=No+Image:0
[   25285ms] [ERROR] Failed to load resource: net::ERR_CONNECTION_CLOSED @ https://via.placeholder.com/300x200?text=No+Image:0
[   25378ms] [ERROR] Failed to load resource: net::ERR_CONNECTION_CLOSED @ https://via.placeholder.com/300x200?text=No+Image:0
[   25467ms] [ERROR] Failed to load resource: net::ERR_CONNECTION_CLOSED @ https://via.placeholder.com/300x200?text=No+Image:0
[   25561ms] [ERROR] Failed to load resource: net::ERR_CONNECTION_CLOSED @ https://via.placeholder.com/300x200?text=No+Image:0
[   25658ms] [ERROR] Failed to load resource: net::ERR_CONNECTION_CLOSED @ https://via.placeholder.com/300x200?text=No+Image:0
[   25754ms] [ERROR] Failed to load resource: net::ERR_CONNECTION_CLOSED @ https://via.placeholder.com/300x200?text=No+Image:0
[   25867ms] [ERROR] Failed to load resource: net::ERR_CONNECTION_CLOSED @ https://via.placeholder.com/300x200?text=No+Image:0
[   25971ms] [ERROR] Failed to load resource: net::ERR_CONNECTION_CLOSED @ https://via.placeholder.com/300x200?text=No+Image:0
[   26069ms] [ERROR] Failed to load resource: net::ERR_CONNECTION_CLOSED @ https://via.placeholder.com/300x200?text=No+Image:0
[   26161ms] [ERROR] Failed to load resource: net::ERR_CONNECTION_CLOSED @ https://via.placeholder.com/300x200?text=No+Image:0
[   26263ms] [ERROR] Failed to load resource: net::ERR_CONNECTION_CLOSED @ https://via.placeholder.com/300x200?text=No+Image:0
[   26368ms] [ERROR] Failed to load resource: net::ERR_CONNECTION_CLOSED @ https://via.placeholder.com/300x200?text=No+Image:0
[   26469ms] [ERROR] Failed to load resource: net::ERR_CONNECTION_CLOSED @ https://via.placeholder.com/300x200?text=No+Image:0
[   26562ms] [ERROR] Failed to load resource: net::ERR_CONNECTION_CLOSED @ https://via.placeholder.com/300x200?text=No+Image:0
[   26656ms] [ERROR] Failed to load resource: net::ERR_CONNECTION_CLOSED @ https://via.placeholder.com/300x200?text=No+Image:0
[   26754ms] [ERROR] Failed to load resource: net::ERR_CONNECTION_CLOSED @ https://via.placeholder.com/300x200?text=No+Image:0
[   26846ms] [ERROR] Failed to load resource: net::ERR_CONNECTION_CLOSED @ https://via.placeholder.com/300x200?text=No+Image:0
[   26946ms] [ERROR] Failed to load resource: net::ERR_CONNECTION_CLOSED @ https://via.placeholder.com/300x200?text=No+Image:0
[   27039ms] [ERROR] Failed to load resource: net::ERR_CONNECTION_CLOSED @ https://via.placeholder.com/300x200?text=No+Image:0
[   27129ms] [ERROR] Failed to load resource: net::ERR_CONNECTION_CLOSED @ https://via.placeholder.com/300x200?text=No+Image:0
[   27223ms] [ERROR] Failed to load resource: net::ERR_CONNECTION_CLOSED @ https://via.placeholder.com/300x200?text=No+Image:0
[   27324ms] [ERROR] Failed to load resource: net::ERR_CONNECTION_CLOSED @ https://via.placeholder.com/300x200?text=No+Image:0
[   27414ms] [ERROR] Failed to load resource: net::ERR_CONNECTION_CLOSED @ https://via.placeholder.com/300x200?text=No+Image:0
[   27504ms] [ERROR] Failed to load resource: net::ERR_CONNECTION_CLOSED @ https://via.placeholder.com/300x200?text=No+Image:0
[   27598ms] [ERROR] Failed to load resource: net::ERR_CONNECTION_CLOSED @ https://via.placeholder.com/300x200?text=No+Image:0
[   27692ms] [ERROR] Failed to load resource: net::ERR_CONNECTION_CLOSED @ https://via.placeholder.com/300x200?text=No+Image:0
[   27789ms] [ERROR] Failed to load resource: net::ERR_CONNECTION_CLOSED @ https://via.placeholder.com/300x200?text=No+Image:0
[   27886ms] [ERROR] Failed to load resource: net::ERR_CONNECTION_CLOSED @ https://via.placeholder.com/300x200?text=No+Image:0
[   27981ms] [ERROR] Failed to load resource: net::ERR_CONNECTION_CLOSED @ https://via.placeholder.com/300x200?text=No+Image:0
[   28075ms] [ERROR] Failed to load resource: net::ERR_CONNECTION_CLOSED @ https://via.placeholder.com/300x200?text=No+Image:0
[   28168ms] [ERROR] Failed to load resource: net::ERR_CONNECTION_CLOSED @ https://via.placeholder.com/300x200?text=No+Image:0
[   28264ms] [ERROR] Failed to load resource: net::ERR_CONNECTION_CLOSED @ https://via.placeholder.com/300x200?text=No+Image:0
[   28356ms] [ERROR] Failed to load resource: net::ERR_CONNECTION_CLOSED @ https://via.placeholder.com/300x200?text=No+Image:0
[   28446ms] [ERROR] Failed to load resource: net::ERR_CONNECTION_CLOSED @ https://via.placeholder.com/300x200?text=No+Image:0
[   28545ms] [ERROR] Failed to load resource: net::ERR_CONNECTION_CLOSED @ https://via.placeholder.com/300x200?text=No+Image:0
[   28638ms] [ERROR] Failed to load resource: net::ERR_CONNECTION_CLOSED @ https://via.placeholder.com/300x200?text=No+Image:0
[   28737ms] [ERROR] Failed to load resource: net::ERR_CONNECTION_CLOSED @ https://via.placeholder.com/300x200?text=No+Image:0
[   28829ms] [ERROR] Failed to load resource: net::ERR_CONNECTION_CLOSED @ https://via.placeholder.com/300x200?text=No+Image:0
[   28919ms] [ERROR] Failed to load resource: net::ERR_CONNECTION_CLOSED @ https://via.placeholder.com/300x200?text=No+Image:0
[   29012ms] [ERROR] Failed to load resource: net::ERR_CONNECTION_CLOSED @ https://via.placeholder.com/300x200?text=No+Image:0
[   29103ms] [ERROR] Failed to load resource: net::ERR_CONNECTION_CLOSED @ https://via.placeholder.com/300x200?text=No+Image:0
[   29196ms] [ERROR] Failed to load resource: net::ERR_CONNECTION_CLOSED @ https://via.placeholder.com/300x200?text=No+Image:0
[   29294ms] [ERROR] Failed to load resource: net::ERR_CONNECTION_CLOSED @ https://via.placeholder.com/300x200?text=No+Image:0
[   29389ms] [ERROR] Failed to load resource: net::ERR_CONNECTION_CLOSED @ https://via.placeholder.com/300x200?text=No+Image:0
[   29484ms] [ERROR] Failed to load resource: net::ERR_CONNECTION_CLOSED @ https://via.placeholder.com/300x200?text=No+Image:0
[   29574ms] [ERROR] Failed to load resource: net::ERR_CONNECTION_CLOSED @ https://via.placeholder.com/300x200?text=No+Image:0
[   29667ms] [ERROR] Failed to load resource: net::ERR_CONNECTION_CLOSED @ https://via.placeholder.com/300x200?text=No+Image:0
[   29768ms] [ERROR] Failed to load resource: net::ERR_CONNECTION_CLOSED @ https://via.placeholder.com/300x200?text=No+Image:0
[   29867ms] [ERROR] Failed to load resource: net::ERR_CONNECTION_CLOSED @ https://via.placeholder.com/300x200?text=No+Image:0
[   29957ms] [ERROR] Failed to load resource: net::ERR_CONNECTION_CLOSED @ https://via.placeholder.com/300x200?text=No+Image:0
[   30048ms] [ERROR] Failed to load resource: net::ERR_CONNECTION_CLOSED @ https://via.placeholder.com/300x200?text=No+Image:0
[   30142ms] [ERROR] Failed to load resource: net::ERR_CONNECTION_CLOSED @ https://via.placeholder.com/300x200?text=No+Image:0
[   30236ms] [ERROR] Failed to load resource: net::ERR_CONNECTION_CLOSED @ https://via.placeholder.com/300x200?text=No+Image:0
[   30325ms] [ERROR] Failed to load resource: net::ERR_CONNECTION_CLOSED @ https://via.placeholder.com/300x200?text=No+Image:0
[   30419ms] [ERROR] Failed to load resource: net::ERR_CONNECTION_CLOSED @ https://via.placeholder.com/300x200?text=No+Image:0
[   30512ms] [ERROR] Failed to load resource: net::ERR_CONNECTION_CLOSED @ https://via.placeholder.com/300x200?text=No+Image:0
[   30611ms] [ERROR] Failed to load resource: net::ERR_CONNECTION_CLOSED @ https://via.placeholder.com/300x200?text=No+Image:0
[   30706ms] [ERROR] Failed to load resource: net::ERR_CONNECTION_CLOSED @ https://via.placeholder.com/300x200?text=No+Image:0
[   30809ms] [ERROR] Failed to load resource: net::ERR_CONNECTION_CLOSED @ https://via.placeholder.com/300x200?text=No+Image:0
[   30898ms] [ERROR] Failed to load resource: net::ERR_CONNECTION_CLOSED @ https://via.placeholder.com/300x200?text=No+Image:0
[   30992ms] [ERROR] Failed to load resource: net::ERR_CONNECTION_CLOSED @ https://via.placeholder.com/300x200?text=No+Image:0
[   31083ms] [ERROR] Failed to load resource: net::ERR_CONNECTION_CLOSED @ https://via.placeholder.com/300x200?text=No+Image:0
[   31181ms] [ERROR] Failed to load resource: net::ERR_CONNECTION_CLOSED @ https://via.placeholder.com/300x200?text=No+Image:0
[   31272ms] [ERROR] Failed to load resource: net::ERR_CONNECTION_CLOSED @ https://via.placeholder.com/300x200?text=No+Image:0
[   31365ms] [ERROR] Failed to load resource: net::ERR_CONNECTION_CLOSED @ https://via.placeholder.com/300x200?text=No+Image:0
[   31464ms] [ERROR] Failed to load resource: net::ERR_CONNECTION_CLOSED @ https://via.placeholder.com/300x200?text=No+Image:0
[   31556ms] [ERROR] Failed to load resource: net::ERR_CONNECTION_CLOSED @ https://via.placeholder.com/300x200?text=No+Image:0
[   31645ms] [ERROR] Failed to load resource: net::ERR_CONNECTION_CLOSED @ https://via.placeholder.com/300x200?text=No+Image:0
[   31742ms] [ERROR] Failed to load resource: net::ERR_CONNECTION_CLOSED @ https://via.placeholder.com/300x200?text=No+Image:0
[   31836ms] [ERROR] Failed to load resource: net::ERR_CONNECTION_CLOSED @ https://via.placeholder.com/300x200?text=No+Image:0
[   31932ms] [ERROR] Failed to load resource: net::ERR_CONNECTION_CLOSED @ https://via.placeholder.com/300x200?text=No+Image:0
[   32023ms] [ERROR] Failed to load resource: net::ERR_CONNECTION_CLOSED @ https://via.placeholder.com/300x200?text=No+Image:0
[   32117ms] [ERROR] Failed to load resource: net::ERR_CONNECTION_CLOSED @ https://via.placeholder.com/300x200?text=No+Image:0
[   32221ms] [ERROR] Failed to load resource: net::ERR_CONNECTION_CLOSED @ https://via.placeholder.com/300x200?text=No+Image:0
[   32314ms] [ERROR] Failed to load resource: net::ERR_CONNECTION_CLOSED @ https://via.placeholder.com/300x200?text=No+Image:0
[   32407ms] [ERROR] Failed to load resource: net::ERR_CONNECTION_CLOSED @ https://via.placeholder.com/300x200?text=No+Image:0
[   32498ms] [ERROR] Failed to load resource: net::ERR_CONNECTION_CLOSED @ https://via.placeholder.com/300x200?text=No+Image:0
[   32600ms] [ERROR] Failed to load resource: net::ERR_CONNECTION_CLOSED @ https://via.placeholder.com/300x200?text=No+Image:0
[   32697ms] [ERROR] Failed to load resource: net::ERR_CONNECTION_CLOSED @ https://via.placeholder.com/300x200?text=No+Image:0
[   32790ms] [ERROR] Failed to load resource: net::ERR_CONNECTION_CLOSED @ https://via.placeholder.com/300x200?text=No+Image:0
[   32886ms] [ERROR] Failed to load resource: net::ERR_CONNECTION_CLOSED @ https://via.placeholder.com/300x200?text=No+Image:0
[   33300ms] [ERROR] Failed to load resource: net::ERR_CONNECTION_CLOSED @ https://via.placeholder.com/300x200?text=No+Image:0
[   33387ms] [ERROR] Failed to load resource: net::ERR_CONNECTION_CLOSED @ https://via.placeholder.com/300x200?text=No+Image:0
[   33479ms] [ERROR] Failed to load resource: net::ERR_CONNECTION_CLOSED @ https://via.placeholder.com/300x200?text=No+Image:0
[   33578ms] [ERROR] Failed to load resource: net::ERR_CONNECTION_CLOSED @ https://via.placeholder.com/300x200?text=No+Image:0
[   33673ms] [ERROR] Failed to load resource: net::ERR_CONNECTION_CLOSED @ https://via.placeholder.com/300x200?text=No+Image:0
[   33773ms] [ERROR] Failed to load resource: net::ERR_CONNECTION_CLOSED @ https://via.placeholder.com/300x200?text=No+Image:0
[   33866ms] [ERROR] Failed to load resource: net::ERR_CONNECTION_CLOSED @ https://via.placeholder.com/300x200?text=No+Image:0
[   33960ms] [ERROR] Failed to load resource: net::ERR_CONNECTION_CLOSED @ https://via.placeholder.com/300x200?text=No+Image:0
[   34053ms] [ERROR] Failed to load resource: net::ERR_CONNECTION_CLOSED @ https://via.placeholder.com/300x200?text=No+Image:0
[   34144ms] [ERROR] Failed to load resource: net::ERR_CONNECTION_CLOSED @ https://via.placeholder.com/300x200?text=No+Image:0
[   34244ms] [ERROR] Failed to load resource: net::ERR_CONNECTION_CLOSED @ https://via.placeholder.com/300x200?text=No+Image:0
[   34341ms] [ERROR] Failed to load resource: net::ERR_CONNECTION_CLOSED @ https://via.placeholder.com/300x200?text=No+Image:0
[   34434ms] [ERROR] Failed to load resource: net::ERR_CONNECTION_CLOSED @ https://via.placeholder.com/300x200?text=No+Image:0
[   34530ms] [ERROR] Failed to load resource: net::ERR_CONNECTION_CLOSED @ https://via.placeholder.com/300x200?text=No+Image:0
[   34623ms] [ERROR] Failed to load resource: net::ERR_CONNECTION_CLOSED @ https://via.placeholder.com/300x200?text=No+Image:0
[   34715ms] [ERROR] Failed to load resource: net::ERR_CONNECTION_CLOSED @ https://via.placeholder.com/300x200?text=No+Image:0
[   34815ms] [ERROR] Failed to load resource: net::ERR_CONNECTION_CLOSED @ https://via.placeholder.com/300x200?text=No+Image:0
[   34909ms] [ERROR] Failed to load resource: net::ERR_CONNECTION_CLOSED @ https://via.placeholder.com/300x200?text=No+Image:0
[   35002ms] [ERROR] Failed to load resource: net::ERR_CONNECTION_CLOSED @ https://via.placeholder.com/300x200?text=No+Image:0
[   35094ms] [ERROR] Failed to load resource: net::ERR_CONNECTION_CLOSED @ https://via.placeholder.com/300x200?text=No+Image:0
[   35189ms] [ERROR] Failed to load resource: net::ERR_CONNECTION_CLOSED @ https://via.placeholder.com/300x200?text=No+Image:0
[   35291ms] [ERROR] Failed to load resource: net::ERR_CONNECTION_CLOSED @ https://via.placeholder.com/300x200?text=No+Image:0
[   35385ms] [ERROR] Failed to load resource: net::ERR_CONNECTION_CLOSED @ https://via.placeholder.com/300x200?text=No+Image:0
[   35473ms] [ERROR] Failed to load resource: net::ERR_CONNECTION_CLOSED @ https://via.placeholder.com/300x200?text=No+Image:0
[   35567ms] [ERROR] Failed to load resource: net::ERR_CONNECTION_CLOSED @ https://via.placeholder.com/300x200?text=No+Image:0
[   35667ms] [ERROR] Failed to load resource: net::ERR_CONNECTION_CLOSED @ https://via.placeholder.com/300x200?text=No+Image:0
[   35772ms] [ERROR] Failed to load resource: net::ERR_CONNECTION_CLOSED @ https://via.placeholder.com/300x200?text=No+Image:0
[   35874ms] [ERROR] Failed to load resource: net::ERR_CONNECTION_CLOSED @ https://via.placeholder.com/300x200?text=No+Image:0
[   35967ms] [ERROR] Failed to load resource: net::ERR_CONNECTION_CLOSED @ https://via.placeholder.com/300x200?text=No+Image:0
[   36061ms] [ERROR] Failed to load resource: net::ERR_CONNECTION_CLOSED @ https://via.placeholder.com/300x200?text=No+Image:0
[   36160ms] [ERROR] Failed to load resource: net::ERR_CONNECTION_CLOSED @ https://via.placeholder.com/300x200?text=No+Image:0
[   36254ms] [ERROR] Failed to load resource: net::ERR_CONNECTION_CLOSED @ https://via.placeholder.com/300x200?text=No+Image:0
[   36353ms] [ERROR] Failed to load resource: net::ERR_CONNECTION_CLOSED @ https://via.placeholder.com/300x200?text=No+Image:0
[   36459ms] [ERROR] Failed to load resource: net::ERR_CONNECTION_CLOSED @ https://via.placeholder.com/300x200?text=No+Image:0
[   36553ms] [ERROR] Failed to load resource: net::ERR_CONNECTION_CLOSED @ https://via.placeholder.com/300x200?text=No+Image:0
[   36645ms] [ERROR] Failed to load resource: net::ERR_CONNECTION_CLOSED @ https://via.placeholder.com/300x200?text=No+Image:0
[   36744ms] [ERROR] Failed to load resource: net::ERR_CONNECTION_CLOSED @ https://via.placeholder.com/300x200?text=No+Image:0
[   36836ms] [ERROR] Failed to load resource: net::ERR_CONNECTION_CLOSED @ https://via.placeholder.com/300x200?text=No+Image:0
[   36927ms] [ERROR] Failed to load resource: net::ERR_CONNECTION_CLOSED @ https://via.placeholder.com/300x200?text=No+Image:0
[   37017ms] [ERROR] Failed to load resource: net::ERR_CONNECTION_CLOSED @ https://via.placeholder.com/300x200?text=No+Image:0
[   37112ms] [ERROR] Failed to load resource: net::ERR_CONNECTION_CLOSED @ https://via.placeholder.com/300x200?text=No+Image:0
[   37208ms] [ERROR] Failed to load resource: net::ERR_CONNECTION_CLOSED @ https://via.placeholder.com/300x200?text=No+Image:0
[   37299ms] [ERROR] Failed to load resource: net::ERR_CONNECTION_CLOSED @ https://via.placeholder.com/300x200?text=No+Image:0
[   37392ms] [ERROR] Failed to load resource: net::ERR_CONNECTION_CLOSED @ https://via.placeholder.com/300x200?text=No+Image:0
[   37483ms] [ERROR] Failed to load resource: net::ERR_CONNECTION_CLOSED @ https://via.placeholder.com/300x200?text=No+Image:0
[   37601ms] [ERROR] Failed to load resource: net::ERR_CONNECTION_CLOSED @ https://via.placeholder.com/300x200?text=No+Image:0
[   37696ms] [ERROR] Failed to load resource: net::ERR_CONNECTION_CLOSED @ https://via.placeholder.com/300x200?text=No+Image:0
[   37793ms] [ERROR] Failed to load resource: net::ERR_CONNECTION_CLOSED @ https://via.placeholder.com/300x200?text=No+Image:0
[   37885ms] [ERROR] Failed to load resource: net::ERR_CONNECTION_CLOSED @ https://via.placeholder.com/300x200?text=No+Image:0
[   37978ms] [ERROR] Failed to load resource: net::ERR_CONNECTION_CLOSED @ https://via.placeholder.com/300x200?text=No+Image:0
[   38067ms] [ERROR] Failed to load resource: net::ERR_CONNECTION_CLOSED @ https://via.placeholder.com/300x200?text=No+Image:0
[   38157ms] [ERROR] Failed to load resource: net::ERR_CONNECTION_CLOSED @ https://via.placeholder.com/300x200?text=No+Image:0
[   38248ms] [ERROR] Failed to load resource: net::ERR_CONNECTION_CLOSED @ https://via.placeholder.com/300x200?text=No+Image:0
[   38342ms] [ERROR] Failed to load resource: net::ERR_CONNECTION_CLOSED @ https://via.placeholder.com/300x200?text=No+Image:0
[   38431ms] [ERROR] Failed to load resource: net::ERR_CONNECTION_CLOSED @ https://via.placeholder.com/300x200?text=No+Image:0
[   38519ms] [ERROR] Failed to load resource: net::ERR_CONNECTION_CLOSED @ https://via.placeholder.com/300x200?text=No+Image:0
[   38617ms] [ERROR] Failed to load resource: net::ERR_CONNECTION_CLOSED @ https://via.placeholder.com/300x200?text=No+Image:0
[   38707ms] [ERROR] Failed to load resource: net::ERR_CONNECTION_CLOSED @ https://via.placeholder.com/300x200?text=No+Image:0
[   38797ms] [ERROR] Failed to load resource: net::ERR_CONNECTION_CLOSED @ https://via.placeholder.com/300x200?text=No+Image:0
[   38897ms] [ERROR] Failed to load resource: net::ERR_CONNECTION_CLOSED @ https://via.placeholder.com/300x200?text=No+Image:0
[   38988ms] [ERROR] Failed to load resource: net::ERR_CONNECTION_CLOSED @ https://via.placeholder.com/300x200?text=No+Image:0
[   39081ms] [ERROR] Failed to load resource: net::ERR_CONNECTION_CLOSED @ https://via.placeholder.com/300x200?text=No+Image:0
[   39171ms] [ERROR] Failed to load resource: net::ERR_CONNECTION_CLOSED @ https://via.placeholder.com/300x200?text=No+Image:0
[   39261ms] [ERROR] Failed to load resource: net::ERR_CONNECTION_CLOSED @ https://via.placeholder.com/300x200?text=No+Image:0
[   39351ms] [ERROR] Failed to load resource: net::ERR_CONNECTION_CLOSED @ https://via.placeholder.com/300x200?text=No+Image:0
[   39440ms] [ERROR] Failed to load resource: net::ERR_CONNECTION_CLOSED @ https://via.placeholder.com/300x200?text=No+Image:0
[   39531ms] [ERROR] Failed to load resource: net::ERR_CONNECTION_CLOSED @ https://via.placeholder.com/300x200?text=No+Image:0
[   39625ms] [ERROR] Failed to load resource: net::ERR_CONNECTION_CLOSED @ https://via.placeholder.com/300x200?text=No+Image:0
[   39716ms] [ERROR] Failed to load resource: net::ERR_CONNECTION_CLOSED @ https://via.placeholder.com/300x200?text=No+Image:0
[   39815ms] [ERROR] Failed to load resource: net::ERR_CONNECTION_CLOSED @ https://via.placeholder.com/300x200?text=No+Image:0
[   39912ms] [ERROR] Failed to load resource: net::ERR_CONNECTION_CLOSED @ https://via.placeholder.com/300x200?text=No+Image:0
[   40005ms] [ERROR] Failed to load resource: net::ERR_CONNECTION_CLOSED @ https://via.placeholder.com/300x200?text=No+Image:0
[   40099ms] [ERROR] Failed to load resource: net::ERR_CONNECTION_CLOSED @ https://via.placeholder.com/300x200?text=No+Image:0
[   40243ms] [ERROR] Failed to load resource: net::ERR_CONNECTION_CLOSED @ https://via.placeholder.com/300x200?text=No+Image:0
[   40332ms] [ERROR] Failed to load resource: net::ERR_CONNECTION_CLOSED @ https://via.placeholder.com/300x200?text=No+Image:0
[   40423ms] [ERROR] Failed to load resource: net::ERR_CONNECTION_CLOSED @ https://via.placeholder.com/300x200?text=No+Image:0
[   40517ms] [ERROR] Failed to load resource: net::ERR_CONNECTION_CLOSED @ https://via.placeholder.com/300x200?text=No+Image:0
[   40614ms] [ERROR] Failed to load resource: net::ERR_CONNECTION_CLOSED @ https://via.placeholder.com/300x200?text=No+Image:0
[   40704ms] [ERROR] Failed to load resource: net::ERR_CONNECTION_CLOSED @ https://via.placeholder.com/300x200?text=No+Image:0
[   40798ms] [ERROR] Failed to load resource: net::ERR_CONNECTION_CLOSED @ https://via.placeholder.com/300x200?text=No+Image:0
[   40933ms] [ERROR] Failed to load resource: net::ERR_CONNECTION_CLOSED @ https://via.placeholder.com/300x200?text=No+Image:0
[   41026ms] [ERROR] Failed to load resource: net::ERR_CONNECTION_CLOSED @ https://via.placeholder.com/300x200?text=No+Image:0
[   41141ms] [ERROR] Failed to load resource: net::ERR_CONNECTION_CLOSED @ https://via.placeholder.com/300x200?text=No+Image:0
[   41233ms] [ERROR] Failed to load resource: net::ERR_CONNECTION_CLOSED @ https://via.placeholder.com/300x200?text=No+Image:0
[   41340ms] [ERROR] Failed to load resource: net::ERR_CONNECTION_CLOSED @ https://via.placeholder.com/300x200?text=No+Image:0
[   41434ms] [ERROR] Failed to load resource: net::ERR_CONNECTION_CLOSED @ https://via.placeholder.com/300x200?text=No+Image:0
[   41528ms] [ERROR] Failed to load resource: net::ERR_CONNECTION_CLOSED @ https://via.placeholder.com/300x200?text=No+Image:0
[   41624ms] [ERROR] Failed to load resource: net::ERR_CONNECTION_CLOSED @ https://via.placeholder.com/300x200?text=No+Image:0
[   41715ms] [ERROR] Failed to load resource: net::ERR_CONNECTION_CLOSED @ https://via.placeholder.com/300x200?text=No+Image:0
[   41805ms] [ERROR] Failed to load resource: net::ERR_CONNECTION_CLOSED @ https://via.placeholder.com/300x200?text=No+Image:0
[   41901ms] [ERROR] Failed to load resource: net::ERR_CONNECTION_CLOSED @ https://via.placeholder.com/300x200?text=No+Image:0
[   41991ms] [ERROR] Failed to load resource: net::ERR_CONNECTION_CLOSED @ https://via.placeholder.com/300x200?text=No+Image:0
[   42085ms] [ERROR] Failed to load resource: net::ERR_CONNECTION_CLOSED @ https://via.placeholder.com/300x200?text=No+Image:0
[   42175ms] [ERROR] Failed to load resource: net::ERR_CONNECTION_CLOSED @ https://via.placeholder.com/300x200?text=No+Image:0
[   42277ms] [ERROR] Failed to load resource: net::ERR_CONNECTION_CLOSED @ https://via.placeholder.com/300x200?text=No+Image:0
[   42367ms] [ERROR] Failed to load resource: net::ERR_CONNECTION_CLOSED @ https://via.placeholder.com/300x200?text=No+Image:0
[   42466ms] [ERROR] Failed to load resource: net::ERR_CONNECTION_CLOSED @ https://via.placeholder.com/300x200?text=No+Image:0
[   42561ms] [ERROR] Failed to load resource: net::ERR_CONNECTION_CLOSED @ https://via.placeholder.com/300x200?text=No+Image:0
[   42672ms] [ERROR] Failed to load resource: net::ERR_CONNECTION_CLOSED @ https://via.placeholder.com/300x200?text=No+Image:0
[   42762ms] [ERROR] Failed to load resource: net::ERR_CONNECTION_CLOSED @ https://via.placeholder.com/300x200?text=No+Image:0
[   42866ms] [ERROR] Failed to load resource: net::ERR_CONNECTION_CLOSED @ https://via.placeholder.com/300x200?text=No+Image:0
[   42958ms] [ERROR] Failed to load resource: net::ERR_CONNECTION_CLOSED @ https://via.placeholder.com/300x200?text=No+Image:0
[   43307ms] [ERROR] Failed to load resource: net::ERR_CONNECTION_CLOSED @ https://via.placeholder.com/300x200?text=No+Image:0
[   43400ms] [ERROR] Failed to load resource: net::ERR_CONNECTION_CLOSED @ https://via.placeholder.com/300x200?text=No+Image:0
[   43500ms] [ERROR] Failed to load resource: net::ERR_CONNECTION_CLOSED @ https://via.placeholder.com/300x200?text=No+Image:0
[   43590ms] [ERROR] Failed to load resource: net::ERR_CONNECTION_CLOSED @ https://via.placeholder.com/300x200?text=No+Image:0
[   43693ms] [ERROR] Failed to load resource: net::ERR_CONNECTION_CLOSED @ https://via.placeholder.com/300x200?text=No+Image:0
[   43787ms] [ERROR] Failed to load resource: net::ERR_CONNECTION_CLOSED @ https://via.placeholder.com/300x200?text=No+Image:0
[   43875ms] [ERROR] Failed to load resource: net::ERR_CONNECTION_CLOSED @ https://via.placeholder.com/300x200?text=No+Image:0
[   43967ms] [ERROR] Failed to load resource: net::ERR_CONNECTION_CLOSED @ https://via.placeholder.com/300x200?text=No+Image:0
[   44056ms] [ERROR] Failed to load resource: net::ERR_CONNECTION_CLOSED @ https://via.placeholder.com/300x200?text=No+Image:0
[   44058ms] [ERROR] Failed to load resource: net::ERR_CONNECTION_CLOSED @ https://via.placeholder.com/300x200?text=No+Image:0
[   44159ms] [ERROR] Failed to load resource: net::ERR_CONNECTION_CLOSED @ https://via.placeholder.com/300x200?text=No+Image:0
[   44258ms] [ERROR] Failed to load resource: net::ERR_CONNECTION_CLOSED @ https://via.placeholder.com/300x200?text=No+Image:0
[   44357ms] [ERROR] Failed to load resource: net::ERR_CONNECTION_CLOSED @ https://via.placeholder.com/300x200?text=No+Image:0
[   44453ms] [ERROR] Failed to load resource: net::ERR_CONNECTION_CLOSED @ https://via.placeholder.com/300x200?text=No+Image:0
[   44557ms] [ERROR] Failed to load resource: net::ERR_CONNECTION_CLOSED @ https://via.placeholder.com/300x200?text=No+Image:0
[   44652ms] [ERROR] Failed to load resource: net::ERR_CONNECTION_CLOSED @ https://via.placeholder.com/300x200?text=No+Image:0
[   44744ms] [ERROR] Failed to load resource: net::ERR_CONNECTION_CLOSED @ https://via.placeholder.com/300x200?text=No+Image:0
[   44840ms] [ERROR] Failed to load resource: net::ERR_CONNECTION_CLOSED @ https://via.placeholder.com/300x200?text=No+Image:0
[   44936ms] [ERROR] Failed to load resource: net::ERR_CONNECTION_CLOSED @ https://via.placeholder.com/300x200?text=No+Image:0
[   45033ms] [ERROR] Failed to load resource: net::ERR_CONNECTION_CLOSED @ https://via.placeholder.com/300x200?text=No+Image:0
[   45132ms] [ERROR] Failed to load resource: net::ERR_CONNECTION_CLOSED @ https://via.placeholder.com/300x200?text=No+Image:0
[   45240ms] [ERROR] Failed to load resource: net::ERR_CONNECTION_CLOSED @ https://via.placeholder.com/300x200?text=No+Image:0
[   45330ms] [ERROR] Failed to load resource: net::ERR_CONNECTION_CLOSED @ https://via.placeholder.com/300x200?text=No+Image:0
[   45423ms] [ERROR] Failed to load resource: net::ERR_CONNECTION_CLOSED @ https://via.placeholder.com/300x200?text=No+Image:0
[   45516ms] [ERROR] Failed to load resource: net::ERR_CONNECTION_CLOSED @ https://via.placeholder.com/300x200?text=No+Image:0
[   45605ms] [ERROR] Failed to load resource: net::ERR_CONNECTION_CLOSED @ https://via.placeholder.com/300x200?text=No+Image:0
[   45695ms] [ERROR] Failed to load resource: net::ERR_CONNECTION_CLOSED @ https://via.placeholder.com/300x200?text=No+Image:0
[   45813ms] [ERROR] Failed to load resource: net::ERR_CONNECTION_CLOSED @ https://via.placeholder.com/300x200?text=No+Image:0
[   45909ms] [ERROR] Failed to load resource: net::ERR_CONNECTION_CLOSED @ https://via.placeholder.com/300x200?text=No+Image:0
[   46003ms] [ERROR] Failed to load resource: net::ERR_CONNECTION_CLOSED @ https://via.placeholder.com/300x200?text=No+Image:0
[   46098ms] [ERROR] Failed to load resource: net::ERR_CONNECTION_CLOSED @ https://via.placeholder.com/300x200?text=No+Image:0
[   46189ms] [ERROR] Failed to load resource: net::ERR_CONNECTION_CLOSED @ https://via.placeholder.com/300x200?text=No+Image:0
[   46284ms] [ERROR] Failed to load resource: net::ERR_CONNECTION_CLOSED @ https://via.placeholder.com/300x200?text=No+Image:0
[   46378ms] [ERROR] Failed to load resource: net::ERR_CONNECTION_CLOSED @ https://via.placeholder.com/300x200?text=No+Image:0
[   46477ms] [ERROR] Failed to load resource: net::ERR_CONNECTION_CLOSED @ https://via.placeholder.com/300x200?text=No+Image:0
[   46569ms] [ERROR] Failed to load resource: net::ERR_CONNECTION_CLOSED @ https://via.placeholder.com/300x200?text=No+Image:0
[   46661ms] [ERROR] Failed to load resource: net::ERR_CONNECTION_CLOSED @ https://via.placeholder.com/300x200?text=No+Image:0
[   46764ms] [ERROR] Failed to load resource: net::ERR_CONNECTION_CLOSED @ https://via.placeholder.com/300x200?text=No+Image:0
[   46861ms] [ERROR] Failed to load resource: net::ERR_CONNECTION_CLOSED @ https://via.placeholder.com/300x200?text=No+Image:0
[   46953ms] [ERROR] Failed to load resource: net::ERR_CONNECTION_CLOSED @ https://via.placeholder.com/300x200?text=No+Image:0
[   47045ms] [ERROR] Failed to load resource: net::ERR_CONNECTION_CLOSED @ https://via.placeholder.com/300x200?text=No+Image:0
[   47144ms] [ERROR] Failed to load resource: net::ERR_CONNECTION_CLOSED @ https://via.placeholder.com/300x200?text=No+Image:0
[   47241ms] [ERROR] Failed to load resource: net::ERR_CONNECTION_CLOSED @ https://via.placeholder.com/300x200?text=No+Image:0
[   47335ms] [ERROR] Failed to load resource: net::ERR_CONNECTION_CLOSED @ https://via.placeholder.com/300x200?text=No+Image:0
[   47446ms] [ERROR] Failed to load resource: net::ERR_CONNECTION_CLOSED @ https://via.placeholder.com/300x200?text=No+Image:0
[   47549ms] [ERROR] Failed to load resource: net::ERR_CONNECTION_CLOSED @ https://via.placeholder.com/300x200?text=No+Image:0
[   47647ms] [ERROR] Failed to load resource: net::ERR_CONNECTION_CLOSED @ https://via.placeholder.com/300x200?text=No+Image:0
[   47750ms] [ERROR] Failed to load resource: net::ERR_CONNECTION_CLOSED @ https://via.placeholder.com/300x200?text=No+Image:0
[   47841ms] [ERROR] Failed to load resource: net::ERR_CONNECTION_CLOSED @ https://via.placeholder.com/300x200?text=No+Image:0
[   47934ms] [ERROR] Failed to load resource: net::ERR_CONNECTION_CLOSED @ https://via.placeholder.com/300x200?text=No+Image:0
[   48024ms] [ERROR] Failed to load resource: net::ERR_CONNECTION_CLOSED @ https://via.placeholder.com/300x200?text=No+Image:0
[   48118ms] [ERROR] Failed to load resource: net::ERR_CONNECTION_CLOSED @ https://via.placeholder.com/300x200?text=No+Image:0
[   48207ms] [ERROR] Failed to load resource: net::ERR_CONNECTION_CLOSED @ https://via.placeholder.com/300x200?text=No+Image:0
[   48304ms] [ERROR] Failed to load resource: net::ERR_CONNECTION_CLOSED @ https://via.placeholder.com/300x200?text=No+Image:0
[   48396ms] [ERROR] Failed to load resource: net::ERR_CONNECTION_CLOSED @ https://via.placeholder.com/300x200?text=No+Image:0
[   48487ms] [ERROR] Failed to load resource: net::ERR_CONNECTION_CLOSED @ https://via.placeholder.com/300x200?text=No+Image:0
[   48576ms] [ERROR] Failed to load resource: net::ERR_CONNECTION_CLOSED @ https://via.placeholder.com/300x200?text=No+Image:0
[   48676ms] [ERROR] Failed to load resource: net::ERR_CONNECTION_CLOSED @ https://via.placeholder.com/300x200?text=No+Image:0
[   48772ms] [ERROR] Failed to load resource: net::ERR_CONNECTION_CLOSED @ https://via.placeholder.com/300x200?text=No+Image:0
[   48862ms] [ERROR] Failed to load resource: net::ERR_CONNECTION_CLOSED @ https://via.placeholder.com/300x200?text=No+Image:0
[   48963ms] [ERROR] Failed to load resource: net::ERR_CONNECTION_CLOSED @ https://via.placeholder.com/300x200?text=No+Image:0
[   49058ms] [ERROR] Failed to load resource: net::ERR_CONNECTION_CLOSED @ https://via.placeholder.com/300x200?text=No+Image:0
[   49158ms] [ERROR] Failed to load resource: net::ERR_CONNECTION_CLOSED @ https://via.placeholder.com/300x200?text=No+Image:0
[   49260ms] [ERROR] Failed to load resource: net::ERR_CONNECTION_CLOSED @ https://via.placeholder.com/300x200?text=No+Image:0
[   49353ms] [ERROR] Failed to load resource: net::ERR_CONNECTION_CLOSED @ https://via.placeholder.com/300x200?text=No+Image:0
[   49445ms] [ERROR] Failed to load resource: net::ERR_CONNECTION_CLOSED @ https://via.placeholder.com/300x200?text=No+Image:0
[   49541ms] [ERROR] Failed to load resource: net::ERR_CONNECTION_CLOSED @ https://via.placeholder.com/300x200?text=No+Image:0
[   49635ms] [ERROR] Failed to load resource: net::ERR_CONNECTION_CLOSED @ https://via.placeholder.com/300x200?text=No+Image:0
[   49728ms] [ERROR] Failed to load resource: net::ERR_CONNECTION_CLOSED @ https://via.placeholder.com/300x200?text=No+Image:0
[   49823ms] [ERROR] Failed to load resource: net::ERR_CONNECTION_CLOSED @ https://via.placeholder.com/300x200?text=No+Image:0
[   49914ms] [ERROR] Failed to load resource: net::ERR_CONNECTION_CLOSED @ https://via.placeholder.com/300x200?text=No+Image:0
[   50031ms] [ERROR] Failed to load resource: net::ERR_CONNECTION_CLOSED @ https://via.placeholder.com/300x200?text=No+Image:0
[   50124ms] [ERROR] Failed to load resource: net::ERR_CONNECTION_CLOSED @ https://via.placeholder.com/300x200?text=No+Image:0
[   50214ms] [ERROR] Failed to load resource: net::ERR_CONNECTION_CLOSED @ https://via.placeholder.com/300x200?text=No+Image:0
[   50313ms] [ERROR] Failed to load resource: net::ERR_CONNECTION_CLOSED @ https://via.placeholder.com/300x200?text=No+Image:0
[   50404ms] [ERROR] Failed to load resource: net::ERR_CONNECTION_CLOSED @ https://via.placeholder.com/300x200?text=No+Image:0
[   50492ms] [ERROR] Failed to load resource: net::ERR_CONNECTION_CLOSED @ https://via.placeholder.com/300x200?text=No+Image:0
[   50585ms] [ERROR] Failed to load resource: net::ERR_CONNECTION_CLOSED @ https://via.placeholder.com/300x200?text=No+Image:0
[   50679ms] [ERROR] Failed to load resource: net::ERR_CONNECTION_CLOSED @ https://via.placeholder.com/300x200?text=No+Image:0
[   50772ms] [ERROR] Failed to load resource: net::ERR_CONNECTION_CLOSED @ https://via.placeholder.com/300x200?text=No+Image:0
[   50863ms] [ERROR] Failed to load resource: net::ERR_CONNECTION_CLOSED @ https://via.placeholder.com/300x200?text=No+Image:0
[   50960ms] [ERROR] Failed to load resource: net::ERR_CONNECTION_CLOSED @ https://via.placeholder.com/300x200?text=No+Image:0
[   51053ms] [ERROR] Failed to load resource: net::ERR_CONNECTION_CLOSED @ https://via.placeholder.com/300x200?text=No+Image:0
[   51148ms] [ERROR] Failed to load resource: net::ERR_CONNECTION_CLOSED @ https://via.placeholder.com/300x200?text=No+Image:0
[   51244ms] [ERROR] Failed to load resource: net::ERR_CONNECTION_CLOSED @ https://via.placeholder.com/300x200?text=No+Image:0
[   51349ms] [ERROR] Failed to load resource: net::ERR_CONNECTION_CLOSED @ https://via.placeholder.com/300x200?text=No+Image:0
[   51441ms] [ERROR] Failed to load resource: net::ERR_CONNECTION_CLOSED @ https://via.placeholder.com/300x200?text=No+Image:0
[   51538ms] [ERROR] Failed to load resource: net::ERR_CONNECTION_CLOSED @ https://via.placeholder.com/300x200?text=No+Image:0
[   51634ms] [ERROR] Failed to load resource: net::ERR_CONNECTION_CLOSED @ https://via.placeholder.com/300x200?text=No+Image:0
[   51727ms] [ERROR] Failed to load resource: net::ERR_CONNECTION_CLOSED @ https://via.placeholder.com/300x200?text=No+Image:0
[   51821ms] [ERROR] Failed to load resource: net::ERR_CONNECTION_CLOSED @ https://via.placeholder.com/300x200?text=No+Image:0
[   51908ms] [ERROR] Failed to load resource: net::ERR_CONNECTION_CLOSED @ https://via.placeholder.com/300x200?text=No+Image:0
[   52001ms] [ERROR] Failed to load resource: net::ERR_CONNECTION_CLOSED @ https://via.placeholder.com/300x200?text=No+Image:0
[   52093ms] [ERROR] Failed to load resource: net::ERR_CONNECTION_CLOSED @ https://via.placeholder.com/300x200?text=No+Image:0
[   52185ms] [ERROR] Failed to load resource: net::ERR_CONNECTION_CLOSED @ https://via.placeholder.com/300x200?text=No+Image:0
[   52276ms] [ERROR] Failed to load resource: net::ERR_CONNECTION_CLOSED @ https://via.placeholder.com/300x200?text=No+Image:0
[   52376ms] [ERROR] Failed to load resource: net::ERR_CONNECTION_CLOSED @ https://via.placeholder.com/300x200?text=No+Image:0
[   52463ms] [ERROR] Failed to load resource: net::ERR_CONNECTION_CLOSED @ https://via.placeholder.com/300x200?text=No+Image:0
[   52565ms] [ERROR] Failed to load resource: net::ERR_CONNECTION_CLOSED @ https://via.placeholder.com/300x200?text=No+Image:0
[   52657ms] [ERROR] Failed to load resource: net::ERR_CONNECTION_CLOSED @ https://via.placeholder.com/300x200?text=No+Image:0
[   52749ms] [ERROR] Failed to load resource: net::ERR_CONNECTION_CLOSED @ https://via.placeholder.com/300x200?text=No+Image:0
[   52844ms] [ERROR] Failed to load resource: net::ERR_CONNECTION_CLOSED @ https://via.placeholder.com/300x200?text=No+Image:0
[   52933ms] [ERROR] Failed to load resource: net::ERR_CONNECTION_CLOSED @ https://via.placeholder.com/300x200?text=No+Image:0
[   53026ms] [ERROR] Failed to load resource: net::ERR_CONNECTION_CLOSED @ https://via.placeholder.com/300x200?text=No+Image:0
[   53121ms] [ERROR] Failed to load resource: net::ERR_CONNECTION_CLOSED @ https://via.placeholder.com/300x200?text=No+Image:0
[   53215ms] [ERROR] Failed to load resource: net::ERR_CONNECTION_CLOSED @ https://via.placeholder.com/300x200?text=No+Image:0
[   53316ms] [ERROR] Failed to load resource: net::ERR_CONNECTION_CLOSED @ https://via.placeholder.com/300x200?text=No+Image:0
[   53410ms] [ERROR] Failed to load resource: net::ERR_CONNECTION_CLOSED @ https://via.placeholder.com/300x200?text=No+Image:0
[   53500ms] [ERROR] Failed to load resource: net::ERR_CONNECTION_CLOSED @ https://via.placeholder.com/300x200?text=No+Image:0
[   53595ms] [ERROR] Failed to load resource: net::ERR_CONNECTION_CLOSED @ https://via.placeholder.com/300x200?text=No+Image:0
[   53689ms] [ERROR] Failed to load resource: net::ERR_CONNECTION_CLOSED @ https://via.placeholder.com/300x200?text=No+Image:0
[   53789ms] [ERROR] Failed to load resource: net::ERR_CONNECTION_CLOSED @ https://via.placeholder.com/300x200?text=No+Image:0
[   53884ms] [ERROR] Failed to load resource: net::ERR_CONNECTION_CLOSED @ https://via.placeholder.com/300x200?text=No+Image:0
[   53983ms] [ERROR] Failed to load resource: net::ERR_CONNECTION_CLOSED @ https://via.placeholder.com/300x200?text=No+Image:0
[   54072ms] [ERROR] Failed to load resource: net::ERR_CONNECTION_CLOSED @ https://via.placeholder.com/300x200?text=No+Image:0
[   54162ms] [ERROR] Failed to load resource: net::ERR_CONNECTION_CLOSED @ https://via.placeholder.com/300x200?text=No+Image:0
[   54253ms] [ERROR] Failed to load resource: net::ERR_CONNECTION_CLOSED @ https://via.placeholder.com/300x200?text=No+Image:0
[   54347ms] [ERROR] Failed to load resource: net::ERR_CONNECTION_CLOSED @ https://via.placeholder.com/300x200?text=No+Image:0
[   54441ms] [ERROR] Failed to load resource: net::ERR_CONNECTION_CLOSED @ https://via.placeholder.com/300x200?text=No+Image:0
[   54533ms] [ERROR] Failed to load resource: net::ERR_CONNECTION_CLOSED @ https://via.placeholder.com/300x200?text=No+Image:0
[   54622ms] [ERROR] Failed to load resource: net::ERR_CONNECTION_CLOSED @ https://via.placeholder.com/300x200?text=No+Image:0
[   54714ms] [ERROR] Failed to load resource: net::ERR_CONNECTION_CLOSED @ https://via.placeholder.com/300x200?text=No+Image:0
[   54817ms] [ERROR] Failed to load resource: net::ERR_CONNECTION_CLOSED @ https://via.placeholder.com/300x200?text=No+Image:0
[   54908ms] [ERROR] Failed to load resource: net::ERR_CONNECTION_CLOSED @ https://via.placeholder.com/300x200?text=No+Image:0
[   55001ms] [ERROR] Failed to load resource: net::ERR_CONNECTION_CLOSED @ https://via.placeholder.com/300x200?text=No+Image:0
[   55094ms] [ERROR] Failed to load resource: net::ERR_CONNECTION_CLOSED @ https://via.placeholder.com/300x200?text=No+Image:0
[   55189ms] [ERROR] Failed to load resource: net::ERR_CONNECTION_CLOSED @ https://via.placeholder.com/300x200?text=No+Image:0
[   55284ms] [ERROR] Failed to load resource: net::ERR_CONNECTION_CLOSED @ https://via.placeholder.com/300x200?text=No+Image:0
[   55378ms] [ERROR] Failed to load resource: net::ERR_CONNECTION_CLOSED @ https://via.placeholder.com/300x200?text=No+Image:0
[   55469ms] [ERROR] Failed to load resource: net::ERR_CONNECTION_CLOSED @ https://via.placeholder.com/300x200?text=No+Image:0
[   55564ms] [ERROR] Failed to load resource: net::ERR_CONNECTION_CLOSED @ https://via.placeholder.com/300x200?text=No+Image:0
[   55675ms] [ERROR] Failed to load resource: net::ERR_CONNECTION_CLOSED @ https://via.placeholder.com/300x200?text=No+Image:0
[   55775ms] [ERROR] Failed to load resource: net::ERR_CONNECTION_CLOSED @ https://via.placeholder.com/300x200?text=No+Image:0
[   55869ms] [ERROR] Failed to load resource: net::ERR_CONNECTION_CLOSED @ https://via.placeholder.com/300x200?text=No+Image:0
[   55962ms] [ERROR] Failed to load resource: net::ERR_CONNECTION_CLOSED @ https://via.placeholder.com/300x200?text=No+Image:0
[   56058ms] [ERROR] Failed to load resource: net::ERR_CONNECTION_CLOSED @ https://via.placeholder.com/300x200?text=No+Image:0
[   56147ms] [ERROR] Failed to load resource: net::ERR_CONNECTION_CLOSED @ https://via.placeholder.com/300x200?text=No+Image:0
[   56240ms] [ERROR] Failed to load resource: net::ERR_CONNECTION_CLOSED @ https://via.placeholder.com/300x200?text=No+Image:0
[   56337ms] [ERROR] Failed to load resource: net::ERR_CONNECTION_CLOSED @ https://via.placeholder.com/300x200?text=No+Image:0
[   56431ms] [ERROR] Failed to load resource: net::ERR_CONNECTION_CLOSED @ https://via.placeholder.com/300x200?text=No+Image:0
[   56531ms] [ERROR] Failed to load resource: net::ERR_CONNECTION_CLOSED @ https://via.placeholder.com/300x200?text=No+Image:0
[   56621ms] [ERROR] Failed to load resource: net::ERR_CONNECTION_CLOSED @ https://via.placeholder.com/300x200?text=No+Image:0
[   56708ms] [ERROR] Failed to load resource: net::ERR_CONNECTION_CLOSED @ https://via.placeholder.com/300x200?text=No+Image:0
[   56803ms] [ERROR] Failed to load resource: net::ERR_CONNECTION_CLOSED @ https://via.placeholder.com/300x200?text=No+Image:0
[   56898ms] [ERROR] Failed to load resource: net::ERR_CONNECTION_CLOSED @ https://via.placeholder.com/300x200?text=No+Image:0
[   56988ms] [ERROR] Failed to load resource: net::ERR_CONNECTION_CLOSED @ https://via.placeholder.com/300x200?text=No+Image:0
[   57080ms] [ERROR] Failed to load resource: net::ERR_CONNECTION_CLOSED @ https://via.placeholder.com/300x200?text=No+Image:0
[   57169ms] [ERROR] Failed to load resource: net::ERR_CONNECTION_CLOSED @ https://via.placeholder.com/300x200?text=No+Image:0
[   57260ms] [ERROR] Failed to load resource: net::ERR_CONNECTION_CLOSED @ https://via.placeholder.com/300x200?text=No+Image:0
[   57351ms] [ERROR] Failed to load resource: net::ERR_CONNECTION_CLOSED @ https://via.placeholder.com/300x200?text=No+Image:0
[   57446ms] [ERROR] Failed to load resource: net::ERR_CONNECTION_CLOSED @ https://via.placeholder.com/300x200?text=No+Image:0
[   57539ms] [ERROR] Failed to load resource: net::ERR_CONNECTION_CLOSED @ https://via.placeholder.com/300x200?text=No+Image:0
[   57630ms] [ERROR] Failed to load resource: net::ERR_CONNECTION_CLOSED @ https://via.placeholder.com/300x200?text=No+Image:0
[   57724ms] [ERROR] Failed to load resource: net::ERR_CONNECTION_CLOSED @ https://via.placeholder.com/300x200?text=No+Image:0
[   57826ms] [ERROR] Failed to load resource: net::ERR_CONNECTION_CLOSED @ https://via.placeholder.com/300x200?text=No+Image:0
[   57919ms] [ERROR] Failed to load resource: net::ERR_CONNECTION_CLOSED @ https://via.placeholder.com/300x200?text=No+Image:0
[   58014ms] [ERROR] Failed to load resource: net::ERR_CONNECTION_CLOSED @ https://via.placeholder.com/300x200?text=No+Image:0
[   58111ms] [ERROR] Failed to load resource: net::ERR_CONNECTION_CLOSED @ https://via.placeholder.com/300x200?text=No+Image:0
[   58205ms] [ERROR] Failed to load resource: net::ERR_CONNECTION_CLOSED @ https://via.placeholder.com/300x200?text=No+Image:0
[   58301ms] [ERROR] Failed to load resource: net::ERR_CONNECTION_CLOSED @ https://via.placeholder.com/300x200?text=No+Image:0
[   58391ms] [ERROR] Failed to load resource: net::ERR_CONNECTION_CLOSED @ https://via.placeholder.com/300x200?text=No+Image:0
[   58487ms] [ERROR] Failed to load resource: net::ERR_CONNECTION_CLOSED @ https://via.placeholder.com/300x200?text=No+Image:0
[   58580ms] [ERROR] Failed to load resource: net::ERR_CONNECTION_CLOSED @ https://via.placeholder.com/300x200?text=No+Image:0
[   58668ms] [ERROR] Failed to load resource: net::ERR_CONNECTION_CLOSED @ https://via.placeholder.com/300x200?text=No+Image:0
[   58771ms] [ERROR] Failed to load resource: net::ERR_CONNECTION_CLOSED @ https://via.placeholder.com/300x200?text=No+Image:0
[   58871ms] [ERROR] Failed to load resource: net::ERR_CONNECTION_CLOSED @ https://via.placeholder.com/300x200?text=No+Image:0
[   58961ms] [ERROR] Failed to load resource: net::ERR_CONNECTION_CLOSED @ https://via.placeholder.com/300x200?text=No+Image:0
[   59051ms] [ERROR] Failed to load resource: net::ERR_CONNECTION_CLOSED @ https://via.placeholder.com/300x200?text=No+Image:0
[   59142ms] [ERROR] Failed to load resource: net::ERR_CONNECTION_CLOSED @ https://via.placeholder.com/300x200?text=No+Image:0
[   59235ms] [ERROR] Failed to load resource: net::ERR_CONNECTION_CLOSED @ https://via.placeholder.com/300x200?text=No+Image:0
[   59334ms] [ERROR] Failed to load resource: net::ERR_CONNECTION_CLOSED @ https://via.placeholder.com/300x200?text=No+Image:0
[   59427ms] [ERROR] Failed to load resource: net::ERR_CONNECTION_CLOSED @ https://via.placeholder.com/300x200?text=No+Image:0
[   59521ms] [ERROR] Failed to load resource: net::ERR_CONNECTION_CLOSED @ https://via.placeholder.com/300x200?text=No+Image:0
[   59614ms] [ERROR] Failed to load resource: net::ERR_CONNECTION_CLOSED @ https://via.placeholder.com/300x200?text=No+Image:0
[   59706ms] [ERROR] Failed to load resource: net::ERR_CONNECTION_CLOSED @ https://via.placeholder.com/300x200?text=No+Image:0
[   59806ms] [ERROR] Failed to load resource: net::ERR_CONNECTION_CLOSED @ https://via.placeholder.com/300x200?text=No+Image:0
[   59896ms] [ERROR] Failed to load resource: net::ERR_CONNECTION_CLOSED @ https://via.placeholder.com/300x200?text=No+Image:0
[   59990ms] [ERROR] Failed to load resource: net::ERR_CONNECTION_CLOSED @ https://via.placeholder.com/300x200?text=No+Image:0
[   60086ms] [ERROR] Failed to load resource: net::ERR_CONNECTION_CLOSED @ https://via.placeholder.com/300x200?text=No+Image:0
[   60175ms] [ERROR] Failed to load resource: net::ERR_CONNECTION_CLOSED @ https://via.placeholder.com/300x200?text=No+Image:0
[   60271ms] [ERROR] Failed to load resource: net::ERR_CONNECTION_CLOSED @ https://via.placeholder.com/300x200?text=No+Image:0
[   60359ms] [ERROR] Failed to load resource: net::ERR_CONNECTION_CLOSED @ https://via.placeholder.com/300x200?text=No+Image:0
[   60450ms] [ERROR] Failed to load resource: net::ERR_CONNECTION_CLOSED @ https://via.placeholder.com/300x200?text=No+Image:0
[   60542ms] [ERROR] Failed to load resource: net::ERR_CONNECTION_CLOSED @ https://via.placeholder.com/300x200?text=No+Image:0
[   60636ms] [ERROR] Failed to load resource: net::ERR_CONNECTION_CLOSED @ https://via.placeholder.com/300x200?text=No+Image:0
[   60729ms] [ERROR] Failed to load resource: net::ERR_CONNECTION_CLOSED @ https://via.placeholder.com/300x200?text=No+Image:0
[   60815ms] [ERROR] Failed to load resource: net::ERR_CONNECTION_CLOSED @ https://via.placeholder.com/300x200?text=No+Image:0
[   60907ms] [ERROR] Failed to load resource: net::ERR_CONNECTION_CLOSED @ https://via.placeholder.com/300x200?text=No+Image:0
[   60999ms] [ERROR] Failed to load resource: net::ERR_CONNECTION_CLOSED @ https://via.placeholder.com/300x200?text=No+Image:0
[   61105ms] [ERROR] Failed to load resource: net::ERR_CONNECTION_CLOSED @ https://via.placeholder.com/300x200?text=No+Image:0
[   61197ms] [ERROR] Failed to load resource: net::ERR_CONNECTION_CLOSED @ https://via.placeholder.com/300x200?text=No+Image:0
[   61293ms] [ERROR] Failed to load resource: net::ERR_CONNECTION_CLOSED @ https://via.placeholder.com/300x200?text=No+Image:0
[   61387ms] [ERROR] Failed to load resource: net::ERR_CONNECTION_CLOSED @ https://via.placeholder.com/300x200?text=No+Image:0
[   61482ms] [ERROR] Failed to load resource: net::ERR_CONNECTION_CLOSED @ https://via.placeholder.com/300x200?text=No+Image:0
[   61576ms] [ERROR] Failed to load resource: net::ERR_CONNECTION_CLOSED @ https://via.placeholder.com/300x200?text=No+Image:0
[   61669ms] [ERROR] Failed to load resource: net::ERR_CONNECTION_CLOSED @ https://via.placeholder.com/300x200?text=No+Image:0
[   61784ms] [ERROR] Failed to load resource: net::ERR_CONNECTION_CLOSED @ https://via.placeholder.com/300x200?text=No+Image:0
[   61878ms] [ERROR] Failed to load resource: net::ERR_CONNECTION_CLOSED @ https://via.placeholder.com/300x200?text=No+Image:0
[   61974ms] [ERROR] Failed to load resource: net::ERR_CONNECTION_CLOSED @ https://via.placeholder.com/300x200?text=No+Image:0
[   62069ms] [ERROR] Failed to load resource: net::ERR_CONNECTION_CLOSED @ https://via.placeholder.com/300x200?text=No+Image:0
[   62162ms] [ERROR] Failed to load resource: net::ERR_CONNECTION_CLOSED @ https://via.placeholder.com/300x200?text=No+Image:0
[   62255ms] [ERROR] Failed to load resource: net::ERR_CONNECTION_CLOSED @ https://via.placeholder.com/300x200?text=No+Image:0
[   62356ms] [ERROR] Failed to load resource: net::ERR_CONNECTION_CLOSED @ https://via.placeholder.com/300x200?text=No+Image:0
[   62448ms] [ERROR] Failed to load resource: net::ERR_CONNECTION_CLOSED @ https://via.placeholder.com/300x200?text=No+Image:0
[   62545ms] [ERROR] Failed to load resource: net::ERR_CONNECTION_CLOSED @ https://via.placeholder.com/300x200?text=No+Image:0
[   62638ms] [ERROR] Failed to load resource: net::ERR_CONNECTION_CLOSED @ https://via.placeholder.com/300x200?text=No+Image:0
[   62734ms] [ERROR] Failed to load resource: net::ERR_CONNECTION_CLOSED @ https://via.placeholder.com/300x200?text=No+Image:0
[   62836ms] [ERROR] Failed to load resource: net::ERR_CONNECTION_CLOSED @ https://via.placeholder.com/300x200?text=No+Image:0
[   62932ms] [ERROR] Failed to load resource: net::ERR_CONNECTION_CLOSED @ https://via.placeholder.com/300x200?text=No+Image:0
[   63026ms] [ERROR] Failed to load resource: net::ERR_CONNECTION_CLOSED @ https://via.placeholder.com/300x200?text=No+Image:0
[   63118ms] [ERROR] Failed to load resource: net::ERR_CONNECTION_CLOSED @ https://via.placeholder.com/300x200?text=No+Image:0
[   63216ms] [ERROR] Failed to load resource: net::ERR_CONNECTION_CLOSED @ https://via.placeholder.com/300x200?text=No+Image:0
[   63317ms] [ERROR] Failed to load resource: net::ERR_CONNECTION_CLOSED @ https://via.placeholder.com/300x200?text=No+Image:0
[   63407ms] [ERROR] Failed to load resource: net::ERR_CONNECTION_CLOSED @ https://via.placeholder.com/300x200?text=No+Image:0
[   63504ms] [ERROR] Failed to load resource: net::ERR_CONNECTION_CLOSED @ https://via.placeholder.com/300x200?text=No+Image:0
[   63596ms] [ERROR] Failed to load resource: net::ERR_CONNECTION_CLOSED @ https://via.placeholder.com/300x200?text=No+Image:0
[   63690ms] [ERROR] Failed to load resource: net::ERR_CONNECTION_CLOSED @ https://via.placeholder.com/300x200?text=No+Image:0
[   63793ms] [ERROR] Failed to load resource: net::ERR_CONNECTION_CLOSED @ https://via.placeholder.com/300x200?text=No+Image:0
[   63884ms] [ERROR] Failed to load resource: net::ERR_CONNECTION_CLOSED @ https://via.placeholder.com/300x200?text=No+Image:0
[   63977ms] [ERROR] Failed to load resource: net::ERR_CONNECTION_CLOSED @ https://via.placeholder.com/300x200?text=No+Image:0
[   64072ms] [ERROR] Failed to load resource: net::ERR_CONNECTION_CLOSED @ https://via.placeholder.com/300x200?text=No+Image:0
[   64164ms] [ERROR] Failed to load resource: net::ERR_CONNECTION_CLOSED @ https://via.placeholder.com/300x200?text=No+Image:0
[   64259ms] [ERROR] Failed to load resource: net::ERR_CONNECTION_CLOSED @ https://via.placeholder.com/300x200?text=No+Image:0
[   64355ms] [ERROR] Failed to load resource: net::ERR_CONNECTION_CLOSED @ https://via.placeholder.com/300x200?text=No+Image:0
[   64451ms] [ERROR] Failed to load resource: net::ERR_CONNECTION_CLOSED @ https://via.placeholder.com/300x200?text=No+Image:0
[   64559ms] [ERROR] Failed to load resource: net::ERR_CONNECTION_CLOSED @ https://via.placeholder.com/300x200?text=No+Image:0
[   64653ms] [ERROR] Failed to load resource: net::ERR_CONNECTION_CLOSED @ https://via.placeholder.com/300x200?text=No+Image:0
[   64749ms] [ERROR] Failed to load resource: net::ERR_CONNECTION_CLOSED @ https://via.placeholder.com/300x200?text=No+Image:0
[   64843ms] [ERROR] Failed to load resource: net::ERR_CONNECTION_CLOSED @ https://via.placeholder.com/300x200?text=No+Image:0
[   64937ms] [ERROR] Failed to load resource: net::ERR_CONNECTION_CLOSED @ https://via.placeholder.com/300x200?text=No+Image:0
[   65029ms] [ERROR] Failed to load resource: net::ERR_CONNECTION_CLOSED @ https://via.placeholder.com/300x200?text=No+Image:0
[   65124ms] [ERROR] Failed to load resource: net::ERR_CONNECTION_CLOSED @ https://via.placeholder.com/300x200?text=No+Image:0
[   65218ms] [ERROR] Failed to load resource: net::ERR_CONNECTION_CLOSED @ https://via.placeholder.com/300x200?text=No+Image:0
[   65311ms] [ERROR] Failed to load resource: net::ERR_CONNECTION_CLOSED @ https://via.placeholder.com/300x200?text=No+Image:0
[   65401ms] [ERROR] Failed to load resource: net::ERR_CONNECTION_CLOSED @ https://via.placeholder.com/300x200?text=No+Image:0
[   65491ms] [ERROR] Failed to load resource: net::ERR_CONNECTION_CLOSED @ https://via.placeholder.com/300x200?text=No+Image:0
[   65588ms] [ERROR] Failed to load resource: net::ERR_CONNECTION_CLOSED @ https://via.placeholder.com/300x200?text=No+Image:0
[   65689ms] [ERROR] Failed to load resource: net::ERR_CONNECTION_CLOSED @ https://via.placeholder.com/300x200?text=No+Image:0
[   65781ms] [ERROR] Failed to load resource: net::ERR_CONNECTION_CLOSED @ https://via.placeholder.com/300x200?text=No+Image:0
[   65873ms] [ERROR] Failed to load resource: net::ERR_CONNECTION_CLOSED @ https://via.placeholder.com/300x200?text=No+Image:0
[   65972ms] [ERROR] Failed to load resource: net::ERR_CONNECTION_CLOSED @ https://via.placeholder.com/300x200?text=No+Image:0
[   66071ms] [ERROR] Failed to load resource: net::ERR_CONNECTION_CLOSED @ https://via.placeholder.com/300x200?text=No+Image:0
[   66164ms] [ERROR] Failed to load resource: net::ERR_CONNECTION_CLOSED @ https://via.placeholder.com/300x200?text=No+Image:0
[   66258ms] [ERROR] Failed to load resource: net::ERR_CONNECTION_CLOSED @ https://via.placeholder.com/300x200?text=No+Image:0
[   66346ms] [ERROR] Failed to load resource: net::ERR_CONNECTION_CLOSED @ https://via.placeholder.com/300x200?text=No+Image:0
[   66444ms] [ERROR] Failed to load resource: net::ERR_CONNECTION_CLOSED @ https://via.placeholder.com/300x200?text=No+Image:0
[   66549ms] [ERROR] Failed to load resource: net::ERR_CONNECTION_CLOSED @ https://via.placeholder.com/300x200?text=No+Image:0
[   66648ms] [ERROR] Failed to load resource: net::ERR_CONNECTION_CLOSED @ https://via.placeholder.com/300x200?text=No+Image:0
[   66800ms] [ERROR] Failed to load resource: net::ERR_CONNECTION_CLOSED @ https://via.placeholder.com/300x200?text=No+Image:0
[   66900ms] [ERROR] Failed to load resource: net::ERR_CONNECTION_CLOSED @ https://via.placeholder.com/300x200?text=No+Image:0
[   66998ms] [ERROR] Failed to load resource: net::ERR_CONNECTION_CLOSED @ https://via.placeholder.com/300x200?text=No+Image:0
[   67097ms] [ERROR] Failed to load resource: net::ERR_CONNECTION_CLOSED @ https://via.placeholder.com/300x200?text=No+Image:0
[   67193ms] [ERROR] Failed to load resource: net::ERR_CONNECTION_CLOSED @ https://via.placeholder.com/300x200?text=No+Image:0
[   67296ms] [ERROR] Failed to load resource: net::ERR_CONNECTION_CLOSED @ https://via.placeholder.com/300x200?text=No+Image:0
[   67400ms] [ERROR] Failed to load resource: net::ERR_CONNECTION_CLOSED @ https://via.placeholder.com/300x200?text=No+Image:0
[   67509ms] [ERROR] Failed to load resource: net::ERR_CONNECTION_CLOSED @ https://via.placeholder.com/300x200?text=No+Image:0
[   67598ms] [ERROR] Failed to load resource: net::ERR_CONNECTION_CLOSED @ https://via.placeholder.com/300x200?text=No+Image:0
[   67692ms] [ERROR] Failed to load resource: net::ERR_CONNECTION_CLOSED @ https://via.placeholder.com/300x200?text=No+Image:0
[   67781ms] [ERROR] Failed to load resource: net::ERR_CONNECTION_CLOSED @ https://via.placeholder.com/300x200?text=No+Image:0
[   67876ms] [ERROR] Failed to load resource: net::ERR_CONNECTION_CLOSED @ https://via.placeholder.com/300x200?text=No+Image:0
[   67983ms] [ERROR] Failed to load resource: net::ERR_CONNECTION_CLOSED @ https://via.placeholder.com/300x200?text=No+Image:0
[   68094ms] [ERROR] Failed to load resource: net::ERR_CONNECTION_CLOSED @ https://via.placeholder.com/300x200?text=No+Image:0
[   68193ms] [ERROR] Failed to load resource: net::ERR_CONNECTION_CLOSED @ https://via.placeholder.com/300x200?text=No+Image:0
[   68291ms] [ERROR] Failed to load resource: net::ERR_CONNECTION_CLOSED @ https://via.placeholder.com/300x200?text=No+Image:0
[   68396ms] [ERROR] Failed to load resource: net::ERR_CONNECTION_CLOSED @ https://via.placeholder.com/300x200?text=No+Image:0
[   68538ms] [ERROR] Failed to load resource: net::ERR_CONNECTION_CLOSED @ https://via.placeholder.com/300x200?text=No+Image:0
[   68647ms] [ERROR] Failed to load resource: net::ERR_CONNECTION_CLOSED @ https://via.placeholder.com/300x200?text=No+Image:0
[   68741ms] [ERROR] Failed to load resource: net::ERR_CONNECTION_CLOSED @ https://via.placeholder.com/300x200?text=No+Image:0
[   68843ms] [ERROR] Failed to load resource: net::ERR_CONNECTION_CLOSED @ https://via.placeholder.com/300x200?text=No+Image:0
[   68940ms] [ERROR] Failed to load resource: net::ERR_CONNECTION_CLOSED @ https://via.placeholder.com/300x200?text=No+Image:0
[   69039ms] [ERROR] Failed to load resource: net::ERR_CONNECTION_CLOSED @ https://via.placeholder.com/300x200?text=No+Image:0
[   69141ms] [ERROR] Failed to load resource: net::ERR_CONNECTION_CLOSED @ https://via.placeholder.com/300x200?text=No+Image:0
[   69232ms] [ERROR] Failed to load resource: net::ERR_CONNECTION_CLOSED @ https://via.placeholder.com/300x200?text=No+Image:0
[   69333ms] [ERROR] Failed to load resource: net::ERR_CONNECTION_CLOSED @ https://via.placeholder.com/300x200?text=No+Image:0
[   69428ms] [ERROR] Failed to load resource: net::ERR_CONNECTION_CLOSED @ https://via.placeholder.com/300x200?text=No+Image:0
[   69519ms] [ERROR] Failed to load resource: net::ERR_CONNECTION_CLOSED @ https://via.placeholder.com/300x200?text=No+Image:0
[   69611ms] [ERROR] Failed to load resource: net::ERR_CONNECTION_CLOSED @ https://via.placeholder.com/300x200?text=No+Image:0
[   69704ms] [ERROR] Failed to load resource: net::ERR_CONNECTION_CLOSED @ https://via.placeholder.com/300x200?text=No+Image:0
[   69860ms] [ERROR] Failed to load resource: net::ERR_CONNECTION_CLOSED @ https://via.placeholder.com/300x200?text=No+Image:0
[   69956ms] [ERROR] Failed to load resource: net::ERR_CONNECTION_CLOSED @ https://via.placeholder.com/300x200?text=No+Image:0
[   70062ms] [ERROR] Failed to load resource: net::ERR_CONNECTION_CLOSED @ https://via.placeholder.com/300x200?text=No+Image:0
[   70207ms] [ERROR] Failed to load resource: net::ERR_CONNECTION_CLOSED @ https://via.placeholder.com/300x200?text=No+Image:0
[   70299ms] [ERROR] Failed to load resource: net::ERR_CONNECTION_CLOSED @ https://via.placeholder.com/300x200?text=No+Image:0
[   70393ms] [ERROR] Failed to load resource: net::ERR_CONNECTION_CLOSED @ https://via.placeholder.com/300x200?text=No+Image:0
[   70484ms] [ERROR] Failed to load resource: net::ERR_CONNECTION_CLOSED @ https://via.placeholder.com/300x200?text=No+Image:0
[   70582ms] [ERROR] Failed to load resource: net::ERR_CONNECTION_CLOSED @ https://via.placeholder.com/300x200?text=No+Image:0
[   70688ms] [ERROR] Failed to load resource: net::ERR_CONNECTION_CLOSED @ https://via.placeholder.com/300x200?text=No+Image:0
[   70784ms] [ERROR] Failed to load resource: net::ERR_CONNECTION_CLOSED @ https://via.placeholder.com/300x200?text=No+Image:0
[   70900ms] [ERROR] Failed to load resource: net::ERR_CONNECTION_CLOSED @ https://via.placeholder.com/300x200?text=No+Image:0
[   71008ms] [ERROR] Failed to load resource: net::ERR_CONNECTION_CLOSED @ https://via.placeholder.com/300x200?text=No+Image:0
[   71108ms] [ERROR] Failed to load resource: net::ERR_CONNECTION_CLOSED @ https://via.placeholder.com/300x200?text=No+Image:0
[   71224ms] [ERROR] Failed to load resource: net::ERR_CONNECTION_CLOSED @ https://via.placeholder.com/300x200?text=No+Image:0
[   71316ms] [ERROR] Failed to load resource: net::ERR_CONNECTION_CLOSED @ https://via.placeholder.com/300x200?text=No+Image:0
[   71411ms] [ERROR] Failed to load resource: net::ERR_CONNECTION_CLOSED @ https://via.placeholder.com/300x200?text=No+Image:0
[   71515ms] [ERROR] Failed to load resource: net::ERR_CONNECTION_CLOSED @ https://via.placeholder.com/300x200?text=No+Image:0
[   71613ms] [ERROR] Failed to load resource: net::ERR_CONNECTION_CLOSED @ https://via.placeholder.com/300x200?text=No+Image:0
[   71717ms] [ERROR] Failed to load resource: net::ERR_CONNECTION_CLOSED @ https://via.placeholder.com/300x200?text=No+Image:0
[   71811ms] [ERROR] Failed to load resource: net::ERR_CONNECTION_CLOSED @ https://via.placeholder.com/300x200?text=No+Image:0
[   71935ms] [ERROR] Failed to load resource: net::ERR_CONNECTION_CLOSED @ https://via.placeholder.com/300x200?text=No+Image:0
[   72026ms] [ERROR] Failed to load resource: net::ERR_CONNECTION_CLOSED @ https://via.placeholder.com/300x200?text=No+Image:0
[   72141ms] [ERROR] Failed to load resource: net::ERR_CONNECTION_CLOSED @ https://via.placeholder.com/300x200?text=No+Image:0
[   72241ms] [ERROR] Failed to load resource: net::ERR_CONNECTION_CLOSED @ https://via.placeholder.com/300x200?text=No+Image:0
[   72333ms] [ERROR] Failed to load resource: net::ERR_CONNECTION_CLOSED @ https://via.placeholder.com/300x200?text=No+Image:0
[   72429ms] [ERROR] Failed to load resource: net::ERR_CONNECTION_CLOSED @ https://via.placeholder.com/300x200?text=No+Image:0
[   72526ms] [ERROR] Failed to load resource: net::ERR_CONNECTION_CLOSED @ https://via.placeholder.com/300x200?text=No+Image:0
[   72624ms] [ERROR] Failed to load resource: net::ERR_CONNECTION_CLOSED @ https://via.placeholder.com/300x200?text=No+Image:0
[   72714ms] [ERROR] Failed to load resource: net::ERR_CONNECTION_CLOSED @ https://via.placeholder.com/300x200?text=No+Image:0
[   72806ms] [ERROR] Failed to load resource: net::ERR_CONNECTION_CLOSED @ https://via.placeholder.com/300x200?text=No+Image:0
[   72900ms] [ERROR] Failed to load resource: net::ERR_CONNECTION_CLOSED @ https://via.placeholder.com/300x200?text=No+Image:0
[   72992ms] [ERROR] Failed to load resource: net::ERR_CONNECTION_CLOSED @ https://via.placeholder.com/300x200?text=No+Image:0
[   73089ms] [ERROR] Failed to load resource: net::ERR_CONNECTION_CLOSED @ https://via.placeholder.com/300x200?text=No+Image:0
[   73179ms] [ERROR] Failed to load resource: net::ERR_CONNECTION_CLOSED @ https://via.placeholder.com/300x200?text=No+Image:0
[   73272ms] [ERROR] Failed to load resource: net::ERR_CONNECTION_CLOSED @ https://via.placeholder.com/300x200?text=No+Image:0
[   73363ms] [ERROR] Failed to load resource: net::ERR_CONNECTION_CLOSED @ https://via.placeholder.com/300x200?text=No+Image:0
[   73458ms] [ERROR] Failed to load resource: net::ERR_CONNECTION_CLOSED @ https://via.placeholder.com/300x200?text=No+Image:0
[   73559ms] [ERROR] Failed to load resource: net::ERR_CONNECTION_CLOSED @ https://via.placeholder.com/300x200?text=No+Image:0
[   73651ms] [ERROR] Failed to load resource: net::ERR_CONNECTION_CLOSED @ https://via.placeholder.com/300x200?text=No+Image:0
[   73744ms] [ERROR] Failed to load resource: net::ERR_CONNECTION_CLOSED @ https://via.placeholder.com/300x200?text=No+Image:0
[   73836ms] [ERROR] Failed to load resource: net::ERR_CONNECTION_CLOSED @ https://via.placeholder.com/300x200?text=No+Image:0
[   73931ms] [ERROR] Failed to load resource: net::ERR_CONNECTION_CLOSED @ https://via.placeholder.com/300x200?text=No+Image:0
[   74028ms] [ERROR] Failed to load resource: net::ERR_CONNECTION_CLOSED @ https://via.placeholder.com/300x200?text=No+Image:0
[   74126ms] [ERROR] Failed to load resource: net::ERR_CONNECTION_CLOSED @ https://via.placeholder.com/300x200?text=No+Image:0
[   74219ms] [ERROR] Failed to load resource: net::ERR_CONNECTION_CLOSED @ https://via.placeholder.com/300x200?text=No+Image:0
[   74312ms] [ERROR] Failed to load resource: net::ERR_CONNECTION_CLOSED @ https://via.placeholder.com/300x200?text=No+Image:0
[   75307ms] [ERROR] Failed to load resource: net::ERR_CONNECTION_CLOSED @ https://via.placeholder.com/300x200?text=No+Image:0
[   75405ms] [ERROR] Failed to load resource: net::ERR_CONNECTION_CLOSED @ https://via.placeholder.com/300x200?text=No+Image:0
[   75495ms] [ERROR] Failed to load resource: net::ERR_CONNECTION_CLOSED @ https://via.placeholder.com/300x200?text=No+Image:0
[   75592ms] [ERROR] Failed to load resource: net::ERR_CONNECTION_CLOSED @ https://via.placeholder.com/300x200?text=No+Image:0
[   75684ms] [ERROR] Failed to load resource: net::ERR_CONNECTION_CLOSED @ https://via.placeholder.com/300x200?text=No+Image:0
[   75775ms] [ERROR] Failed to load resource: net::ERR_CONNECTION_CLOSED @ https://via.placeholder.com/300x200?text=No+Image:0
[   75867ms] [ERROR] Failed to load resource: net::ERR_CONNECTION_CLOSED @ https://via.placeholder.com/300x200?text=No+Image:0
[   75960ms] [ERROR] Failed to load resource: net::ERR_CONNECTION_CLOSED @ https://via.placeholder.com/300x200?text=No+Image:0
[   76051ms] [ERROR] Failed to load resource: net::ERR_CONNECTION_CLOSED @ https://via.placeholder.com/300x200?text=No+Image:0
[   76148ms] [ERROR] Failed to load resource: net::ERR_CONNECTION_CLOSED @ https://via.placeholder.com/300x200?text=No+Image:0
[   76244ms] [ERROR] Failed to load resource: net::ERR_CONNECTION_CLOSED @ https://via.placeholder.com/300x200?text=No+Image:0
[   76340ms] [ERROR] Failed to load resource: net::ERR_CONNECTION_CLOSED @ https://via.placeholder.com/300x200?text=No+Image:0
[   76433ms] [ERROR] Failed to load resource: net::ERR_CONNECTION_CLOSED @ https://via.placeholder.com/300x200?text=No+Image:0
[   76531ms] [ERROR] Failed to load resource: net::ERR_CONNECTION_CLOSED @ https://via.placeholder.com/300x200?text=No+Image:0
[   76626ms] [ERROR] Failed to load resource: net::ERR_CONNECTION_CLOSED @ https://via.placeholder.com/300x200?text=No+Image:0
[   76721ms] [ERROR] Failed to load resource: net::ERR_CONNECTION_CLOSED @ https://via.placeholder.com/300x200?text=No+Image:0
[   76822ms] [ERROR] Failed to load resource: net::ERR_CONNECTION_CLOSED @ https://via.placeholder.com/300x200?text=No+Image:0
[   76914ms] [ERROR] Failed to load resource: net::ERR_CONNECTION_CLOSED @ https://via.placeholder.com/300x200?text=No+Image:0
[   77019ms] [ERROR] Failed to load resource: net::ERR_CONNECTION_CLOSED @ https://via.placeholder.com/300x200?text=No+Image:0
[   77119ms] [ERROR] Failed to load resource: net::ERR_CONNECTION_CLOSED @ https://via.placeholder.com/300x200?text=No+Image:0
[   77210ms] [ERROR] Failed to load resource: net::ERR_CONNECTION_CLOSED @ https://via.placeholder.com/300x200?text=No+Image:0
[   77303ms] [ERROR] Failed to load resource: net::ERR_CONNECTION_CLOSED @ https://via.placeholder.com/300x200?text=No+Image:0
[   77397ms] [ERROR] Failed to load resource: net::ERR_CONNECTION_CLOSED @ https://via.placeholder.com/300x200?text=No+Image:0
[   77495ms] [ERROR] Failed to load resource: net::ERR_CONNECTION_CLOSED @ https://via.placeholder.com/300x200?text=No+Image:0
[   77593ms] [ERROR] Failed to load resource: net::ERR_CONNECTION_CLOSED @ https://via.placeholder.com/300x200?text=No+Image:0
[   77685ms] [ERROR] Failed to load resource: net::ERR_CONNECTION_CLOSED @ https://via.placeholder.com/300x200?text=No+Image:0
[   77779ms] [ERROR] Failed to load resource: net::ERR_CONNECTION_CLOSED @ https://via.placeholder.com/300x200?text=No+Image:0
[   77872ms] [ERROR] Failed to load resource: net::ERR_CONNECTION_CLOSED @ https://via.placeholder.com/300x200?text=No+Image:0
[   77964ms] [ERROR] Failed to load resource: net::ERR_CONNECTION_CLOSED @ https://via.placeholder.com/300x200?text=No+Image:0
[   78057ms] [ERROR] Failed to load resource: net::ERR_CONNECTION_CLOSED @ https://via.placeholder.com/300x200?text=No+Image:0
[   78150ms] [ERROR] Failed to load resource: net::ERR_CONNECTION_CLOSED @ https://via.placeholder.com/300x200?text=No+Image:0
[   78245ms] [ERROR] Failed to load resource: net::ERR_CONNECTION_CLOSED @ https://via.placeholder.com/300x200?text=No+Image:0
[   78337ms] [ERROR] Failed to load resource: net::ERR_CONNECTION_CLOSED @ https://via.placeholder.com/300x200?text=No+Image:0
[   78429ms] [ERROR] Failed to load resource: net::ERR_CONNECTION_CLOSED @ https://via.placeholder.com/300x200?text=No+Image:0
[   78524ms] [ERROR] Failed to load resource: net::ERR_CONNECTION_CLOSED @ https://via.placeholder.com/300x200?text=No+Image:0
[   78625ms] [ERROR] Failed to load resource: net::ERR_CONNECTION_CLOSED @ https://via.placeholder.com/300x200?text=No+Image:0
[   78718ms] [ERROR] Failed to load resource: net::ERR_CONNECTION_CLOSED @ https://via.placeholder.com/300x200?text=No+Image:0
[   78812ms] [ERROR] Failed to load resource: net::ERR_CONNECTION_CLOSED @ https://via.placeholder.com/300x200?text=No+Image:0
[   78903ms] [ERROR] Failed to load resource: net::ERR_CONNECTION_CLOSED @ https://via.placeholder.com/300x200?text=No+Image:0
[   78996ms] [ERROR] Failed to load resource: net::ERR_CONNECTION_CLOSED @ https://via.placeholder.com/300x200?text=No+Image:0
[   79093ms] [ERROR] Failed to load resource: net::ERR_CONNECTION_CLOSED @ https://via.placeholder.com/300x200?text=No+Image:0
[   79187ms] [ERROR] Failed to load resource: net::ERR_CONNECTION_CLOSED @ https://via.placeholder.com/300x200?text=No+Image:0
[   79273ms] [ERROR] Failed to load resource: net::ERR_CONNECTION_CLOSED @ https://via.placeholder.com/300x200?text=No+Image:0
[   79372ms] [ERROR] Failed to load resource: net::ERR_CONNECTION_CLOSED @ https://via.placeholder.com/300x200?text=No+Image:0
[   79463ms] [ERROR] Failed to load resource: net::ERR_CONNECTION_CLOSED @ https://via.placeholder.com/300x200?text=No+Image:0
[   79558ms] [ERROR] Failed to load resource: net::ERR_CONNECTION_CLOSED @ https://via.placeholder.com/300x200?text=No+Image:0
[   79650ms] [ERROR] Failed to load resource: net::ERR_CONNECTION_CLOSED @ https://via.placeholder.com/300x200?text=No+Image:0
[   79742ms] [ERROR] Failed to load resource: net::ERR_CONNECTION_CLOSED @ https://via.placeholder.com/300x200?text=No+Image:0
[   79838ms] [ERROR] Failed to load resource: net::ERR_CONNECTION_CLOSED @ https://via.placeholder.com/300x200?text=No+Image:0
[   79931ms] [ERROR] Failed to load resource: net::ERR_CONNECTION_CLOSED @ https://via.placeholder.com/300x200?text=No+Image:0
[   80030ms] [ERROR] Failed to load resource: net::ERR_CONNECTION_CLOSED @ https://via.placeholder.com/300x200?text=No+Image:0
[   80126ms] [ERROR] Failed to load resource: net::ERR_CONNECTION_CLOSED @ https://via.placeholder.com/300x200?text=No+Image:0
[   80219ms] [ERROR] Failed to load resource: net::ERR_CONNECTION_CLOSED @ https://via.placeholder.com/300x200?text=No+Image:0
[   80308ms] [ERROR] Failed to load resource: net::ERR_CONNECTION_CLOSED @ https://via.placeholder.com/300x200?text=No+Image:0
[   80408ms] [ERROR] Failed to load resource: net::ERR_CONNECTION_CLOSED @ https://via.placeholder.com/300x200?text=No+Image:0
[   80500ms] [ERROR] Failed to load resource: net::ERR_CONNECTION_CLOSED @ https://via.placeholder.com/300x200?text=No+Image:0
[   80593ms] [ERROR] Failed to load resource: net::ERR_CONNECTION_CLOSED @ https://via.placeholder.com/300x200?text=No+Image:0
[   80704ms] [ERROR] Failed to load resource: net::ERR_CONNECTION_CLOSED @ https://via.placeholder.com/300x200?text=No+Image:0
[   80798ms] [ERROR] Failed to load resource: net::ERR_CONNECTION_CLOSED @ https://via.placeholder.com/300x200?text=No+Image:0
[   80900ms] [ERROR] Failed to load resource: net::ERR_CONNECTION_CLOSED @ https://via.placeholder.com/300x200?text=No+Image:0
[   81003ms] [ERROR] Failed to load resource: net::ERR_CONNECTION_CLOSED @ https://via.placeholder.com/300x200?text=No+Image:0
[   81107ms] [ERROR] Failed to load resource: net::ERR_CONNECTION_CLOSED @ https://via.placeholder.com/300x200?text=No+Image:0
[   81204ms] [ERROR] Failed to load resource: net::ERR_CONNECTION_CLOSED @ https://via.placeholder.com/300x200?text=No+Image:0
[   81300ms] [ERROR] Failed to load resource: net::ERR_CONNECTION_CLOSED @ https://via.placeholder.com/300x200?text=No+Image:0
[   81397ms] [ERROR] Failed to load resource: net::ERR_CONNECTION_CLOSED @ https://via.placeholder.com/300x200?text=No+Image:0
[   81491ms] [ERROR] Failed to load resource: net::ERR_CONNECTION_CLOSED @ https://via.placeholder.com/300x200?text=No+Image:0
[   81591ms] [ERROR] Failed to load resource: net::ERR_CONNECTION_CLOSED @ https://via.placeholder.com/300x200?text=No+Image:0
[   81685ms] [ERROR] Failed to load resource: net::ERR_CONNECTION_CLOSED @ https://via.placeholder.com/300x200?text=No+Image:0
[   81778ms] [ERROR] Failed to load resource: net::ERR_CONNECTION_CLOSED @ https://via.placeholder.com/300x200?text=No+Image:0
[   81867ms] [ERROR] Failed to load resource: net::ERR_CONNECTION_CLOSED @ https://via.placeholder.com/300x200?text=No+Image:0
[   81958ms] [ERROR] Failed to load resource: net::ERR_CONNECTION_CLOSED @ https://via.placeholder.com/300x200?text=No+Image:0
[   82048ms] [ERROR] Failed to load resource: net::ERR_CONNECTION_CLOSED @ https://via.placeholder.com/300x200?text=No+Image:0
[   82146ms] [ERROR] Failed to load resource: net::ERR_CONNECTION_CLOSED @ https://via.placeholder.com/300x200?text=No+Image:0
[   82238ms] [ERROR] Failed to load resource: net::ERR_CONNECTION_CLOSED @ https://via.placeholder.com/300x200?text=No+Image:0
[   82329ms] [ERROR] Failed to load resource: net::ERR_CONNECTION_CLOSED @ https://via.placeholder.com/300x200?text=No+Image:0
[   82424ms] [ERROR] Failed to load resource: net::ERR_CONNECTION_CLOSED @ https://via.placeholder.com/300x200?text=No+Image:0
[   82515ms] [ERROR] Failed to load resource: net::ERR_CONNECTION_CLOSED @ https://via.placeholder.com/300x200?text=No+Image:0
[   82610ms] [ERROR] Failed to load resource: net::ERR_CONNECTION_CLOSED @ https://via.placeholder.com/300x200?text=No+Image:0
[   82698ms] [ERROR] Failed to load resource: net::ERR_CONNECTION_CLOSED @ https://via.placeholder.com/300x200?text=No+Image:0
[   82797ms] [ERROR] Failed to load resource: net::ERR_CONNECTION_CLOSED @ https://via.placeholder.com/300x200?text=No+Image:0
[   82888ms] [ERROR] Failed to load resource: net::ERR_CONNECTION_CLOSED @ https://via.placeholder.com/300x200?text=No+Image:0
[   82985ms] [ERROR] Failed to load resource: net::ERR_CONNECTION_CLOSED @ https://via.placeholder.com/300x200?text=No+Image:0
[   83079ms] [ERROR] Failed to load resource: net::ERR_CONNECTION_CLOSED @ https://via.placeholder.com/300x200?text=No+Image:0
[   83172ms] [ERROR] Failed to load resource: net::ERR_CONNECTION_CLOSED @ https://via.placeholder.com/300x200?text=No+Image:0
[   83264ms] [ERROR] Failed to load resource: net::ERR_CONNECTION_CLOSED @ https://via.placeholder.com/300x200?text=No+Image:0
[   83360ms] [ERROR] Failed to load resource: net::ERR_CONNECTION_CLOSED @ https://via.placeholder.com/300x200?text=No+Image:0
[   83455ms] [ERROR] Failed to load resource: net::ERR_CONNECTION_CLOSED @ https://via.placeholder.com/300x200?text=No+Image:0
[   83547ms] [ERROR] Failed to load resource: net::ERR_CONNECTION_CLOSED @ https://via.placeholder.com/300x200?text=No+Image:0
[   83644ms] [ERROR] Failed to load resource: net::ERR_CONNECTION_CLOSED @ https://via.placeholder.com/300x200?text=No+Image:0
[   83740ms] [ERROR] Failed to load resource: net::ERR_CONNECTION_CLOSED @ https://via.placeholder.com/300x200?text=No+Image:0
[   83836ms] [ERROR] Failed to load resource: net::ERR_CONNECTION_CLOSED @ https://via.placeholder.com/300x200?text=No+Image:0
[   83932ms] [ERROR] Failed to load resource: net::ERR_CONNECTION_CLOSED @ https://via.placeholder.com/300x200?text=No+Image:0
[   84021ms] [ERROR] Failed to load resource: net::ERR_CONNECTION_CLOSED @ https://via.placeholder.com/300x200?text=No+Image:0
[   84115ms] [ERROR] Failed to load resource: net::ERR_CONNECTION_CLOSED @ https://via.placeholder.com/300x200?text=No+Image:0
[   84207ms] [ERROR] Failed to load resource: net::ERR_CONNECTION_CLOSED @ https://via.placeholder.com/300x200?text=No+Image:0
[   84302ms] [ERROR] Failed to load resource: net::ERR_CONNECTION_CLOSED @ https://via.placeholder.com/300x200?text=No+Image:0
[   84419ms] [ERROR] Failed to load resource: net::ERR_CONNECTION_CLOSED @ https://via.placeholder.com/300x200?text=No+Image:0
[   84514ms] [ERROR] Failed to load resource: net::ERR_CONNECTION_CLOSED @ https://via.placeholder.com/300x200?text=No+Image:0
[   84610ms] [ERROR] Failed to load resource: net::ERR_CONNECTION_CLOSED @ https://via.placeholder.com/300x200?text=No+Image:0
[   84712ms] [ERROR] Failed to load resource: net::ERR_CONNECTION_CLOSED @ https://via.placeholder.com/300x200?text=No+Image:0
[   84807ms] [ERROR] Failed to load resource: net::ERR_CONNECTION_CLOSED @ https://via.placeholder.com/300x200?text=No+Image:0
[   84901ms] [ERROR] Failed to load resource: net::ERR_CONNECTION_CLOSED @ https://via.placeholder.com/300x200?text=No+Image:0
[   84993ms] [ERROR] Failed to load resource: net::ERR_CONNECTION_CLOSED @ https://via.placeholder.com/300x200?text=No+Image:0
[   85090ms] [ERROR] Failed to load resource: net::ERR_CONNECTION_CLOSED @ https://via.placeholder.com/300x200?text=No+Image:0
[   85184ms] [ERROR] Failed to load resource: net::ERR_CONNECTION_CLOSED @ https://via.placeholder.com/300x200?text=No+Image:0
[   85279ms] [ERROR] Failed to load resource: net::ERR_CONNECTION_CLOSED @ https://via.placeholder.com/300x200?text=No+Image:0
[   85373ms] [ERROR] Failed to load resource: net::ERR_CONNECTION_CLOSED @ https://via.placeholder.com/300x200?text=No+Image:0
[   85466ms] [ERROR] Failed to load resource: net::ERR_CONNECTION_CLOSED @ https://via.placeholder.com/300x200?text=No+Image:0
[   85564ms] [ERROR] Failed to load resource: net::ERR_CONNECTION_CLOSED @ https://via.placeholder.com/300x200?text=No+Image:0
[   85663ms] [ERROR] Failed to load resource: net::ERR_CONNECTION_CLOSED @ https://via.placeholder.com/300x200?text=No+Image:0
[   85753ms] [ERROR] Failed to load resource: net::ERR_CONNECTION_CLOSED @ https://via.placeholder.com/300x200?text=No+Image:0
[   85845ms] [ERROR] Failed to load resource: net::ERR_CONNECTION_CLOSED @ https://via.placeholder.com/300x200?text=No+Image:0
[   85941ms] [ERROR] Failed to load resource: net::ERR_CONNECTION_CLOSED @ https://via.placeholder.com/300x200?text=No+Image:0
[   86036ms] [ERROR] Failed to load resource: net::ERR_CONNECTION_CLOSED @ https://via.placeholder.com/300x200?text=No+Image:0
[   86135ms] [ERROR] Failed to load resource: net::ERR_CONNECTION_CLOSED @ https://via.placeholder.com/300x200?text=No+Image:0
[   86224ms] [ERROR] Failed to load resource: net::ERR_CONNECTION_CLOSED @ https://via.placeholder.com/300x200?text=No+Image:0
[   86317ms] [ERROR] Failed to load resource: net::ERR_CONNECTION_CLOSED @ https://via.placeholder.com/300x200?text=No+Image:0
[   86408ms] [ERROR] Failed to load resource: net::ERR_CONNECTION_CLOSED @ https://via.placeholder.com/300x200?text=No+Image:0
[   86501ms] [ERROR] Failed to load resource: net::ERR_CONNECTION_CLOSED @ https://via.placeholder.com/300x200?text=No+Image:0
[   86594ms] [ERROR] Failed to load resource: net::ERR_CONNECTION_CLOSED @ https://via.placeholder.com/300x200?text=No+Image:0
[   86683ms] [ERROR] Failed to load resource: net::ERR_CONNECTION_CLOSED @ https://via.placeholder.com/300x200?text=No+Image:0
[   86780ms] [ERROR] Failed to load resource: net::ERR_CONNECTION_CLOSED @ https://via.placeholder.com/300x200?text=No+Image:0
[   86870ms] [ERROR] Failed to load resource: net::ERR_CONNECTION_CLOSED @ https://via.placeholder.com/300x200?text=No+Image:0
[   86969ms] [ERROR] Failed to load resource: net::ERR_CONNECTION_CLOSED @ https://via.placeholder.com/300x200?text=No+Image:0
[   87319ms] [ERROR] Failed to load resource: net::ERR_CONNECTION_CLOSED @ https://via.placeholder.com/300x200?text=No+Image:0
[   87410ms] [ERROR] Failed to load resource: net::ERR_CONNECTION_CLOSED @ https://via.placeholder.com/300x200?text=No+Image:0
[   87515ms] [ERROR] Failed to load resource: net::ERR_CONNECTION_CLOSED @ https://via.placeholder.com/300x200?text=No+Image:0
[   87615ms] [ERROR] Failed to load resource: net::ERR_CONNECTION_CLOSED @ https://via.placeholder.com/300x200?text=No+Image:0
[   87710ms] [ERROR] Failed to load resource: net::ERR_CONNECTION_CLOSED @ https://via.placeholder.com/300x200?text=No+Image:0
[   87814ms] [ERROR] Failed to load resource: net::ERR_CONNECTION_CLOSED @ https://via.placeholder.com/300x200?text=No+Image:0
[   87906ms] [ERROR] Failed to load resource: net::ERR_CONNECTION_CLOSED @ https://via.placeholder.com/300x200?text=No+Image:0
[   88000ms] [ERROR] Failed to load resource: net::ERR_CONNECTION_CLOSED @ https://via.placeholder.com/300x200?text=No+Image:0
[   88066ms] [ERROR] Failed to load resource: net::ERR_CONNECTION_CLOSED @ https://via.placeholder.com/300x200?text=No+Image:0
[   88095ms] [ERROR] Failed to load resource: net::ERR_CONNECTION_CLOSED @ https://via.placeholder.com/300x200?text=No+Image:0
[   88160ms] [ERROR] Failed to load resource: net::ERR_CONNECTION_CLOSED @ https://via.placeholder.com/300x200?text=No+Image:0
[   88191ms] [ERROR] Failed to load resource: net::ERR_CONNECTION_CLOSED @ https://via.placeholder.com/300x200?text=No+Image:0
[   88254ms] [ERROR] Failed to load resource: net::ERR_CONNECTION_CLOSED @ https://via.placeholder.com/300x200?text=No+Image:0
[   88283ms] [ERROR] Failed to load resource: net::ERR_CONNECTION_CLOSED @ https://via.placeholder.com/300x200?text=No+Image:0
[   88343ms] [ERROR] Failed to load resource: net::ERR_CONNECTION_CLOSED @ https://via.placeholder.com/300x200?text=No+Image:0
[   88375ms] [ERROR] Failed to load resource: net::ERR_CONNECTION_CLOSED @ https://via.placeholder.com/300x200?text=No+Image:0
[   88436ms] [ERROR] Failed to load resource: net::ERR_CONNECTION_CLOSED @ https://via.placeholder.com/300x200?text=No+Image:0
[   88468ms] [ERROR] Failed to load resource: net::ERR_CONNECTION_CLOSED @ https://via.placeholder.com/300x200?text=No+Image:0
[   88530ms] [ERROR] Failed to load resource: net::ERR_CONNECTION_CLOSED @ https://via.placeholder.com/300x200?text=No+Image:0
[   88569ms] [ERROR] Failed to load resource: net::ERR_CONNECTION_CLOSED @ https://via.placeholder.com/300x200?text=No+Image:0
[   88630ms] [ERROR] Failed to load resource: net::ERR_CONNECTION_CLOSED @ https://via.placeholder.com/300x200?text=No+Image:0
[   88660ms] [ERROR] Failed to load resource: net::ERR_CONNECTION_CLOSED @ https://via.placeholder.com/300x200?text=No+Image:0
[   88719ms] [ERROR] Failed to load resource: net::ERR_CONNECTION_CLOSED @ https://via.placeholder.com/300x200?text=No+Image:0
[   88753ms] [ERROR] Failed to load resource: net::ERR_CONNECTION_CLOSED @ https://via.placeholder.com/300x200?text=No+Image:0
[   88811ms] [ERROR] Failed to load resource: net::ERR_CONNECTION_CLOSED @ https://via.placeholder.com/300x200?text=No+Image:0
[   88842ms] [ERROR] Failed to load resource: net::ERR_CONNECTION_CLOSED @ https://via.placeholder.com/300x200?text=No+Image:0
[   88909ms] [ERROR] Failed to load resource: net::ERR_CONNECTION_CLOSED @ https://via.placeholder.com/300x200?text=No+Image:0
[   88938ms] [ERROR] Failed to load resource: net::ERR_CONNECTION_CLOSED @ https://via.placeholder.com/300x200?text=No+Image:0
[   88998ms] [ERROR] Failed to load resource: net::ERR_CONNECTION_CLOSED @ https://via.placeholder.com/300x200?text=No+Image:0
[   89029ms] [ERROR] Failed to load resource: net::ERR_CONNECTION_CLOSED @ https://via.placeholder.com/300x200?text=No+Image:0
[   89091ms] [ERROR] Failed to load resource: net::ERR_CONNECTION_CLOSED @ https://via.placeholder.com/300x200?text=No+Image:0
[   89128ms] [ERROR] Failed to load resource: net::ERR_CONNECTION_CLOSED @ https://via.placeholder.com/300x200?text=No+Image:0
[   89183ms] [ERROR] Failed to load resource: net::ERR_CONNECTION_CLOSED @ https://via.placeholder.com/300x200?text=No+Image:0
[   89219ms] [ERROR] Failed to load resource: net::ERR_CONNECTION_CLOSED @ https://via.placeholder.com/300x200?text=No+Image:0
[   89272ms] [ERROR] Failed to load resource: net::ERR_CONNECTION_CLOSED @ https://via.placeholder.com/300x200?text=No+Image:0
[   89316ms] [ERROR] Failed to load resource: net::ERR_CONNECTION_CLOSED @ https://via.placeholder.com/300x200?text=No+Image:0
[   89366ms] [ERROR] Failed to load resource: net::ERR_CONNECTION_CLOSED @ https://via.placeholder.com/300x200?text=No+Image:0
[   89413ms] [ERROR] Failed to load resource: net::ERR_CONNECTION_CLOSED @ https://via.placeholder.com/300x200?text=No+Image:0
[   89464ms] [ERROR] Failed to load resource: net::ERR_CONNECTION_CLOSED @ https://via.placeholder.com/300x200?text=No+Image:0
[   89512ms] [ERROR] Failed to load resource: net::ERR_CONNECTION_CLOSED @ https://via.placeholder.com/300x200?text=No+Image:0
[   89559ms] [ERROR] Failed to load resource: net::ERR_CONNECTION_CLOSED @ https://via.placeholder.com/300x200?text=No+Image:0
[   89612ms] [ERROR] Failed to load resource: net::ERR_CONNECTION_CLOSED @ https://via.placeholder.com/300x200?text=No+Image:0
[   89656ms] [ERROR] Failed to load resource: net::ERR_CONNECTION_CLOSED @ https://via.placeholder.com/300x200?text=No+Image:0
[   89702ms] [ERROR] Failed to load resource: net::ERR_CONNECTION_CLOSED @ https://via.placeholder.com/300x200?text=No+Image:0
[   89742ms] [ERROR] Failed to load resource: net::ERR_CONNECTION_CLOSED @ https://via.placeholder.com/300x200?text=No+Image:0
[   89797ms] [ERROR] Failed to load resource: net::ERR_CONNECTION_CLOSED @ https://via.placeholder.com/300x200?text=No+Image:0
[   89834ms] [ERROR] Failed to load resource: net::ERR_CONNECTION_CLOSED @ https://via.placeholder.com/300x200?text=No+Image:0
[   89888ms] [ERROR] Failed to load resource: net::ERR_CONNECTION_CLOSED @ https://via.placeholder.com/300x200?text=No+Image:0
[   89926ms] [ERROR] Failed to load resource: net::ERR_CONNECTION_CLOSED @ https://via.placeholder.com/300x200?text=No+Image:0
[   89978ms] [ERROR] Failed to load resource: net::ERR_CONNECTION_CLOSED @ https://via.placeholder.com/300x200?text=No+Image:0
[   90016ms] [ERROR] Failed to load resource: net::ERR_CONNECTION_CLOSED @ https://via.placeholder.com/300x200?text=No+Image:0
[   90076ms] [ERROR] Failed to load resource: net::ERR_CONNECTION_CLOSED @ https://via.placeholder.com/300x200?text=No+Image:0
[   90116ms] [ERROR] Failed to load resource: net::ERR_CONNECTION_CLOSED @ https://via.placeholder.com/300x200?text=No+Image:0
[   90168ms] [ERROR] Failed to load resource: net::ERR_CONNECTION_CLOSED @ https://via.placeholder.com/300x200?text=No+Image:0
[   90211ms] [ERROR] Failed to load resource: net::ERR_CONNECTION_CLOSED @ https://via.placeholder.com/300x200?text=No+Image:0
[   90259ms] [ERROR] Failed to load resource: net::ERR_CONNECTION_CLOSED @ https://via.placeholder.com/300x200?text=No+Image:0
[   90307ms] [ERROR] Failed to load resource: net::ERR_CONNECTION_CLOSED @ https://via.placeholder.com/300x200?text=No+Image:0
[   90351ms] [ERROR] Failed to load resource: net::ERR_CONNECTION_CLOSED @ https://via.placeholder.com/300x200?text=No+Image:0
[   90411ms] [ERROR] Failed to load resource: net::ERR_CONNECTION_CLOSED @ https://via.placeholder.com/300x200?text=No+Image:0
[   90451ms] [ERROR] Failed to load resource: net::ERR_CONNECTION_CLOSED @ https://via.placeholder.com/300x200?text=No+Image:0
[   90503ms] [ERROR] Failed to load resource: net::ERR_CONNECTION_CLOSED @ https://via.placeholder.com/300x200?text=No+Image:0
[   90542ms] [ERROR] Failed to load resource: net::ERR_CONNECTION_CLOSED @ https://via.placeholder.com/300x200?text=No+Image:0
[   90596ms] [ERROR] Failed to load resource: net::ERR_CONNECTION_CLOSED @ https://via.placeholder.com/300x200?text=No+Image:0
[   90639ms] [ERROR] Failed to load resource: net::ERR_CONNECTION_CLOSED @ https://via.placeholder.com/300x200?text=No+Image:0
[   90692ms] [ERROR] Failed to load resource: net::ERR_CONNECTION_CLOSED @ https://via.placeholder.com/300x200?text=No+Image:0
[   90737ms] [ERROR] Failed to load resource: net::ERR_CONNECTION_CLOSED @ https://via.placeholder.com/300x200?text=No+Image:0
[   90786ms] [ERROR] Failed to load resource: net::ERR_CONNECTION_CLOSED @ https://via.placeholder.com/300x200?text=No+Image:0
[   90830ms] [ERROR] Failed to load resource: net::ERR_CONNECTION_CLOSED @ https://via.placeholder.com/300x200?text=No+Image:0
[   90878ms] [ERROR] Failed to load resource: net::ERR_CONNECTION_CLOSED @ https://via.placeholder.com/300x200?text=No+Image:0
[   90925ms] [ERROR] Failed to load resource: net::ERR_CONNECTION_CLOSED @ https://via.placeholder.com/300x200?text=No+Image:0
[   90970ms] [ERROR] Failed to load resource: net::ERR_CONNECTION_CLOSED @ https://via.placeholder.com/300x200?text=No+Image:0
[   91018ms] [ERROR] Failed to load resource: net::ERR_CONNECTION_CLOSED @ https://via.placeholder.com/300x200?text=No+Image:0
[   91064ms] [ERROR] Failed to load resource: net::ERR_CONNECTION_CLOSED @ https://via.placeholder.com/300x200?text=No+Image:0
[   91119ms] [ERROR] Failed to load resource: net::ERR_CONNECTION_CLOSED @ https://via.placeholder.com/300x200?text=No+Image:0
[   91156ms] [ERROR] Failed to load resource: net::ERR_CONNECTION_CLOSED @ https://via.placeholder.com/300x200?text=No+Image:0
[   91209ms] [ERROR] Failed to load resource: net::ERR_CONNECTION_CLOSED @ https://via.placeholder.com/300x200?text=No+Image:0
[   91249ms] [ERROR] Failed to load resource: net::ERR_CONNECTION_CLOSED @ https://via.placeholder.com/300x200?text=No+Image:0
[   91302ms] [ERROR] Failed to load resource: net::ERR_CONNECTION_CLOSED @ https://via.placeholder.com/300x200?text=No+Image:0
[   91344ms] [ERROR] Failed to load resource: net::ERR_CONNECTION_CLOSED @ https://via.placeholder.com/300x200?text=No+Image:0
[   91396ms] [ERROR] Failed to load resource: net::ERR_CONNECTION_CLOSED @ https://via.placeholder.com/300x200?text=No+Image:0
[   91442ms] [ERROR] Failed to load resource: net::ERR_CONNECTION_CLOSED @ https://via.placeholder.com/300x200?text=No+Image:0
[   91504ms] [ERROR] Failed to load resource: net::ERR_CONNECTION_CLOSED @ https://via.placeholder.com/300x200?text=No+Image:0
[   91553ms] [ERROR] Failed to load resource: net::ERR_CONNECTION_CLOSED @ https://via.placeholder.com/300x200?text=No+Image:0
[   91599ms] [ERROR] Failed to load resource: net::ERR_CONNECTION_CLOSED @ https://via.placeholder.com/300x200?text=No+Image:0
[   91669ms] [ERROR] Failed to load resource: net::ERR_CONNECTION_CLOSED @ https://via.placeholder.com/300x200?text=No+Image:0
[   91711ms] [ERROR] Failed to load resource: net::ERR_CONNECTION_CLOSED @ https://via.placeholder.com/300x200?text=No+Image:0
[   91770ms] [ERROR] Failed to load resource: net::ERR_CONNECTION_CLOSED @ https://via.placeholder.com/300x200?text=No+Image:0
[   91816ms] [ERROR] Failed to load resource: net::ERR_CONNECTION_CLOSED @ https://via.placeholder.com/300x200?text=No+Image:0
[   91860ms] [ERROR] Failed to load resource: net::ERR_CONNECTION_CLOSED @ https://via.placeholder.com/300x200?text=No+Image:0
[   91909ms] [ERROR] Failed to load resource: net::ERR_CONNECTION_CLOSED @ https://via.placeholder.com/300x200?text=No+Image:0
[   91953ms] [ERROR] Failed to load resource: net::ERR_CONNECTION_CLOSED @ https://via.placeholder.com/300x200?text=No+Image:0
[   92007ms] [ERROR] Failed to load resource: net::ERR_CONNECTION_CLOSED @ https://via.placeholder.com/300x200?text=No+Image:0
[   92051ms] [ERROR] Failed to load resource: net::ERR_CONNECTION_CLOSED @ https://via.placeholder.com/300x200?text=No+Image:0
[   92103ms] [ERROR] Failed to load resource: net::ERR_CONNECTION_CLOSED @ https://via.placeholder.com/300x200?text=No+Image:0
[   92151ms] [ERROR] Failed to load resource: net::ERR_CONNECTION_CLOSED @ https://via.placeholder.com/300x200?text=No+Image:0
[   92194ms] [ERROR] Failed to load resource: net::ERR_CONNECTION_CLOSED @ https://via.placeholder.com/300x200?text=No+Image:0
[   92242ms] [ERROR] Failed to load resource: net::ERR_CONNECTION_CLOSED @ https://via.placeholder.com/300x200?text=No+Image:0
[   92288ms] [ERROR] Failed to load resource: net::ERR_CONNECTION_CLOSED @ https://via.placeholder.com/300x200?text=No+Image:0
[   92339ms] [ERROR] Failed to load resource: net::ERR_CONNECTION_CLOSED @ https://via.placeholder.com/300x200?text=No+Image:0
[   92384ms] [ERROR] Failed to load resource: net::ERR_CONNECTION_CLOSED @ https://via.placeholder.com/300x200?text=No+Image:0
[   92431ms] [ERROR] Failed to load resource: net::ERR_CONNECTION_CLOSED @ https://via.placeholder.com/300x200?text=No+Image:0
[   92476ms] [ERROR] Failed to load resource: net::ERR_CONNECTION_CLOSED @ https://via.placeholder.com/300x200?text=No+Image:0
[   92527ms] [ERROR] Failed to load resource: net::ERR_CONNECTION_CLOSED @ https://via.placeholder.com/300x200?text=No+Image:0
[   92574ms] [ERROR] Failed to load resource: net::ERR_CONNECTION_CLOSED @ https://via.placeholder.com/300x200?text=No+Image:0
[   92619ms] [ERROR] Failed to load resource: net::ERR_CONNECTION_CLOSED @ https://via.placeholder.com/300x200?text=No+Image:0
[   92678ms] [ERROR] Failed to load resource: net::ERR_CONNECTION_CLOSED @ https://via.placeholder.com/300x200?text=No+Image:0
[   92726ms] [ERROR] Failed to load resource: net::ERR_CONNECTION_CLOSED @ https://via.placeholder.com/300x200?text=No+Image:0
[   92780ms] [ERROR] Failed to load resource: net::ERR_CONNECTION_CLOSED @ https://via.placeholder.com/300x200?text=No+Image:0
[   92835ms] [ERROR] Failed to load resource: net::ERR_CONNECTION_CLOSED @ https://via.placeholder.com/300x200?text=No+Image:0
[   92885ms] [ERROR] Failed to load resource: net::ERR_CONNECTION_CLOSED @ https://via.placeholder.com/300x200?text=No+Image:0
[   92933ms] [ERROR] Failed to load resource: net::ERR_CONNECTION_CLOSED @ https://via.placeholder.com/300x200?text=No+Image:0
[   92975ms] [ERROR] Failed to load resource: net::ERR_CONNECTION_CLOSED @ https://via.placeholder.com/300x200?text=No+Image:0
[   93029ms] [ERROR] Failed to load resource: net::ERR_CONNECTION_CLOSED @ https://via.placeholder.com/300x200?text=No+Image:0
[   93075ms] [ERROR] Failed to load resource: net::ERR_CONNECTION_CLOSED @ https://via.placeholder.com/300x200?text=No+Image:0
[   93124ms] [ERROR] Failed to load resource: net::ERR_CONNECTION_CLOSED @ https://via.placeholder.com/300x200?text=No+Image:0
[   93169ms] [ERROR] Failed to load resource: net::ERR_CONNECTION_CLOSED @ https://via.placeholder.com/300x200?text=No+Image:0
[   93214ms] [ERROR] Failed to load resource: net::ERR_CONNECTION_CLOSED @ https://via.placeholder.com/300x200?text=No+Image:0
[   93260ms] [ERROR] Failed to load resource: net::ERR_CONNECTION_CLOSED @ https://via.placeholder.com/300x200?text=No+Image:0
[   93307ms] [ERROR] Failed to load resource: net::ERR_CONNECTION_CLOSED @ https://via.placeholder.com/300x200?text=No+Image:0
[   93355ms] [ERROR] Failed to load resource: net::ERR_CONNECTION_CLOSED @ https://via.placeholder.com/300x200?text=No+Image:0
[   93397ms] [ERROR] Failed to load resource: net::ERR_CONNECTION_CLOSED @ https://via.placeholder.com/300x200?text=No+Image:0
[   93447ms] [ERROR] Failed to load resource: net::ERR_CONNECTION_CLOSED @ https://via.placeholder.com/300x200?text=No+Image:0
[   93488ms] [ERROR] Failed to load resource: net::ERR_CONNECTION_CLOSED @ https://via.placeholder.com/300x200?text=No+Image:0
[   93543ms] [ERROR] Failed to load resource: net::ERR_CONNECTION_CLOSED @ https://via.placeholder.com/300x200?text=No+Image:0
[   93597ms] [ERROR] Failed to load resource: net::ERR_CONNECTION_CLOSED @ https://via.placeholder.com/300x200?text=No+Image:0
[   93643ms] [ERROR] Failed to load resource: net::ERR_CONNECTION_CLOSED @ https://via.placeholder.com/300x200?text=No+Image:0
[   93698ms] [ERROR] Failed to load resource: net::ERR_CONNECTION_CLOSED @ https://via.placeholder.com/300x200?text=No+Image:0
[   93744ms] [ERROR] Failed to load resource: net::ERR_CONNECTION_CLOSED @ https://via.placeholder.com/300x200?text=No+Image:0
[   93793ms] [ERROR] Failed to load resource: net::ERR_CONNECTION_CLOSED @ https://via.placeholder.com/300x200?text=No+Image:0
[   93833ms] [ERROR] Failed to load resource: net::ERR_CONNECTION_CLOSED @ https://via.placeholder.com/300x200?text=No+Image:0
[   93883ms] [ERROR] Failed to load resource: net::ERR_CONNECTION_CLOSED @ https://via.placeholder.com/300x200?text=No+Image:0
[   93927ms] [ERROR] Failed to load resource: net::ERR_CONNECTION_CLOSED @ https://via.placeholder.com/300x200?text=No+Image:0
[   93977ms] [ERROR] Failed to load resource: net::ERR_CONNECTION_CLOSED @ https://via.placeholder.com/300x200?text=No+Image:0
[   94019ms] [ERROR] Failed to load resource: net::ERR_CONNECTION_CLOSED @ https://via.placeholder.com/300x200?text=No+Image:0
[   94075ms] [ERROR] Failed to load resource: net::ERR_CONNECTION_CLOSED @ https://via.placeholder.com/300x200?text=No+Image:0
[   94119ms] [ERROR] Failed to load resource: net::ERR_CONNECTION_CLOSED @ https://via.placeholder.com/300x200?text=No+Image:0
[   94175ms] [ERROR] Failed to load resource: net::ERR_CONNECTION_CLOSED @ https://via.placeholder.com/300x200?text=No+Image:0
[   94211ms] [ERROR] Failed to load resource: net::ERR_CONNECTION_CLOSED @ https://via.placeholder.com/300x200?text=No+Image:0
[   94268ms] [ERROR] Failed to load resource: net::ERR_CONNECTION_CLOSED @ https://via.placeholder.com/300x200?text=No+Image:0
[   94305ms] [ERROR] Failed to load resource: net::ERR_CONNECTION_CLOSED @ https://via.placeholder.com/300x200?text=No+Image:0
[   94376ms] [ERROR] Failed to load resource: net::ERR_CONNECTION_CLOSED @ https://via.placeholder.com/300x200?text=No+Image:0
[   94406ms] [ERROR] Failed to load resource: net::ERR_CONNECTION_CLOSED @ https://via.placeholder.com/300x200?text=No+Image:0
[   94476ms] [ERROR] Failed to load resource: net::ERR_CONNECTION_CLOSED @ https://via.placeholder.com/300x200?text=No+Image:0
[   94501ms] [ERROR] Failed to load resource: net::ERR_CONNECTION_CLOSED @ https://via.placeholder.com/300x200?text=No+Image:0
[   94578ms] [ERROR] Failed to load resource: net::ERR_CONNECTION_CLOSED @ https://via.placeholder.com/300x200?text=No+Image:0
[   94602ms] [ERROR] Failed to load resource: net::ERR_CONNECTION_CLOSED @ https://via.placeholder.com/300x200?text=No+Image:0
[   94669ms] [ERROR] Failed to load resource: net::ERR_CONNECTION_CLOSED @ https://via.placeholder.com/300x200?text=No+Image:0
[   94693ms] [ERROR] Failed to load resource: net::ERR_CONNECTION_CLOSED @ https://via.placeholder.com/300x200?text=No+Image:0
[   94763ms] [ERROR] Failed to load resource: net::ERR_CONNECTION_CLOSED @ https://via.placeholder.com/300x200?text=No+Image:0
[   94785ms] [ERROR] Failed to load resource: net::ERR_CONNECTION_CLOSED @ https://via.placeholder.com/300x200?text=No+Image:0
[   94856ms] [ERROR] Failed to load resource: net::ERR_CONNECTION_CLOSED @ https://via.placeholder.com/300x200?text=No+Image:0
[   94876ms] [ERROR] Failed to load resource: net::ERR_CONNECTION_CLOSED @ https://via.placeholder.com/300x200?text=No+Image:0
[   94949ms] [ERROR] Failed to load resource: net::ERR_CONNECTION_CLOSED @ https://via.placeholder.com/300x200?text=No+Image:0
[   94969ms] [ERROR] Failed to load resource: net::ERR_CONNECTION_CLOSED @ https://via.placeholder.com/300x200?text=No+Image:0
[   95039ms] [ERROR] Failed to load resource: net::ERR_CONNECTION_CLOSED @ https://via.placeholder.com/300x200?text=No+Image:0
[   95061ms] [ERROR] Failed to load resource: net::ERR_CONNECTION_CLOSED @ https://via.placeholder.com/300x200?text=No+Image:0
[   95136ms] [ERROR] Failed to load resource: net::ERR_CONNECTION_CLOSED @ https://via.placeholder.com/300x200?text=No+Image:0
[   95154ms] [ERROR] Failed to load resource: net::ERR_CONNECTION_CLOSED @ https://via.placeholder.com/300x200?text=No+Image:0
[   95227ms] [ERROR] Failed to load resource: net::ERR_CONNECTION_CLOSED @ https://via.placeholder.com/300x200?text=No+Image:0
[   95246ms] [ERROR] Failed to load resource: net::ERR_CONNECTION_CLOSED @ https://via.placeholder.com/300x200?text=No+Image:0
[   95319ms] [ERROR] Failed to load resource: net::ERR_CONNECTION_CLOSED @ https://via.placeholder.com/300x200?text=No+Image:0
[   95334ms] [ERROR] Failed to load resource: net::ERR_CONNECTION_CLOSED @ https://via.placeholder.com/300x200?text=No+Image:0
[   95410ms] [ERROR] Failed to load resource: net::ERR_CONNECTION_CLOSED @ https://via.placeholder.com/300x200?text=No+Image:0
[   95434ms] [ERROR] Failed to load resource: net::ERR_CONNECTION_CLOSED @ https://via.placeholder.com/300x200?text=No+Image:0
[   95504ms] [ERROR] Failed to load resource: net::ERR_CONNECTION_CLOSED @ https://via.placeholder.com/300x200?text=No+Image:0
[   95529ms] [ERROR] Failed to load resource: net::ERR_CONNECTION_CLOSED @ https://via.placeholder.com/300x200?text=No+Image:0
[   95601ms] [ERROR] Failed to load resource: net::ERR_CONNECTION_CLOSED @ https://via.placeholder.com/300x200?text=No+Image:0
[   95624ms] [ERROR] Failed to load resource: net::ERR_CONNECTION_CLOSED @ https://via.placeholder.com/300x200?text=No+Image:0
[   95697ms] [ERROR] Failed to load resource: net::ERR_CONNECTION_CLOSED @ https://via.placeholder.com/300x200?text=No+Image:0
[   95721ms] [ERROR] Failed to load resource: net::ERR_CONNECTION_CLOSED @ https://via.placeholder.com/300x200?text=No+Image:0
[   95785ms] [ERROR] Failed to load resource: net::ERR_CONNECTION_CLOSED @ https://via.placeholder.com/300x200?text=No+Image:0
[   95817ms] [ERROR] Failed to load resource: net::ERR_CONNECTION_CLOSED @ https://via.placeholder.com/300x200?text=No+Image:0
[   95878ms] [ERROR] Failed to load resource: net::ERR_CONNECTION_CLOSED @ https://via.placeholder.com/300x200?text=No+Image:0
[   95915ms] [ERROR] Failed to load resource: net::ERR_CONNECTION_CLOSED @ https://via.placeholder.com/300x200?text=No+Image:0
[   95970ms] [ERROR] Failed to load resource: net::ERR_CONNECTION_CLOSED @ https://via.placeholder.com/300x200?text=No+Image:0
[   96010ms] [ERROR] Failed to load resource: net::ERR_CONNECTION_CLOSED @ https://via.placeholder.com/300x200?text=No+Image:0
[   96078ms] [ERROR] Failed to load resource: net::ERR_CONNECTION_CLOSED @ https://via.placeholder.com/300x200?text=No+Image:0
[   96108ms] [ERROR] Failed to load resource: net::ERR_CONNECTION_CLOSED @ https://via.placeholder.com/300x200?text=No+Image:0
[   96174ms] [ERROR] Failed to load resource: net::ERR_CONNECTION_CLOSED @ https://via.placeholder.com/300x200?text=No+Image:0
[   96207ms] [ERROR] Failed to load resource: net::ERR_CONNECTION_CLOSED @ https://via.placeholder.com/300x200?text=No+Image:0
[   96271ms] [ERROR] Failed to load resource: net::ERR_CONNECTION_CLOSED @ https://via.placeholder.com/300x200?text=No+Image:0
[   96311ms] [ERROR] Failed to load resource: net::ERR_CONNECTION_CLOSED @ https://via.placeholder.com/300x200?text=No+Image:0
[   96366ms] [ERROR] Failed to load resource: net::ERR_CONNECTION_CLOSED @ https://via.placeholder.com/300x200?text=No+Image:0
[   96417ms] [ERROR] Failed to load resource: net::ERR_CONNECTION_CLOSED @ https://via.placeholder.com/300x200?text=No+Image:0
[   96471ms] [ERROR] Failed to load resource: net::ERR_CONNECTION_CLOSED @ https://via.placeholder.com/300x200?text=No+Image:0
[   96524ms] [ERROR] Failed to load resource: net::ERR_CONNECTION_CLOSED @ https://via.placeholder.com/300x200?text=No+Image:0
[   96566ms] [ERROR] Failed to load resource: net::ERR_CONNECTION_CLOSED @ https://via.placeholder.com/300x200?text=No+Image:0
[   96627ms] [ERROR] Failed to load resource: net::ERR_CONNECTION_CLOSED @ https://via.placeholder.com/300x200?text=No+Image:0
[   96668ms] [ERROR] Failed to load resource: net::ERR_CONNECTION_CLOSED @ https://via.placeholder.com/300x200?text=No+Image:0
[   96728ms] [ERROR] Failed to load resource: net::ERR_CONNECTION_CLOSED @ https://via.placeholder.com/300x200?text=No+Image:0
[   96766ms] [ERROR] Failed to load resource: net::ERR_CONNECTION_CLOSED @ https://via.placeholder.com/300x200?text=No+Image:0
[   96822ms] [ERROR] Failed to load resource: net::ERR_CONNECTION_CLOSED @ https://via.placeholder.com/300x200?text=No+Image:0
[   96870ms] [ERROR] Failed to load resource: net::ERR_CONNECTION_CLOSED @ https://via.placeholder.com/300x200?text=No+Image:0
[   96916ms] [ERROR] Failed to load resource: net::ERR_CONNECTION_CLOSED @ https://via.placeholder.com/300x200?text=No+Image:0
[   96969ms] [ERROR] Failed to load resource: net::ERR_CONNECTION_CLOSED @ https://via.placeholder.com/300x200?text=No+Image:0
[   97020ms] [ERROR] Failed to load resource: net::ERR_CONNECTION_CLOSED @ https://via.placeholder.com/300x200?text=No+Image:0
[   97073ms] [ERROR] Failed to load resource: net::ERR_CONNECTION_CLOSED @ https://via.placeholder.com/300x200?text=No+Image:0
[   97126ms] [ERROR] Failed to load resource: net::ERR_CONNECTION_CLOSED @ https://via.placeholder.com/300x200?text=No+Image:0
[   97171ms] [ERROR] Failed to load resource: net::ERR_CONNECTION_CLOSED @ https://via.placeholder.com/300x200?text=No+Image:0
[   97218ms] [ERROR] Failed to load resource: net::ERR_CONNECTION_CLOSED @ https://via.placeholder.com/300x200?text=No+Image:0
[   97265ms] [ERROR] Failed to load resource: net::ERR_CONNECTION_CLOSED @ https://via.placeholder.com/300x200?text=No+Image:0
[   97311ms] [ERROR] Failed to load resource: net::ERR_CONNECTION_CLOSED @ https://via.placeholder.com/300x200?text=No+Image:0
[   97364ms] [ERROR] Failed to load resource: net::ERR_CONNECTION_CLOSED @ https://via.placeholder.com/300x200?text=No+Image:0
[   97419ms] [ERROR] Failed to load resource: net::ERR_CONNECTION_CLOSED @ https://via.placeholder.com/300x200?text=No+Image:0
[   97468ms] [ERROR] Failed to load resource: net::ERR_CONNECTION_CLOSED @ https://via.placeholder.com/300x200?text=No+Image:0
[   97514ms] [ERROR] Failed to load resource: net::ERR_CONNECTION_CLOSED @ https://via.placeholder.com/300x200?text=No+Image:0
[   97566ms] [ERROR] Failed to load resource: net::ERR_CONNECTION_CLOSED @ https://via.placeholder.com/300x200?text=No+Image:0
[   97620ms] [ERROR] Failed to load resource: net::ERR_CONNECTION_CLOSED @ https://via.placeholder.com/300x200?text=No+Image:0
[   97671ms] [ERROR] Failed to load resource: net::ERR_CONNECTION_CLOSED @ https://via.placeholder.com/300x200?text=No+Image:0
[   97716ms] [ERROR] Failed to load resource: net::ERR_CONNECTION_CLOSED @ https://via.placeholder.com/300x200?text=No+Image:0
[   97769ms] [ERROR] Failed to load resource: net::ERR_CONNECTION_CLOSED @ https://via.placeholder.com/300x200?text=No+Image:0
[   97818ms] [ERROR] Failed to load resource: net::ERR_CONNECTION_CLOSED @ https://via.placeholder.com/300x200?text=No+Image:0
[   97865ms] [ERROR] Failed to load resource: net::ERR_CONNECTION_CLOSED @ https://via.placeholder.com/300x200?text=No+Image:0
[   97910ms] [ERROR] Failed to load resource: net::ERR_CONNECTION_CLOSED @ https://via.placeholder.com/300x200?text=No+Image:0
[   97959ms] [ERROR] Failed to load resource: net::ERR_CONNECTION_CLOSED @ https://via.placeholder.com/300x200?text=No+Image:0
[   98001ms] [ERROR] Failed to load resource: net::ERR_CONNECTION_CLOSED @ https://via.placeholder.com/300x200?text=No+Image:0
[   98053ms] [ERROR] Failed to load resource: net::ERR_CONNECTION_CLOSED @ https://via.placeholder.com/300x200?text=No+Image:0
[   98097ms] [ERROR] Failed to load resource: net::ERR_CONNECTION_CLOSED @ https://via.placeholder.com/300x200?text=No+Image:0
[   98155ms] [ERROR] Failed to load resource: net::ERR_CONNECTION_CLOSED @ https://via.placeholder.com/300x200?text=No+Image:0
[   98187ms] [ERROR] Failed to load resource: net::ERR_CONNECTION_CLOSED @ https://via.placeholder.com/300x200?text=No+Image:0
[   98249ms] [ERROR] Failed to load resource: net::ERR_CONNECTION_CLOSED @ https://via.placeholder.com/300x200?text=No+Image:0
[   98284ms] [ERROR] Failed to load resource: net::ERR_CONNECTION_CLOSED @ https://via.placeholder.com/300x200?text=No+Image:0
[   98341ms] [ERROR] Failed to load resource: net::ERR_CONNECTION_CLOSED @ https://via.placeholder.com/300x200?text=No+Image:0
[   98374ms] [ERROR] Failed to load resource: net::ERR_CONNECTION_CLOSED @ https://via.placeholder.com/300x200?text=No+Image:0
[   98436ms] [ERROR] Failed to load resource: net::ERR_CONNECTION_CLOSED @ https://via.placeholder.com/300x200?text=No+Image:0
[   98469ms] [ERROR] Failed to load resource: net::ERR_CONNECTION_CLOSED @ https://via.placeholder.com/300x200?text=No+Image:0
[   98532ms] [ERROR] Failed to load resource: net::ERR_CONNECTION_CLOSED @ https://via.placeholder.com/300x200?text=No+Image:0
[   98562ms] [ERROR] Failed to load resource: net::ERR_CONNECTION_CLOSED @ https://via.placeholder.com/300x200?text=No+Image:0
[   98628ms] [ERROR] Failed to load resource: net::ERR_CONNECTION_CLOSED @ https://via.placeholder.com/300x200?text=No+Image:0
[   98657ms] [ERROR] Failed to load resource: net::ERR_CONNECTION_CLOSED @ https://via.placeholder.com/300x200?text=No+Image:0
[   98719ms] [ERROR] Failed to load resource: net::ERR_CONNECTION_CLOSED @ https://via.placeholder.com/300x200?text=No+Image:0
[   98749ms] [ERROR] Failed to load resource: net::ERR_CONNECTION_CLOSED @ https://via.placeholder.com/300x200?text=No+Image:0
[   98814ms] [ERROR] Failed to load resource: net::ERR_CONNECTION_CLOSED @ https://via.placeholder.com/300x200?text=No+Image:0
[   98845ms] [ERROR] Failed to load resource: net::ERR_CONNECTION_CLOSED @ https://via.placeholder.com/300x200?text=No+Image:0
[   98913ms] [ERROR] Failed to load resource: net::ERR_CONNECTION_CLOSED @ https://via.placeholder.com/300x200?text=No+Image:0
[   98938ms] [ERROR] Failed to load resource: net::ERR_CONNECTION_CLOSED @ https://via.placeholder.com/300x200?text=No+Image:0
[   99006ms] [ERROR] Failed to load resource: net::ERR_CONNECTION_CLOSED @ https://via.placeholder.com/300x200?text=No+Image:0
[   99035ms] [ERROR] Failed to load resource: net::ERR_CONNECTION_CLOSED @ https://via.placeholder.com/300x200?text=No+Image:0
[   99104ms] [ERROR] Failed to load resource: net::ERR_CONNECTION_CLOSED @ https://via.placeholder.com/300x200?text=No+Image:0
[   99129ms] [ERROR] Failed to load resource: net::ERR_CONNECTION_CLOSED @ https://via.placeholder.com/300x200?text=No+Image:0
[   99198ms] [ERROR] Failed to load resource: net::ERR_CONNECTION_CLOSED @ https://via.placeholder.com/300x200?text=No+Image:0
[   99225ms] [ERROR] Failed to load resource: net::ERR_CONNECTION_CLOSED @ https://via.placeholder.com/300x200?text=No+Image:0
[   99294ms] [ERROR] Failed to load resource: net::ERR_CONNECTION_CLOSED @ https://via.placeholder.com/300x200?text=No+Image:0
[   99320ms] [ERROR] Failed to load resource: net::ERR_CONNECTION_CLOSED @ https://via.placeholder.com/300x200?text=No+Image:0
[   99388ms] [ERROR] Failed to load resource: net::ERR_CONNECTION_CLOSED @ https://via.placeholder.com/300x200?text=No+Image:0
[   99416ms] [ERROR] Failed to load resource: net::ERR_CONNECTION_CLOSED @ https://via.placeholder.com/300x200?text=No+Image:0
[   99481ms] [ERROR] Failed to load resource: net::ERR_CONNECTION_CLOSED @ https://via.placeholder.com/300x200?text=No+Image:0
[   99506ms] [ERROR] Failed to load resource: net::ERR_CONNECTION_CLOSED @ https://via.placeholder.com/300x200?text=No+Image:0
[   99571ms] [ERROR] Failed to load resource: net::ERR_CONNECTION_CLOSED @ https://via.placeholder.com/300x200?text=No+Image:0
[   99605ms] [ERROR] Failed to load resource: net::ERR_CONNECTION_CLOSED @ https://via.placeholder.com/300x200?text=No+Image:0
[   99670ms] [ERROR] Failed to load resource: net::ERR_CONNECTION_CLOSED @ https://via.placeholder.com/300x200?text=No+Image:0
[   99699ms] [ERROR] Failed to load resource: net::ERR_CONNECTION_CLOSED @ https://via.placeholder.com/300x200?text=No+Image:0
[   99770ms] [ERROR] Failed to load resource: net::ERR_CONNECTION_CLOSED @ https://via.placeholder.com/300x200?text=No+Image:0
[   99792ms] [ERROR] Failed to load resource: net::ERR_CONNECTION_CLOSED @ https://via.placeholder.com/300x200?text=No+Image:0
[   99861ms] [ERROR] Failed to load resource: net::ERR_CONNECTION_CLOSED @ https://via.placeholder.com/300x200?text=No+Image:0
[   99883ms] [ERROR] Failed to load resource: net::ERR_CONNECTION_CLOSED @ https://via.placeholder.com/300x200?text=No+Image:0
[   99953ms] [ERROR] Failed to load resource: net::ERR_CONNECTION_CLOSED @ https://via.placeholder.com/300x200?text=No+Image:0
[   99974ms] [ERROR] Failed to load resource: net::ERR_CONNECTION_CLOSED @ https://via.placeholder.com/300x200?text=No+Image:0
[  100046ms] [ERROR] Failed to load resource: net::ERR_CONNECTION_CLOSED @ https://via.placeholder.com/300x200?text=No+Image:0
[  100065ms] [ERROR] Failed to load resource: net::ERR_CONNECTION_CLOSED @ https://via.placeholder.com/300x200?text=No+Image:0
[  100136ms] [ERROR] Failed to load resource: net::ERR_CONNECTION_CLOSED @ https://via.placeholder.com/300x200?text=No+Image:0
[  100182ms] [ERROR] Failed to load resource: net::ERR_CONNECTION_CLOSED @ https://via.placeholder.com/300x200?text=No+Image:0
[  100236ms] [ERROR] Failed to load resource: net::ERR_CONNECTION_CLOSED @ https://via.placeholder.com/300x200?text=No+Image:0
[  100283ms] [ERROR] Failed to load resource: net::ERR_CONNECTION_CLOSED @ https://via.placeholder.com/300x200?text=No+Image:0
[  100331ms] [ERROR] Failed to load resource: net::ERR_CONNECTION_CLOSED @ https://via.placeholder.com/300x200?text=No+Image:0
[  100387ms] [ERROR] Failed to load resource: net::ERR_CONNECTION_CLOSED @ https://via.placeholder.com/300x200?text=No+Image:0
[  100427ms] [ERROR] Failed to load resource: net::ERR_CONNECTION_CLOSED @ https://via.placeholder.com/300x200?text=No+Image:0
[  100490ms] [ERROR] Failed to load resource: net::ERR_CONNECTION_CLOSED @ https://via.placeholder.com/300x200?text=No+Image:0
[  100518ms] [ERROR] Failed to load resource: net::ERR_CONNECTION_CLOSED @ https://via.placeholder.com/300x200?text=No+Image:0
[  100585ms] [ERROR] Failed to load resource: net::ERR_CONNECTION_CLOSED @ https://via.placeholder.com/300x200?text=No+Image:0
[  100614ms] [ERROR] Failed to load resource: net::ERR_CONNECTION_CLOSED @ https://via.placeholder.com/300x200?text=No+Image:0
[  100679ms] [ERROR] Failed to load resource: net::ERR_CONNECTION_CLOSED @ https://via.placeholder.com/300x200?text=No+Image:0
[  100709ms] [ERROR] Failed to load resource: net::ERR_CONNECTION_CLOSED @ https://via.placeholder.com/300x200?text=No+Image:0
[  100788ms] [ERROR] Failed to load resource: net::ERR_CONNECTION_CLOSED @ https://via.placeholder.com/300x200?text=No+Image:0
[  100799ms] [ERROR] Failed to load resource: net::ERR_CONNECTION_CLOSED @ https://via.placeholder.com/300x200?text=No+Image:0
[  100881ms] [ERROR] Failed to load resource: net::ERR_CONNECTION_CLOSED @ https://via.placeholder.com/300x200?text=No+Image:0
[  100895ms] [ERROR] Failed to load resource: net::ERR_CONNECTION_CLOSED @ https://via.placeholder.com/300x200?text=No+Image:0
[  100974ms] [ERROR] Failed to load resource: net::ERR_CONNECTION_CLOSED @ https://via.placeholder.com/300x200?text=No+Image:0
[  100987ms] [ERROR] Failed to load resource: net::ERR_CONNECTION_CLOSED @ https://via.placeholder.com/300x200?text=No+Image:0
[  101067ms] [ERROR] Failed to load resource: net::ERR_CONNECTION_CLOSED @ https://via.placeholder.com/300x200?text=No+Image:0
[  101089ms] [ERROR] Failed to load resource: net::ERR_CONNECTION_CLOSED @ https://via.placeholder.com/300x200?text=No+Image:0
[  101162ms] [ERROR] Failed to load resource: net::ERR_CONNECTION_CLOSED @ https://via.placeholder.com/300x200?text=No+Image:0
[  101185ms] [ERROR] Failed to load resource: net::ERR_CONNECTION_CLOSED @ https://via.placeholder.com/300x200?text=No+Image:0
[  101251ms] [ERROR] Failed to load resource: net::ERR_CONNECTION_CLOSED @ https://via.placeholder.com/300x200?text=No+Image:0
[  101278ms] [ERROR] Failed to load resource: net::ERR_CONNECTION_CLOSED @ https://via.placeholder.com/300x200?text=No+Image:0
[  101353ms] [ERROR] Failed to load resource: net::ERR_CONNECTION_CLOSED @ https://via.placeholder.com/300x200?text=No+Image:0
[  101376ms] [ERROR] Failed to load resource: net::ERR_CONNECTION_CLOSED @ https://via.placeholder.com/300x200?text=No+Image:0
[  101446ms] [ERROR] Failed to load resource: net::ERR_CONNECTION_CLOSED @ https://via.placeholder.com/300x200?text=No+Image:0
[  101479ms] [ERROR] Failed to load resource: net::ERR_CONNECTION_CLOSED @ https://via.placeholder.com/300x200?text=No+Image:0
[  101586ms] [ERROR] Failed to load resource: net::ERR_CONNECTION_CLOSED @ https://via.placeholder.com/300x200?text=No+Image:0
[  101603ms] [ERROR] Failed to load resource: net::ERR_CONNECTION_CLOSED @ https://via.placeholder.com/300x200?text=No+Image:0
[  101678ms] [ERROR] Failed to load resource: net::ERR_CONNECTION_CLOSED @ https://via.placeholder.com/300x200?text=No+Image:0
[  101702ms] [ERROR] Failed to load resource: net::ERR_CONNECTION_CLOSED @ https://via.placeholder.com/300x200?text=No+Image:0
[  101797ms] [ERROR] Failed to load resource: net::ERR_CONNECTION_CLOSED @ https://via.placeholder.com/300x200?text=No+Image:0
[  101830ms] [ERROR] Failed to load resource: net::ERR_CONNECTION_CLOSED @ https://via.placeholder.com/300x200?text=No+Image:0
[  101895ms] [ERROR] Failed to load resource: net::ERR_CONNECTION_CLOSED @ https://via.placeholder.com/300x200?text=No+Image:0
[  101919ms] [ERROR] Failed to load resource: net::ERR_CONNECTION_CLOSED @ https://via.placeholder.com/300x200?text=No+Image:0
[  101993ms] [ERROR] Failed to load resource: net::ERR_CONNECTION_CLOSED @ https://via.placeholder.com/300x200?text=No+Image:0
[  102024ms] [ERROR] Failed to load resource: net::ERR_CONNECTION_CLOSED @ https://via.placeholder.com/300x200?text=No+Image:0
[  102087ms] [ERROR] Failed to load resource: net::ERR_CONNECTION_CLOSED @ https://via.placeholder.com/300x200?text=No+Image:0
[  102126ms] [ERROR] Failed to load resource: net::ERR_CONNECTION_CLOSED @ https://via.placeholder.com/300x200?text=No+Image:0
[  102181ms] [ERROR] Failed to load resource: net::ERR_CONNECTION_CLOSED @ https://via.placeholder.com/300x200?text=No+Image:0
[  102224ms] [ERROR] Failed to load resource: net::ERR_CONNECTION_CLOSED @ https://via.placeholder.com/300x200?text=No+Image:0
[  102272ms] [ERROR] Failed to load resource: net::ERR_CONNECTION_CLOSED @ https://via.placeholder.com/300x200?text=No+Image:0
[  102318ms] [ERROR] Failed to load resource: net::ERR_CONNECTION_CLOSED @ https://via.placeholder.com/300x200?text=No+Image:0
[  102363ms] [ERROR] Failed to load resource: net::ERR_CONNECTION_CLOSED @ https://via.placeholder.com/300x200?text=No+Image:0
[  102410ms] [ERROR] Failed to load resource: net::ERR_CONNECTION_CLOSED @ https://via.placeholder.com/300x200?text=No+Image:0
[  102494ms] [ERROR] Failed to load resource: net::ERR_CONNECTION_CLOSED @ https://via.placeholder.com/300x200?text=No+Image:0
[  102541ms] [ERROR] Failed to load resource: net::ERR_CONNECTION_CLOSED @ https://via.placeholder.com/300x200?text=No+Image:0
[  102589ms] [ERROR] Failed to load resource: net::ERR_CONNECTION_CLOSED @ https://via.placeholder.com/300x200?text=No+Image:0
[  102637ms] [ERROR] Failed to load resource: net::ERR_CONNECTION_CLOSED @ https://via.placeholder.com/300x200?text=No+Image:0
[  102681ms] [ERROR] Failed to load resource: net::ERR_CONNECTION_CLOSED @ https://via.placeholder.com/300x200?text=No+Image:0
[  102792ms] [ERROR] Failed to load resource: net::ERR_CONNECTION_CLOSED @ https://via.placeholder.com/300x200?text=No+Image:0
[  102836ms] [ERROR] Failed to load resource: net::ERR_CONNECTION_CLOSED @ https://via.placeholder.com/300x200?text=No+Image:0
[  102889ms] [ERROR] Failed to load resource: net::ERR_CONNECTION_CLOSED @ https://via.placeholder.com/300x200?text=No+Image:0
[  102932ms] [ERROR] Failed to load resource: net::ERR_CONNECTION_CLOSED @ https://via.placeholder.com/300x200?text=No+Image:0
[  102983ms] [ERROR] Failed to load resource: net::ERR_CONNECTION_CLOSED @ https://via.placeholder.com/300x200?text=No+Image:0
[  103029ms] [ERROR] Failed to load resource: net::ERR_CONNECTION_CLOSED @ https://via.placeholder.com/300x200?text=No+Image:0
[  103079ms] [ERROR] Failed to load resource: net::ERR_CONNECTION_CLOSED @ https://via.placeholder.com/300x200?text=No+Image:0
[  103133ms] [ERROR] Failed to load resource: net::ERR_CONNECTION_CLOSED @ https://via.placeholder.com/300x200?text=No+Image:0
[  103178ms] [ERROR] Failed to load resource: net::ERR_CONNECTION_CLOSED @ https://via.placeholder.com/300x200?text=No+Image:0
[  103227ms] [ERROR] Failed to load resource: net::ERR_CONNECTION_CLOSED @ https://via.placeholder.com/300x200?text=No+Image:0
[  103269ms] [ERROR] Failed to load resource: net::ERR_CONNECTION_CLOSED @ https://via.placeholder.com/300x200?text=No+Image:0
[  103318ms] [ERROR] Failed to load resource: net::ERR_CONNECTION_CLOSED @ https://via.placeholder.com/300x200?text=No+Image:0
[  103359ms] [ERROR] Failed to load resource: net::ERR_CONNECTION_CLOSED @ https://via.placeholder.com/300x200?text=No+Image:0
[  103414ms] [ERROR] Failed to load resource: net::ERR_CONNECTION_CLOSED @ https://via.placeholder.com/300x200?text=No+Image:0
[  103455ms] [ERROR] Failed to load resource: net::ERR_CONNECTION_CLOSED @ https://via.placeholder.com/300x200?text=No+Image:0
[  103504ms] [ERROR] Failed to load resource: net::ERR_CONNECTION_CLOSED @ https://via.placeholder.com/300x200?text=No+Image:0
[  103545ms] [ERROR] Failed to load resource: net::ERR_CONNECTION_CLOSED @ https://via.placeholder.com/300x200?text=No+Image:0
[  103596ms] [ERROR] Failed to load resource: net::ERR_CONNECTION_CLOSED @ https://via.placeholder.com/300x200?text=No+Image:0
[  103642ms] [ERROR] Failed to load resource: net::ERR_CONNECTION_CLOSED @ https://via.placeholder.com/300x200?text=No+Image:0
[  103693ms] [ERROR] Failed to load resource: net::ERR_CONNECTION_CLOSED @ https://via.placeholder.com/300x200?text=No+Image:0
[  103736ms] [ERROR] Failed to load resource: net::ERR_CONNECTION_CLOSED @ https://via.placeholder.com/300x200?text=No+Image:0
[  103783ms] [ERROR] Failed to load resource: net::ERR_CONNECTION_CLOSED @ https://via.placeholder.com/300x200?text=No+Image:0
[  103828ms] [ERROR] Failed to load resource: net::ERR_CONNECTION_CLOSED @ https://via.placeholder.com/300x200?text=No+Image:0
[  103880ms] [ERROR] Failed to load resource: net::ERR_CONNECTION_CLOSED @ https://via.placeholder.com/300x200?text=No+Image:0
[  103921ms] [ERROR] Failed to load resource: net::ERR_CONNECTION_CLOSED @ https://via.placeholder.com/300x200?text=No+Image:0
[  103973ms] [ERROR] Failed to load resource: net::ERR_CONNECTION_CLOSED @ https://via.placeholder.com/300x200?text=No+Image:0
[  104019ms] [ERROR] Failed to load resource: net::ERR_CONNECTION_CLOSED @ https://via.placeholder.com/300x200?text=No+Image:0
[  104067ms] [ERROR] Failed to load resource: net::ERR_CONNECTION_CLOSED @ https://via.placeholder.com/300x200?text=No+Image:0
[  104140ms] [ERROR] Failed to load resource: net::ERR_CONNECTION_CLOSED @ https://via.placeholder.com/300x200?text=No+Image:0
[  104187ms] [ERROR] Failed to load resource: net::ERR_CONNECTION_CLOSED @ https://via.placeholder.com/300x200?text=No+Image:0
[  104235ms] [ERROR] Failed to load resource: net::ERR_CONNECTION_CLOSED @ https://via.placeholder.com/300x200?text=No+Image:0
[  104283ms] [ERROR] Failed to load resource: net::ERR_CONNECTION_CLOSED @ https://via.placeholder.com/300x200?text=No+Image:0
[  104329ms] [ERROR] Failed to load resource: net::ERR_CONNECTION_CLOSED @ https://via.placeholder.com/300x200?text=No+Image:0
[  104374ms] [ERROR] Failed to load resource: net::ERR_CONNECTION_CLOSED @ https://via.placeholder.com/300x200?text=No+Image:0
[  104422ms] [ERROR] Failed to load resource: net::ERR_CONNECTION_CLOSED @ https://via.placeholder.com/300x200?text=No+Image:0
[  104468ms] [ERROR] Failed to load resource: net::ERR_CONNECTION_CLOSED @ https://via.placeholder.com/300x200?text=No+Image:0
[  104514ms] [ERROR] Failed to load resource: net::ERR_CONNECTION_CLOSED @ https://via.placeholder.com/300x200?text=No+Image:0
[  104559ms] [ERROR] Failed to load resource: net::ERR_CONNECTION_CLOSED @ https://via.placeholder.com/300x200?text=No+Image:0
[  104615ms] [ERROR] Failed to load resource: net::ERR_CONNECTION_CLOSED @ https://via.placeholder.com/300x200?text=No+Image:0
[  104655ms] [ERROR] Failed to load resource: net::ERR_CONNECTION_CLOSED @ https://via.placeholder.com/300x200?text=No+Image:0
[  104714ms] [ERROR] Failed to load resource: net::ERR_CONNECTION_CLOSED @ https://via.placeholder.com/300x200?text=No+Image:0
[  104752ms] [ERROR] Failed to load resource: net::ERR_CONNECTION_CLOSED @ https://via.placeholder.com/300x200?text=No+Image:0
[  104814ms] [ERROR] Failed to load resource: net::ERR_CONNECTION_CLOSED @ https://via.placeholder.com/300x200?text=No+Image:0
[  104851ms] [ERROR] Failed to load resource: net::ERR_CONNECTION_CLOSED @ https://via.placeholder.com/300x200?text=No+Image:0
[  104908ms] [ERROR] Failed to load resource: net::ERR_CONNECTION_CLOSED @ https://via.placeholder.com/300x200?text=No+Image:0
[  104944ms] [ERROR] Failed to load resource: net::ERR_CONNECTION_CLOSED @ https://via.placeholder.com/300x200?text=No+Image:0
[  105005ms] [ERROR] Failed to load resource: net::ERR_CONNECTION_CLOSED @ https://via.placeholder.com/300x200?text=No+Image:0
[  105043ms] [ERROR] Failed to load resource: net::ERR_CONNECTION_CLOSED @ https://via.placeholder.com/300x200?text=No+Image:0
[  105102ms] [ERROR] Failed to load resource: net::ERR_CONNECTION_CLOSED @ https://via.placeholder.com/300x200?text=No+Image:0
[  105140ms] [ERROR] Failed to load resource: net::ERR_CONNECTION_CLOSED @ https://via.placeholder.com/300x200?text=No+Image:0
[  105197ms] [ERROR] Failed to load resource: net::ERR_CONNECTION_CLOSED @ https://via.placeholder.com/300x200?text=No+Image:0
[  105241ms] [ERROR] Failed to load resource: net::ERR_CONNECTION_CLOSED @ https://via.placeholder.com/300x200?text=No+Image:0
[  105292ms] [ERROR] Failed to load resource: net::ERR_CONNECTION_CLOSED @ https://via.placeholder.com/300x200?text=No+Image:0
[  105339ms] [ERROR] Failed to load resource: net::ERR_CONNECTION_CLOSED @ https://via.placeholder.com/300x200?text=No+Image:0
[  105391ms] [ERROR] Failed to load resource: net::ERR_CONNECTION_CLOSED @ https://via.placeholder.com/300x200?text=No+Image:0
[  105436ms] [ERROR] Failed to load resource: net::ERR_CONNECTION_CLOSED @ https://via.placeholder.com/300x200?text=No+Image:0
[  105486ms] [ERROR] Failed to load resource: net::ERR_CONNECTION_CLOSED @ https://via.placeholder.com/300x200?text=No+Image:0
[  105538ms] [ERROR] Failed to load resource: net::ERR_CONNECTION_CLOSED @ https://via.placeholder.com/300x200?text=No+Image:0
[  105584ms] [ERROR] Failed to load resource: net::ERR_CONNECTION_CLOSED @ https://via.placeholder.com/300x200?text=No+Image:0
[  105636ms] [ERROR] Failed to load resource: net::ERR_CONNECTION_CLOSED @ https://via.placeholder.com/300x200?text=No+Image:0
[  105680ms] [ERROR] Failed to load resource: net::ERR_CONNECTION_CLOSED @ https://via.placeholder.com/300x200?text=No+Image:0
[  105729ms] [ERROR] Failed to load resource: net::ERR_CONNECTION_CLOSED @ https://via.placeholder.com/300x200?text=No+Image:0
[  105773ms] [ERROR] Failed to load resource: net::ERR_CONNECTION_CLOSED @ https://via.placeholder.com/300x200?text=No+Image:0
[  105824ms] [ERROR] Failed to load resource: net::ERR_CONNECTION_CLOSED @ https://via.placeholder.com/300x200?text=No+Image:0
[  105869ms] [ERROR] Failed to load resource: net::ERR_CONNECTION_CLOSED @ https://via.placeholder.com/300x200?text=No+Image:0
[  105913ms] [ERROR] Failed to load resource: net::ERR_CONNECTION_CLOSED @ https://via.placeholder.com/300x200?text=No+Image:0
[  105966ms] [ERROR] Failed to load resource: net::ERR_CONNECTION_CLOSED @ https://via.placeholder.com/300x200?text=No+Image:0
[  106004ms] [ERROR] Failed to load resource: net::ERR_CONNECTION_CLOSED @ https://via.placeholder.com/300x200?text=No+Image:0
[  106064ms] [ERROR] Failed to load resource: net::ERR_CONNECTION_CLOSED @ https://via.placeholder.com/300x200?text=No+Image:0
[  106097ms] [ERROR] Failed to load resource: net::ERR_CONNECTION_CLOSED @ https://via.placeholder.com/300x200?text=No+Image:0
[  106162ms] [ERROR] Failed to load resource: net::ERR_CONNECTION_CLOSED @ https://via.placeholder.com/300x200?text=No+Image:0
[  106193ms] [ERROR] Failed to load resource: net::ERR_CONNECTION_CLOSED @ https://via.placeholder.com/300x200?text=No+Image:0
[  106251ms] [ERROR] Failed to load resource: net::ERR_CONNECTION_CLOSED @ https://via.placeholder.com/300x200?text=No+Image:0
[  106289ms] [ERROR] Failed to load resource: net::ERR_CONNECTION_CLOSED @ https://via.placeholder.com/300x200?text=No+Image:0
[  106344ms] [ERROR] Failed to load resource: net::ERR_CONNECTION_CLOSED @ https://via.placeholder.com/300x200?text=No+Image:0
[  106381ms] [ERROR] Failed to load resource: net::ERR_CONNECTION_CLOSED @ https://via.placeholder.com/300x200?text=No+Image:0
[  106438ms] [ERROR] Failed to load resource: net::ERR_CONNECTION_CLOSED @ https://via.placeholder.com/300x200?text=No+Image:0
[  106474ms] [ERROR] Failed to load resource: net::ERR_CONNECTION_CLOSED @ https://via.placeholder.com/300x200?text=No+Image:0
[  106524ms] [ERROR] Failed to load resource: net::ERR_CONNECTION_CLOSED @ https://via.placeholder.com/300x200?text=No+Image:0
[  106568ms] [ERROR] Failed to load resource: net::ERR_CONNECTION_CLOSED @ https://via.placeholder.com/300x200?text=No+Image:0
[  106626ms] [ERROR] Failed to load resource: net::ERR_CONNECTION_CLOSED @ https://via.placeholder.com/300x200?text=No+Image:0
[  106671ms] [ERROR] Failed to load resource: net::ERR_CONNECTION_CLOSED @ https://via.placeholder.com/300x200?text=No+Image:0
[  106718ms] [ERROR] Failed to load resource: net::ERR_CONNECTION_CLOSED @ https://via.placeholder.com/300x200?text=No+Image:0
[  106761ms] [ERROR] Failed to load resource: net::ERR_CONNECTION_CLOSED @ https://via.placeholder.com/300x200?text=No+Image:0
[  106812ms] [ERROR] Failed to load resource: net::ERR_CONNECTION_CLOSED @ https://via.placeholder.com/300x200?text=No+Image:0
[  106867ms] [ERROR] Failed to load resource: net::ERR_CONNECTION_CLOSED @ https://via.placeholder.com/300x200?text=No+Image:0
[  106914ms] [ERROR] Failed to load resource: net::ERR_CONNECTION_CLOSED @ https://via.placeholder.com/300x200?text=No+Image:0
[  106960ms] [ERROR] Failed to load resource: net::ERR_CONNECTION_CLOSED @ https://via.placeholder.com/300x200?text=No+Image:0
[  107014ms] [ERROR] Failed to load resource: net::ERR_CONNECTION_CLOSED @ https://via.placeholder.com/300x200?text=No+Image:0
[  107055ms] [ERROR] Failed to load resource: net::ERR_CONNECTION_CLOSED @ https://via.placeholder.com/300x200?text=No+Image:0
[  107116ms] [ERROR] Failed to load resource: net::ERR_CONNECTION_CLOSED @ https://via.placeholder.com/300x200?text=No+Image:0
[  107148ms] [ERROR] Failed to load resource: net::ERR_CONNECTION_CLOSED @ https://via.placeholder.com/300x200?text=No+Image:0
[  107211ms] [ERROR] Failed to load resource: net::ERR_CONNECTION_CLOSED @ https://via.placeholder.com/300x200?text=No+Image:0
[  107252ms] [ERROR] Failed to load resource: net::ERR_CONNECTION_CLOSED @ https://via.placeholder.com/300x200?text=No+Image:0
[  107309ms] [ERROR] Failed to load resource: net::ERR_CONNECTION_CLOSED @ https://via.placeholder.com/300x200?text=No+Image:0
[  107345ms] [ERROR] Failed to load resource: net::ERR_CONNECTION_CLOSED @ https://via.placeholder.com/300x200?text=No+Image:0
[  107402ms] [ERROR] Failed to load resource: net::ERR_CONNECTION_CLOSED @ https://via.placeholder.com/300x200?text=No+Image:0
[  107440ms] [ERROR] Failed to load resource: net::ERR_CONNECTION_CLOSED @ https://via.placeholder.com/300x200?text=No+Image:0
[  107495ms] [ERROR] Failed to load resource: net::ERR_CONNECTION_CLOSED @ https://via.placeholder.com/300x200?text=No+Image:0
[  107532ms] [ERROR] Failed to load resource: net::ERR_CONNECTION_CLOSED @ https://via.placeholder.com/300x200?text=No+Image:0
[  107587ms] [ERROR] Failed to load resource: net::ERR_CONNECTION_CLOSED @ https://via.placeholder.com/300x200?text=No+Image:0
[  107625ms] [ERROR] Failed to load resource: net::ERR_CONNECTION_CLOSED @ https://via.placeholder.com/300x200?text=No+Image:0
[  107686ms] [ERROR] Failed to load resource: net::ERR_CONNECTION_CLOSED @ https://via.placeholder.com/300x200?text=No+Image:0
[  107723ms] [ERROR] Failed to load resource: net::ERR_CONNECTION_CLOSED @ https://via.placeholder.com/300x200?text=No+Image:0
[  107782ms] [ERROR] Failed to load resource: net::ERR_CONNECTION_CLOSED @ https://via.placeholder.com/300x200?text=No+Image:0
[  107832ms] [ERROR] Failed to load resource: net::ERR_CONNECTION_CLOSED @ https://via.placeholder.com/300x200?text=No+Image:0
[  107878ms] [ERROR] Failed to load resource: net::ERR_CONNECTION_CLOSED @ https://via.placeholder.com/300x200?text=No+Image:0
[  107923ms] [ERROR] Failed to load resource: net::ERR_CONNECTION_CLOSED @ https://via.placeholder.com/300x200?text=No+Image:0
[  107973ms] [ERROR] Failed to load resource: net::ERR_CONNECTION_CLOSED @ https://via.placeholder.com/300x200?text=No+Image:0
[  108014ms] [ERROR] Failed to load resource: net::ERR_CONNECTION_CLOSED @ https://via.placeholder.com/300x200?text=No+Image:0
[  108066ms] [ERROR] Failed to load resource: net::ERR_CONNECTION_CLOSED @ https://via.placeholder.com/300x200?text=No+Image:0
[  108107ms] [ERROR] Failed to load resource: net::ERR_CONNECTION_CLOSED @ https://via.placeholder.com/300x200?text=No+Image:0
[  108164ms] [ERROR] Failed to load resource: net::ERR_CONNECTION_CLOSED @ https://via.placeholder.com/300x200?text=No+Image:0
[  108199ms] [ERROR] Failed to load resource: net::ERR_CONNECTION_CLOSED @ https://via.placeholder.com/300x200?text=No+Image:0
[  108263ms] [ERROR] Failed to load resource: net::ERR_CONNECTION_CLOSED @ https://via.placeholder.com/300x200?text=No+Image:0
[  108299ms] [ERROR] Failed to load resource: net::ERR_CONNECTION_CLOSED @ https://via.placeholder.com/300x200?text=No+Image:0
[  108366ms] [ERROR] Failed to load resource: net::ERR_CONNECTION_CLOSED @ https://via.placeholder.com/300x200?text=No+Image:0
[  108402ms] [ERROR] Failed to load resource: net::ERR_CONNECTION_CLOSED @ https://via.placeholder.com/300x200?text=No+Image:0
[  108460ms] [ERROR] Failed to load resource: net::ERR_CONNECTION_CLOSED @ https://via.placeholder.com/300x200?text=No+Image:0
[  108494ms] [ERROR] Failed to load resource: net::ERR_CONNECTION_CLOSED @ https://via.placeholder.com/300x200?text=No+Image:0
[  108549ms] [ERROR] Failed to load resource: net::ERR_CONNECTION_CLOSED @ https://via.placeholder.com/300x200?text=No+Image:0
[  108599ms] [ERROR] Failed to load resource: net::ERR_CONNECTION_CLOSED @ https://via.placeholder.com/300x200?text=No+Image:0
[  108645ms] [ERROR] Failed to load resource: net::ERR_CONNECTION_CLOSED @ https://via.placeholder.com/300x200?text=No+Image:0
[  108692ms] [ERROR] Failed to load resource: net::ERR_CONNECTION_CLOSED @ https://via.placeholder.com/300x200?text=No+Image:0
[  108740ms] [ERROR] Failed to load resource: net::ERR_CONNECTION_CLOSED @ https://via.placeholder.com/300x200?text=No+Image:0
[  108784ms] [ERROR] Failed to load resource: net::ERR_CONNECTION_CLOSED @ https://via.placeholder.com/300x200?text=No+Image:0
[  108834ms] [ERROR] Failed to load resource: net::ERR_CONNECTION_CLOSED @ https://via.placeholder.com/300x200?text=No+Image:0
[  108874ms] [ERROR] Failed to load resource: net::ERR_CONNECTION_CLOSED @ https://via.placeholder.com/300x200?text=No+Image:0
[  108927ms] [ERROR] Failed to load resource: net::ERR_CONNECTION_CLOSED @ https://via.placeholder.com/300x200?text=No+Image:0
[  108966ms] [ERROR] Failed to load resource: net::ERR_CONNECTION_CLOSED @ https://via.placeholder.com/300x200?text=No+Image:0
[  109029ms] [ERROR] Failed to load resource: net::ERR_CONNECTION_CLOSED @ https://via.placeholder.com/300x200?text=No+Image:0
[  109057ms] [ERROR] Failed to load resource: net::ERR_CONNECTION_CLOSED @ https://via.placeholder.com/300x200?text=No+Image:0
[  109124ms] [ERROR] Failed to load resource: net::ERR_CONNECTION_CLOSED @ https://via.placeholder.com/300x200?text=No+Image:0
[  109153ms] [ERROR] Failed to load resource: net::ERR_CONNECTION_CLOSED @ https://via.placeholder.com/300x200?text=No+Image:0
[  109215ms] [ERROR] Failed to load resource: net::ERR_CONNECTION_CLOSED @ https://via.placeholder.com/300x200?text=No+Image:0
[  109247ms] [ERROR] Failed to load resource: net::ERR_CONNECTION_CLOSED @ https://via.placeholder.com/300x200?text=No+Image:0
[  109312ms] [ERROR] Failed to load resource: net::ERR_CONNECTION_CLOSED @ https://via.placeholder.com/300x200?text=No+Image:0
[  109342ms] [ERROR] Failed to load resource: net::ERR_CONNECTION_CLOSED @ https://via.placeholder.com/300x200?text=No+Image:0
[  109405ms] [ERROR] Failed to load resource: net::ERR_CONNECTION_CLOSED @ https://via.placeholder.com/300x200?text=No+Image:0
[  109437ms] [ERROR] Failed to load resource: net::ERR_CONNECTION_CLOSED @ https://via.placeholder.com/300x200?text=No+Image:0
[  109496ms] [ERROR] Failed to load resource: net::ERR_CONNECTION_CLOSED @ https://via.placeholder.com/300x200?text=No+Image:0
[  109528ms] [ERROR] Failed to load resource: net::ERR_CONNECTION_CLOSED @ https://via.placeholder.com/300x200?text=No+Image:0
[  109590ms] [ERROR] Failed to load resource: net::ERR_CONNECTION_CLOSED @ https://via.placeholder.com/300x200?text=No+Image:0
[  109627ms] [ERROR] Failed to load resource: net::ERR_CONNECTION_CLOSED @ https://via.placeholder.com/300x200?text=No+Image:0
[  109692ms] [ERROR] Failed to load resource: net::ERR_CONNECTION_CLOSED @ https://via.placeholder.com/300x200?text=No+Image:0
[  109725ms] [ERROR] Failed to load resource: net::ERR_CONNECTION_CLOSED @ https://via.placeholder.com/300x200?text=No+Image:0
[  109787ms] [ERROR] Failed to load resource: net::ERR_CONNECTION_CLOSED @ https://via.placeholder.com/300x200?text=No+Image:0
[  109819ms] [ERROR] Failed to load resource: net::ERR_CONNECTION_CLOSED @ https://via.placeholder.com/300x200?text=No+Image:0
[  109881ms] [ERROR] Failed to load resource: net::ERR_CONNECTION_CLOSED @ https://via.placeholder.com/300x200?text=No+Image:0
[  109915ms] [ERROR] Failed to load resource: net::ERR_CONNECTION_CLOSED @ https://via.placeholder.com/300x200?text=No+Image:0
[  109972ms] [ERROR] Failed to load resource: net::ERR_CONNECTION_CLOSED @ https://via.placeholder.com/300x200?text=No+Image:0
[  110014ms] [ERROR] Failed to load resource: net::ERR_CONNECTION_CLOSED @ https://via.placeholder.com/300x200?text=No+Image:0
[  110066ms] [ERROR] Failed to load resource: net::ERR_CONNECTION_CLOSED @ https://via.placeholder.com/300x200?text=No+Image:0
[  110108ms] [ERROR] Failed to load resource: net::ERR_CONNECTION_CLOSED @ https://via.placeholder.com/300x200?text=No+Image:0
[  110166ms] [ERROR] Failed to load resource: net::ERR_CONNECTION_CLOSED @ https://via.placeholder.com/300x200?text=No+Image:0
[  110195ms] [ERROR] Failed to load resource: net::ERR_CONNECTION_CLOSED @ https://via.placeholder.com/300x200?text=No+Image:0
[  110259ms] [ERROR] Failed to load resource: net::ERR_CONNECTION_CLOSED @ https://via.placeholder.com/300x200?text=No+Image:0
[  110284ms] [ERROR] Failed to load resource: net::ERR_CONNECTION_CLOSED @ https://via.placeholder.com/300x200?text=No+Image:0
[  110352ms] [ERROR] Failed to load resource: net::ERR_CONNECTION_CLOSED @ https://via.placeholder.com/300x200?text=No+Image:0
[  110376ms] [ERROR] Failed to load resource: net::ERR_CONNECTION_CLOSED @ https://via.placeholder.com/300x200?text=No+Image:0
[  110447ms] [ERROR] Failed to load resource: net::ERR_CONNECTION_CLOSED @ https://via.placeholder.com/300x200?text=No+Image:0
[  110472ms] [ERROR] Failed to load resource: net::ERR_CONNECTION_CLOSED @ https://via.placeholder.com/300x200?text=No+Image:0
[  110543ms] [ERROR] Failed to load resource: net::ERR_CONNECTION_CLOSED @ https://via.placeholder.com/300x200?text=No+Image:0
[  110567ms] [ERROR] Failed to load resource: net::ERR_CONNECTION_CLOSED @ https://via.placeholder.com/300x200?text=No+Image:0
[  110648ms] [ERROR] Failed to load resource: net::ERR_CONNECTION_CLOSED @ https://via.placeholder.com/300x200?text=No+Image:0
[  110668ms] [ERROR] Failed to load resource: net::ERR_CONNECTION_CLOSED @ https://via.placeholder.com/300x200?text=No+Image:0
[  110741ms] [ERROR] Failed to load resource: net::ERR_CONNECTION_CLOSED @ https://via.placeholder.com/300x200?text=No+Image:0
[  110764ms] [ERROR] Failed to load resource: net::ERR_CONNECTION_CLOSED @ https://via.placeholder.com/300x200?text=No+Image:0
[  110836ms] [ERROR] Failed to load resource: net::ERR_CONNECTION_CLOSED @ https://via.placeholder.com/300x200?text=No+Image:0
[  110856ms] [ERROR] Failed to load resource: net::ERR_CONNECTION_CLOSED @ https://via.placeholder.com/300x200?text=No+Image:0
[  110933ms] [ERROR] Failed to load resource: net::ERR_CONNECTION_CLOSED @ https://via.placeholder.com/300x200?text=No+Image:0
[  110949ms] [ERROR] Failed to load resource: net::ERR_CONNECTION_CLOSED @ https://via.placeholder.com/300x200?text=No+Image:0
[  111037ms] [ERROR] Failed to load resource: net::ERR_CONNECTION_CLOSED @ https://via.placeholder.com/300x200?text=No+Image:0
[  111056ms] [ERROR] Failed to load resource: net::ERR_CONNECTION_CLOSED @ https://via.placeholder.com/300x200?text=No+Image:0
[  111136ms] [ERROR] Failed to load resource: net::ERR_CONNECTION_CLOSED @ https://via.placeholder.com/300x200?text=No+Image:0
[  111151ms] [ERROR] Failed to load resource: net::ERR_CONNECTION_CLOSED @ https://via.placeholder.com/300x200?text=No+Image:0
[  111233ms] [ERROR] Failed to load resource: net::ERR_CONNECTION_CLOSED @ https://via.placeholder.com/300x200?text=No+Image:0
[  111244ms] [ERROR] Failed to load resource: net::ERR_CONNECTION_CLOSED @ https://via.placeholder.com/300x200?text=No+Image:0
[  111329ms] [ERROR] Failed to load resource: net::ERR_CONNECTION_CLOSED @ https://via.placeholder.com/300x200?text=No+Image:0
[  111340ms] [ERROR] Failed to load resource: net::ERR_CONNECTION_CLOSED @ https://via.placeholder.com/300x200?text=No+Image:0
[  111424ms] [ERROR] Failed to load resource: net::ERR_CONNECTION_CLOSED @ https://via.placeholder.com/300x200?text=No+Image:0
[  111432ms] [ERROR] Failed to load resource: net::ERR_CONNECTION_CLOSED @ https://via.placeholder.com/300x200?text=No+Image:0
[  111522ms] [ERROR] Failed to load resource: net::ERR_CONNECTION_CLOSED @ https://via.placeholder.com/300x200?text=No+Image:0
[  111526ms] [ERROR] Failed to load resource: net::ERR_CONNECTION_CLOSED @ https://via.placeholder.com/300x200?text=No+Image:0
[  111623ms] [ERROR] Failed to load resource: net::ERR_CONNECTION_CLOSED @ https://via.placeholder.com/300x200?text=No+Image:0
[  111720ms] [ERROR] Failed to load resource: net::ERR_CONNECTION_CLOSED @ https://via.placeholder.com/300x200?text=No+Image:0
[  111813ms] [ERROR] Failed to load resource: net::ERR_CONNECTION_CLOSED @ https://via.placeholder.com/300x200?text=No+Image:0
[  111907ms] [ERROR] Failed to load resource: net::ERR_CONNECTION_CLOSED @ https://via.placeholder.com/300x200?text=No+Image:0
[  111999ms] [ERROR] Failed to load resource: net::ERR_CONNECTION_CLOSED @ https://via.placeholder.com/300x200?text=No+Image:0
[  112092ms] [ERROR] Failed to load resource: net::ERR_CONNECTION_CLOSED @ https://via.placeholder.com/300x200?text=No+Image:0
[  112195ms] [ERROR] Failed to load resource: net::ERR_CONNECTION_CLOSED @ https://via.placeholder.com/300x200?text=No+Image:0
[  112289ms] [ERROR] Failed to load resource: net::ERR_CONNECTION_CLOSED @ https://via.placeholder.com/300x200?text=No+Image:0
[  112385ms] [ERROR] Failed to load resource: net::ERR_CONNECTION_CLOSED @ https://via.placeholder.com/300x200?text=No+Image:0
[  112477ms] [ERROR] Failed to load resource: net::ERR_CONNECTION_CLOSED @ https://via.placeholder.com/300x200?text=No+Image:0
[  112574ms] [ERROR] Failed to load resource: net::ERR_CONNECTION_CLOSED @ https://via.placeholder.com/300x200?text=No+Image:0
[  112674ms] [ERROR] Failed to load resource: net::ERR_CONNECTION_CLOSED @ https://via.placeholder.com/300x200?text=No+Image:0
[  112767ms] [ERROR] Failed to load resource: net::ERR_CONNECTION_CLOSED @ https://via.placeholder.com/300x200?text=No+Image:0
[  112862ms] [ERROR] Failed to load resource: net::ERR_CONNECTION_CLOSED @ https://via.placeholder.com/300x200?text=No+Image:0
[  112951ms] [ERROR] Failed to load resource: net::ERR_CONNECTION_CLOSED @ https://via.placeholder.com/300x200?text=No+Image:0
[  113042ms] [ERROR] Failed to load resource: net::ERR_CONNECTION_CLOSED @ https://via.placeholder.com/300x200?text=No+Image:0
[  113135ms] [ERROR] Failed to load resource: net::ERR_CONNECTION_CLOSED @ https://via.placeholder.com/300x200?text=No+Image:0
[  113229ms] [ERROR] Failed to load resource: net::ERR_CONNECTION_CLOSED @ https://via.placeholder.com/300x200?text=No+Image:0
[  113320ms] [ERROR] Failed to load resource: net::ERR_CONNECTION_CLOSED @ https://via.placeholder.com/300x200?text=No+Image:0
[  113415ms] [ERROR] Failed to load resource: net::ERR_CONNECTION_CLOSED @ https://via.placeholder.com/300x200?text=No+Image:0
[  113508ms] [ERROR] Failed to load resource: net::ERR_CONNECTION_CLOSED @ https://via.placeholder.com/300x200?text=No+Image:0
[  113608ms] [ERROR] Failed to load resource: net::ERR_CONNECTION_CLOSED @ https://via.placeholder.com/300x200?text=No+Image:0
[  113707ms] [ERROR] Failed to load resource: net::ERR_CONNECTION_CLOSED @ https://via.placeholder.com/300x200?text=No+Image:0
[  113801ms] [ERROR] Failed to load resource: net::ERR_CONNECTION_CLOSED @ https://via.placeholder.com/300x200?text=No+Image:0
[  113891ms] [ERROR] Failed to load resource: net::ERR_CONNECTION_CLOSED @ https://via.placeholder.com/300x200?text=No+Image:0
[  113985ms] [ERROR] Failed to load resource: net::ERR_CONNECTION_CLOSED @ https://via.placeholder.com/300x200?text=No+Image:0
[  114083ms] [ERROR] Failed to load resource: net::ERR_CONNECTION_CLOSED @ https://via.placeholder.com/300x200?text=No+Image:0
[  114176ms] [ERROR] Failed to load resource: net::ERR_CONNECTION_CLOSED @ https://via.placeholder.com/300x200?text=No+Image:0
[  114267ms] [ERROR] Failed to load resource: net::ERR_CONNECTION_CLOSED @ https://via.placeholder.com/300x200?text=No+Image:0
[  114359ms] [ERROR] Failed to load resource: net::ERR_CONNECTION_CLOSED @ https://via.placeholder.com/300x200?text=No+Image:0
[  114454ms] [ERROR] Failed to load resource: net::ERR_CONNECTION_CLOSED @ https://via.placeholder.com/300x200?text=No+Image:0
[  114547ms] [ERROR] Failed to load resource: net::ERR_CONNECTION_CLOSED @ https://via.placeholder.com/300x200?text=No+Image:0
[  114639ms] [ERROR] Failed to load resource: net::ERR_CONNECTION_CLOSED @ https://via.placeholder.com/300x200?text=No+Image:0
[  114734ms] [ERROR] Failed to load resource: net::ERR_CONNECTION_CLOSED @ https://via.placeholder.com/300x200?text=No+Image:0
[  114822ms] [ERROR] Failed to load resource: net::ERR_CONNECTION_CLOSED @ https://via.placeholder.com/300x200?text=No+Image:0
[  114914ms] [ERROR] Failed to load resource: net::ERR_CONNECTION_CLOSED @ https://via.placeholder.com/300x200?text=No+Image:0
[  115006ms] [ERROR] Failed to load resource: net::ERR_CONNECTION_CLOSED @ https://via.placeholder.com/300x200?text=No+Image:0
[  115102ms] [ERROR] Failed to load resource: net::ERR_CONNECTION_CLOSED @ https://via.placeholder.com/300x200?text=No+Image:0
[  115196ms] [ERROR] Failed to load resource: net::ERR_CONNECTION_CLOSED @ https://via.placeholder.com/300x200?text=No+Image:0
[  115286ms] [ERROR] Failed to load resource: net::ERR_CONNECTION_CLOSED @ https://via.placeholder.com/300x200?text=No+Image:0
[  115381ms] [ERROR] Failed to load resource: net::ERR_CONNECTION_CLOSED @ https://via.placeholder.com/300x200?text=No+Image:0
[  115472ms] [ERROR] Failed to load resource: net::ERR_CONNECTION_CLOSED @ https://via.placeholder.com/300x200?text=No+Image:0
[  115568ms] [ERROR] Failed to load resource: net::ERR_CONNECTION_CLOSED @ https://via.placeholder.com/300x200?text=No+Image:0
[  115661ms] [ERROR] Failed to load resource: net::ERR_CONNECTION_CLOSED @ https://via.placeholder.com/300x200?text=No+Image:0
[  115783ms] [ERROR] Failed to load resource: net::ERR_CONNECTION_CLOSED @ https://via.placeholder.com/300x200?text=No+Image:0
[  115877ms] [ERROR] Failed to load resource: net::ERR_CONNECTION_CLOSED @ https://via.placeholder.com/300x200?text=No+Image:0
[  115969ms] [ERROR] Failed to load resource: net::ERR_CONNECTION_CLOSED @ https://via.placeholder.com/300x200?text=No+Image:0
[  116061ms] [ERROR] Failed to load resource: net::ERR_CONNECTION_CLOSED @ https://via.placeholder.com/300x200?text=No+Image:0
[  116159ms] [ERROR] Failed to load resource: net::ERR_CONNECTION_CLOSED @ https://via.placeholder.com/300x200?text=No+Image:0
[  116254ms] [ERROR] Failed to load resource: net::ERR_CONNECTION_CLOSED @ https://via.placeholder.com/300x200?text=No+Image:0
[  116353ms] [ERROR] Failed to load resource: net::ERR_CONNECTION_CLOSED @ https://via.placeholder.com/300x200?text=No+Image:0
[  116449ms] [ERROR] Failed to load resource: net::ERR_CONNECTION_CLOSED @ https://via.placeholder.com/300x200?text=No+Image:0
[  116550ms] [ERROR] Failed to load resource: net::ERR_CONNECTION_CLOSED @ https://via.placeholder.com/300x200?text=No+Image:0
[  116655ms] [ERROR] Failed to load resource: net::ERR_CONNECTION_CLOSED @ https://via.placeholder.com/300x200?text=No+Image:0
[  116749ms] [ERROR] Failed to load resource: net::ERR_CONNECTION_CLOSED @ https://via.placeholder.com/300x200?text=No+Image:0
[  116849ms] [ERROR] Failed to load resource: net::ERR_CONNECTION_CLOSED @ https://via.placeholder.com/300x200?text=No+Image:0
[  116936ms] [ERROR] Failed to load resource: net::ERR_CONNECTION_CLOSED @ https://via.placeholder.com/300x200?text=No+Image:0
[  117027ms] [ERROR] Failed to load resource: net::ERR_CONNECTION_CLOSED @ https://via.placeholder.com/300x200?text=No+Image:0
[  117130ms] [ERROR] Failed to load resource: net::ERR_CONNECTION_CLOSED @ https://via.placeholder.com/300x200?text=No+Image:0
[  117227ms] [ERROR] Failed to load resource: net::ERR_CONNECTION_CLOSED @ https://via.placeholder.com/300x200?text=No+Image:0
[  117320ms] [ERROR] Failed to load resource: net::ERR_CONNECTION_CLOSED @ https://via.placeholder.com/300x200?text=No+Image:0
[  117414ms] [ERROR] Failed to load resource: net::ERR_CONNECTION_CLOSED @ https://via.placeholder.com/300x200?text=No+Image:0
[  117506ms] [ERROR] Failed to load resource: net::ERR_CONNECTION_CLOSED @ https://via.placeholder.com/300x200?text=No+Image:0
[  117603ms] [ERROR] Failed to load resource: net::ERR_CONNECTION_CLOSED @ https://via.placeholder.com/300x200?text=No+Image:0
[  117698ms] [ERROR] Failed to load resource: net::ERR_CONNECTION_CLOSED @ https://via.placeholder.com/300x200?text=No+Image:0
[  117804ms] [ERROR] Failed to load resource: net::ERR_CONNECTION_CLOSED @ https://via.placeholder.com/300x200?text=No+Image:0
[  117900ms] [ERROR] Failed to load resource: net::ERR_CONNECTION_CLOSED @ https://via.placeholder.com/300x200?text=No+Image:0
[  117998ms] [ERROR] Failed to load resource: net::ERR_CONNECTION_CLOSED @ https://via.placeholder.com/300x200?text=No+Image:0
[  118098ms] [ERROR] Failed to load resource: net::ERR_CONNECTION_CLOSED @ https://via.placeholder.com/300x200?text=No+Image:0
[  118193ms] [ERROR] Failed to load resource: net::ERR_CONNECTION_CLOSED @ https://via.placeholder.com/300x200?text=No+Image:0
[  118284ms] [ERROR] Failed to load resource: net::ERR_CONNECTION_CLOSED @ https://via.placeholder.com/300x200?text=No+Image:0
[  118374ms] [ERROR] Failed to load resource: net::ERR_CONNECTION_CLOSED @ https://via.placeholder.com/300x200?text=No+Image:0
[  118468ms] [ERROR] Failed to load resource: net::ERR_CONNECTION_CLOSED @ https://via.placeholder.com/300x200?text=No+Image:0
[  118568ms] [ERROR] Failed to load resource: net::ERR_CONNECTION_CLOSED @ https://via.placeholder.com/300x200?text=No+Image:0
[  118661ms] [ERROR] Failed to load resource: net::ERR_CONNECTION_CLOSED @ https://via.placeholder.com/300x200?text=No+Image:0
[  118758ms] [ERROR] Failed to load resource: net::ERR_CONNECTION_CLOSED @ https://via.placeholder.com/300x200?text=No+Image:0
[  118850ms] [ERROR] Failed to load resource: net::ERR_CONNECTION_CLOSED @ https://via.placeholder.com/300x200?text=No+Image:0
[  118946ms] [ERROR] Failed to load resource: net::ERR_CONNECTION_CLOSED @ https://via.placeholder.com/300x200?text=No+Image:0
[  119042ms] [ERROR] Failed to load resource: net::ERR_CONNECTION_CLOSED @ https://via.placeholder.com/300x200?text=No+Image:0
[  119137ms] [ERROR] Failed to load resource: net::ERR_CONNECTION_CLOSED @ https://via.placeholder.com/300x200?text=No+Image:0
[  119228ms] [ERROR] Failed to load resource: net::ERR_CONNECTION_CLOSED @ https://via.placeholder.com/300x200?text=No+Image:0
[  119321ms] [ERROR] Failed to load resource: net::ERR_CONNECTION_CLOSED @ https://via.placeholder.com/300x200?text=No+Image:0
[  119415ms] [ERROR] Failed to load resource: net::ERR_CONNECTION_CLOSED @ https://via.placeholder.com/300x200?text=No+Image:0
[  119506ms] [ERROR] Failed to load resource: net::ERR_CONNECTION_CLOSED @ https://via.placeholder.com/300x200?text=No+Image:0
[  119603ms] [ERROR] Failed to load resource: net::ERR_CONNECTION_CLOSED @ https://via.placeholder.com/300x200?text=No+Image:0
[  119708ms] [ERROR] Failed to load resource: net::ERR_CONNECTION_CLOSED @ https://via.placeholder.com/300x200?text=No+Image:0
[  119802ms] [ERROR] Failed to load resource: net::ERR_CONNECTION_CLOSED @ https://via.placeholder.com/300x200?text=No+Image:0
[  119893ms] [ERROR] Failed to load resource: net::ERR_CONNECTION_CLOSED @ https://via.placeholder.com/300x200?text=No+Image:0
[  119986ms] [ERROR] Failed to load resource: net::ERR_CONNECTION_CLOSED @ https://via.placeholder.com/300x200?text=No+Image:0
[  120085ms] [ERROR] Failed to load resource: net::ERR_CONNECTION_CLOSED @ https://via.placeholder.com/300x200?text=No+Image:0
[  120185ms] [ERROR] Failed to load resource: net::ERR_CONNECTION_CLOSED @ https://via.placeholder.com/300x200?text=No+Image:0
[  120281ms] [ERROR] Failed to load resource: net::ERR_CONNECTION_CLOSED @ https://via.placeholder.com/300x200?text=No+Image:0
[  120374ms] [ERROR] Failed to load resource: net::ERR_CONNECTION_CLOSED @ https://via.placeholder.com/300x200?text=No+Image:0
[  120471ms] [ERROR] Failed to load resource: net::ERR_CONNECTION_CLOSED @ https://via.placeholder.com/300x200?text=No+Image:0
[  120565ms] [ERROR] Failed to load resource: net::ERR_CONNECTION_CLOSED @ https://via.placeholder.com/300x200?text=No+Image:0
[  120669ms] [ERROR] Failed to load resource: net::ERR_CONNECTION_CLOSED @ https://via.placeholder.com/300x200?text=No+Image:0
[  120759ms] [ERROR] Failed to load resource: net::ERR_CONNECTION_CLOSED @ https://via.placeholder.com/300x200?text=No+Image:0
[  120851ms] [ERROR] Failed to load resource: net::ERR_CONNECTION_CLOSED @ https://via.placeholder.com/300x200?text=No+Image:0
[  120944ms] [ERROR] Failed to load resource: net::ERR_CONNECTION_CLOSED @ https://via.placeholder.com/300x200?text=No+Image:0
[  121032ms] [ERROR] Failed to load resource: net::ERR_CONNECTION_CLOSED @ https://via.placeholder.com/300x200?text=No+Image:0
[  121124ms] [ERROR] Failed to load resource: net::ERR_CONNECTION_CLOSED @ https://via.placeholder.com/300x200?text=No+Image:0
[  121218ms] [ERROR] Failed to load resource: net::ERR_CONNECTION_CLOSED @ https://via.placeholder.com/300x200?text=No+Image:0
[  121316ms] [ERROR] Failed to load resource: net::ERR_CONNECTION_CLOSED @ https://via.placeholder.com/300x200?text=No+Image:0
[  121408ms] [ERROR] Failed to load resource: net::ERR_CONNECTION_CLOSED @ https://via.placeholder.com/300x200?text=No+Image:0
[  121504ms] [ERROR] Failed to load resource: net::ERR_CONNECTION_CLOSED @ https://via.placeholder.com/300x200?text=No+Image:0
[  121598ms] [ERROR] Failed to load resource: net::ERR_CONNECTION_CLOSED @ https://via.placeholder.com/300x200?text=No+Image:0
[  121690ms] [ERROR] Failed to load resource: net::ERR_CONNECTION_CLOSED @ https://via.placeholder.com/300x200?text=No+Image:0
[  121787ms] [ERROR] Failed to load resource: net::ERR_CONNECTION_CLOSED @ https://via.placeholder.com/300x200?text=No+Image:0
[  121879ms] [ERROR] Failed to load resource: net::ERR_CONNECTION_CLOSED @ https://via.placeholder.com/300x200?text=No+Image:0
[  121974ms] [ERROR] Failed to load resource: net::ERR_CONNECTION_CLOSED @ https://via.placeholder.com/300x200?text=No+Image:0
[  122066ms] [ERROR] Failed to load resource: net::ERR_CONNECTION_CLOSED @ https://via.placeholder.com/300x200?text=No+Image:0
[  122167ms] [ERROR] Failed to load resource: net::ERR_CONNECTION_CLOSED @ https://via.placeholder.com/300x200?text=No+Image:0
[  122260ms] [ERROR] Failed to load resource: net::ERR_CONNECTION_CLOSED @ https://via.placeholder.com/300x200?text=No+Image:0
[  122353ms] [ERROR] Failed to load resource: net::ERR_CONNECTION_CLOSED @ https://via.placeholder.com/300x200?text=No+Image:0
[  122448ms] [ERROR] Failed to load resource: net::ERR_CONNECTION_CLOSED @ https://via.placeholder.com/300x200?text=No+Image:0
[  122540ms] [ERROR] Failed to load resource: net::ERR_CONNECTION_CLOSED @ https://via.placeholder.com/300x200?text=No+Image:0
[  122638ms] [ERROR] Failed to load resource: net::ERR_CONNECTION_CLOSED @ https://via.placeholder.com/300x200?text=No+Image:0
[  122735ms] [ERROR] Failed to load resource: net::ERR_CONNECTION_CLOSED @ https://via.placeholder.com/300x200?text=No+Image:0
[  122827ms] [ERROR] Failed to load resource: net::ERR_CONNECTION_CLOSED @ https://via.placeholder.com/300x200?text=No+Image:0
[  122920ms] [ERROR] Failed to load resource: net::ERR_CONNECTION_CLOSED @ https://via.placeholder.com/300x200?text=No+Image:0
[  123011ms] [ERROR] Failed to load resource: net::ERR_CONNECTION_CLOSED @ https://via.placeholder.com/300x200?text=No+Image:0
[  123104ms] [ERROR] Failed to load resource: net::ERR_CONNECTION_CLOSED @ https://via.placeholder.com/300x200?text=No+Image:0
[  123200ms] [ERROR] Failed to load resource: net::ERR_CONNECTION_CLOSED @ https://via.placeholder.com/300x200?text=No+Image:0
[  123293ms] [ERROR] Failed to load resource: net::ERR_CONNECTION_CLOSED @ https://via.placeholder.com/300x200?text=No+Image:0
[  123400ms] [ERROR] Failed to load resource: net::ERR_CONNECTION_CLOSED @ https://via.placeholder.com/300x200?text=No+Image:0
[  123490ms] [ERROR] Failed to load resource: net::ERR_CONNECTION_CLOSED @ https://via.placeholder.com/300x200?text=No+Image:0
[  123587ms] [ERROR] Failed to load resource: net::ERR_CONNECTION_CLOSED @ https://via.placeholder.com/300x200?text=No+Image:0
[  123693ms] [ERROR] Failed to load resource: net::ERR_CONNECTION_CLOSED @ https://via.placeholder.com/300x200?text=No+Image:0
[  123786ms] [ERROR] Failed to load resource: net::ERR_CONNECTION_CLOSED @ https://via.placeholder.com/300x200?text=No+Image:0
[  123879ms] [ERROR] Failed to load resource: net::ERR_CONNECTION_CLOSED @ https://via.placeholder.com/300x200?text=No+Image:0
[  123975ms] [ERROR] Failed to load resource: net::ERR_CONNECTION_CLOSED @ https://via.placeholder.com/300x200?text=No+Image:0
[  124069ms] [ERROR] Failed to load resource: net::ERR_CONNECTION_CLOSED @ https://via.placeholder.com/300x200?text=No+Image:0
[  124171ms] [ERROR] Failed to load resource: net::ERR_CONNECTION_CLOSED @ https://via.placeholder.com/300x200?text=No+Image:0
[  124269ms] [ERROR] Failed to load resource: net::ERR_CONNECTION_CLOSED @ https://via.placeholder.com/300x200?text=No+Image:0
[  124364ms] [ERROR] Failed to load resource: net::ERR_CONNECTION_CLOSED @ https://via.placeholder.com/300x200?text=No+Image:0
[  124460ms] [ERROR] Failed to load resource: net::ERR_CONNECTION_CLOSED @ https://via.placeholder.com/300x200?text=No+Image:0
[  124552ms] [ERROR] Failed to load resource: net::ERR_CONNECTION_CLOSED @ https://via.placeholder.com/300x200?text=No+Image:0
[  124645ms] [ERROR] Failed to load resource: net::ERR_CONNECTION_CLOSED @ https://via.placeholder.com/300x200?text=No+Image:0
[  124737ms] [ERROR] Failed to load resource: net::ERR_CONNECTION_CLOSED @ https://via.placeholder.com/300x200?text=No+Image:0
[  124836ms] [ERROR] Failed to load resource: net::ERR_CONNECTION_CLOSED @ https://via.placeholder.com/300x200?text=No+Image:0
[  124932ms] [ERROR] Failed to load resource: net::ERR_CONNECTION_CLOSED @ https://via.placeholder.com/300x200?text=No+Image:0
[  125027ms] [ERROR] Failed to load resource: net::ERR_CONNECTION_CLOSED @ https://via.placeholder.com/300x200?text=No+Image:0
[  125132ms] [ERROR] Failed to load resource: net::ERR_CONNECTION_CLOSED @ https://via.placeholder.com/300x200?text=No+Image:0
[  125224ms] [ERROR] Failed to load resource: net::ERR_CONNECTION_CLOSED @ https://via.placeholder.com/300x200?text=No+Image:0
[  125324ms] [ERROR] Failed to load resource: net::ERR_CONNECTION_CLOSED @ https://via.placeholder.com/300x200?text=No+Image:0
[  125418ms] [ERROR] Failed to load resource: net::ERR_CONNECTION_CLOSED @ https://via.placeholder.com/300x200?text=No+Image:0
[  125512ms] [ERROR] Failed to load resource: net::ERR_CONNECTION_CLOSED @ https://via.placeholder.com/300x200?text=No+Image:0
[  125606ms] [ERROR] Failed to load resource: net::ERR_CONNECTION_CLOSED @ https://via.placeholder.com/300x200?text=No+Image:0
[  125700ms] [ERROR] Failed to load resource: net::ERR_CONNECTION_CLOSED @ https://via.placeholder.com/300x200?text=No+Image:0
[  125795ms] [ERROR] Failed to load resource: net::ERR_CONNECTION_CLOSED @ https://via.placeholder.com/300x200?text=No+Image:0
[  125895ms] [ERROR] Failed to load resource: net::ERR_CONNECTION_CLOSED @ https://via.placeholder.com/300x200?text=No+Image:0
[  125992ms] [ERROR] Failed to load resource: net::ERR_CONNECTION_CLOSED @ https://via.placeholder.com/300x200?text=No+Image:0
[  126088ms] [ERROR] Failed to load resource: net::ERR_CONNECTION_CLOSED @ https://via.placeholder.com/300x200?text=No+Image:0
[  126192ms] [ERROR] Failed to load resource: net::ERR_CONNECTION_CLOSED @ https://via.placeholder.com/300x200?text=No+Image:0
[  126284ms] [ERROR] Failed to load resource: net::ERR_CONNECTION_CLOSED @ https://via.placeholder.com/300x200?text=No+Image:0
[  126382ms] [ERROR] Failed to load resource: net::ERR_CONNECTION_CLOSED @ https://via.placeholder.com/300x200?text=No+Image:0
[  126479ms] [ERROR] Failed to load resource: net::ERR_CONNECTION_CLOSED @ https://via.placeholder.com/300x200?text=No+Image:0
[  126574ms] [ERROR] Failed to load resource: net::ERR_CONNECTION_CLOSED @ https://via.placeholder.com/300x200?text=No+Image:0
[  126739ms] [ERROR] Failed to load resource: net::ERR_CONNECTION_CLOSED @ https://via.placeholder.com/300x200?text=No+Image:0
[  126835ms] [ERROR] Failed to load resource: net::ERR_CONNECTION_CLOSED @ https://via.placeholder.com/300x200?text=No+Image:0
[  126935ms] [ERROR] Failed to load resource: net::ERR_CONNECTION_CLOSED @ https://via.placeholder.com/300x200?text=No+Image:0
[  127034ms] [ERROR] Failed to load resource: net::ERR_CONNECTION_CLOSED @ https://via.placeholder.com/300x200?text=No+Image:0
[  127145ms] [ERROR] Failed to load resource: net::ERR_CONNECTION_CLOSED @ https://via.placeholder.com/300x200?text=No+Image:0
[  127233ms] [ERROR] Failed to load resource: net::ERR_CONNECTION_CLOSED @ https://via.placeholder.com/300x200?text=No+Image:0
[  127326ms] [ERROR] Failed to load resource: net::ERR_CONNECTION_CLOSED @ https://via.placeholder.com/300x200?text=No+Image:0
[  127426ms] [ERROR] Failed to load resource: net::ERR_CONNECTION_CLOSED @ https://via.placeholder.com/300x200?text=No+Image:0
[  127531ms] [ERROR] Failed to load resource: net::ERR_CONNECTION_CLOSED @ https://via.placeholder.com/300x200?text=No+Image:0
[  127881ms] [ERROR] Failed to load resource: net::ERR_CONNECTION_CLOSED @ https://via.placeholder.com/300x200?text=No+Image:0
[  127973ms] [ERROR] Failed to load resource: net::ERR_CONNECTION_CLOSED @ https://via.placeholder.com/300x200?text=No+Image:0
[  128075ms] [ERROR] Failed to load resource: net::ERR_CONNECTION_CLOSED @ https://via.placeholder.com/300x200?text=No+Image:0
[  128182ms] [ERROR] Failed to load resource: net::ERR_CONNECTION_CLOSED @ https://via.placeholder.com/300x200?text=No+Image:0
[  128279ms] [ERROR] Failed to load resource: net::ERR_CONNECTION_CLOSED @ https://via.placeholder.com/300x200?text=No+Image:0
[  128375ms] [ERROR] Failed to load resource: net::ERR_CONNECTION_CLOSED @ https://via.placeholder.com/300x200?text=No+Image:0
[  128468ms] [ERROR] Failed to load resource: net::ERR_CONNECTION_CLOSED @ https://via.placeholder.com/300x200?text=No+Image:0
[  128562ms] [ERROR] Failed to load resource: net::ERR_CONNECTION_CLOSED @ https://via.placeholder.com/300x200?text=No+Image:0
[  128628ms] [ERROR] Failed to load resource: net::ERR_CONNECTION_CLOSED @ https://via.placeholder.com/300x200?text=No+Image:0
[  128653ms] [ERROR] Failed to load resource: net::ERR_CONNECTION_CLOSED @ https://via.placeholder.com/300x200?text=No+Image:0
[  128720ms] [ERROR] Failed to load resource: net::ERR_CONNECTION_CLOSED @ https://via.placeholder.com/300x200?text=No+Image:0
[  128790ms] [ERROR] Failed to load resource: net::ERR_CONNECTION_CLOSED @ https://via.placeholder.com/300x200?text=No+Image:0
[  128831ms] [ERROR] Failed to load resource: net::ERR_CONNECTION_CLOSED @ https://via.placeholder.com/300x200?text=No+Image:0
[  128884ms] [ERROR] Failed to load resource: net::ERR_CONNECTION_CLOSED @ https://via.placeholder.com/300x200?text=No+Image:0
[  128925ms] [ERROR] Failed to load resource: net::ERR_CONNECTION_CLOSED @ https://via.placeholder.com/300x200?text=No+Image:0
[  128979ms] [ERROR] Failed to load resource: net::ERR_CONNECTION_CLOSED @ https://via.placeholder.com/300x200?text=No+Image:0
[  129029ms] [ERROR] Failed to load resource: net::ERR_CONNECTION_CLOSED @ https://via.placeholder.com/300x200?text=No+Image:0
[  129073ms] [ERROR] Failed to load resource: net::ERR_CONNECTION_CLOSED @ https://via.placeholder.com/300x200?text=No+Image:0
[  129130ms] [ERROR] Failed to load resource: net::ERR_CONNECTION_CLOSED @ https://via.placeholder.com/300x200?text=No+Image:0
[  129186ms] [ERROR] Failed to load resource: net::ERR_CONNECTION_CLOSED @ https://via.placeholder.com/300x200?text=No+Image:0
[  129226ms] [ERROR] Failed to load resource: net::ERR_CONNECTION_CLOSED @ https://via.placeholder.com/300x200?text=No+Image:0
[  129279ms] [ERROR] Failed to load resource: net::ERR_CONNECTION_CLOSED @ https://via.placeholder.com/300x200?text=No+Image:0
[  129320ms] [ERROR] Failed to load resource: net::ERR_CONNECTION_CLOSED @ https://via.placeholder.com/300x200?text=No+Image:0
[  129377ms] [ERROR] Failed to load resource: net::ERR_CONNECTION_CLOSED @ https://via.placeholder.com/300x200?text=No+Image:0
[  129415ms] [ERROR] Failed to load resource: net::ERR_CONNECTION_CLOSED @ https://via.placeholder.com/300x200?text=No+Image:0
[  129490ms] [ERROR] Failed to load resource: net::ERR_CONNECTION_CLOSED @ https://via.placeholder.com/300x200?text=No+Image:0
[  129512ms] [ERROR] Failed to load resource: net::ERR_CONNECTION_CLOSED @ https://via.placeholder.com/300x200?text=No+Image:0
[  129598ms] [ERROR] Failed to load resource: net::ERR_CONNECTION_CLOSED @ https://via.placeholder.com/300x200?text=No+Image:0
[  129628ms] [ERROR] Failed to load resource: net::ERR_CONNECTION_CLOSED @ https://via.placeholder.com/300x200?text=No+Image:0
[  129702ms] [ERROR] Failed to load resource: net::ERR_CONNECTION_CLOSED @ https://via.placeholder.com/300x200?text=No+Image:0
[  129723ms] [ERROR] Failed to load resource: net::ERR_CONNECTION_CLOSED @ https://via.placeholder.com/300x200?text=No+Image:0
[  129796ms] [ERROR] Failed to load resource: net::ERR_CONNECTION_CLOSED @ https://via.placeholder.com/300x200?text=No+Image:0
[  129815ms] [ERROR] Failed to load resource: net::ERR_CONNECTION_CLOSED @ https://via.placeholder.com/300x200?text=No+Image:0
[  129904ms] [ERROR] Failed to load resource: net::ERR_CONNECTION_CLOSED @ https://via.placeholder.com/300x200?text=No+Image:0
[  129909ms] [ERROR] Failed to load resource: net::ERR_CONNECTION_CLOSED @ https://via.placeholder.com/300x200?text=No+Image:0
[  129994ms] [ERROR] Failed to load resource: net::ERR_CONNECTION_CLOSED @ https://via.placeholder.com/300x200?text=No+Image:0
[  130007ms] [ERROR] Failed to load resource: net::ERR_CONNECTION_CLOSED @ https://via.placeholder.com/300x200?text=No+Image:0
[  130090ms] [ERROR] Failed to load resource: net::ERR_CONNECTION_CLOSED @ https://via.placeholder.com/300x200?text=No+Image:0
[  130100ms] [ERROR] Failed to load resource: net::ERR_CONNECTION_CLOSED @ https://via.placeholder.com/300x200?text=No+Image:0
[  130192ms] [ERROR] Failed to load resource: net::ERR_CONNECTION_CLOSED @ https://via.placeholder.com/300x200?text=No+Image:0
[  130287ms] [ERROR] Failed to load resource: net::ERR_CONNECTION_CLOSED @ https://via.placeholder.com/300x200?text=No+Image:0
[  130379ms] [ERROR] Failed to load resource: net::ERR_CONNECTION_CLOSED @ https://via.placeholder.com/300x200?text=No+Image:0
[  130478ms] [ERROR] Failed to load resource: net::ERR_CONNECTION_CLOSED @ https://via.placeholder.com/300x200?text=No+Image:0
[  130572ms] [ERROR] Failed to load resource: net::ERR_CONNECTION_CLOSED @ https://via.placeholder.com/300x200?text=No+Image:0
[  130675ms] [ERROR] Failed to load resource: net::ERR_CONNECTION_CLOSED @ https://via.placeholder.com/300x200?text=No+Image:0
[  130772ms] [ERROR] Failed to load resource: net::ERR_CONNECTION_CLOSED @ https://via.placeholder.com/300x200?text=No+Image:0
[  130866ms] [ERROR] Failed to load resource: net::ERR_CONNECTION_CLOSED @ https://via.placeholder.com/300x200?text=No+Image:0
[  130959ms] [ERROR] Failed to load resource: net::ERR_CONNECTION_CLOSED @ https://via.placeholder.com/300x200?text=No+Image:0
[  131046ms] [ERROR] Failed to load resource: net::ERR_CONNECTION_CLOSED @ https://via.placeholder.com/300x200?text=No+Image:0
[  131144ms] [ERROR] Failed to load resource: net::ERR_CONNECTION_CLOSED @ https://via.placeholder.com/300x200?text=No+Image:0
[  131237ms] [ERROR] Failed to load resource: net::ERR_CONNECTION_CLOSED @ https://via.placeholder.com/300x200?text=No+Image:0
[  131333ms] [ERROR] Failed to load resource: net::ERR_CONNECTION_CLOSED @ https://via.placeholder.com/300x200?text=No+Image:0
[  131427ms] [ERROR] Failed to load resource: net::ERR_CONNECTION_CLOSED @ https://via.placeholder.com/300x200?text=No+Image:0
[  131519ms] [ERROR] Failed to load resource: net::ERR_CONNECTION_CLOSED @ https://via.placeholder.com/300x200?text=No+Image:0
[  131609ms] [ERROR] Failed to load resource: net::ERR_CONNECTION_CLOSED @ https://via.placeholder.com/300x200?text=No+Image:0
[  131705ms] [ERROR] Failed to load resource: net::ERR_CONNECTION_CLOSED @ https://via.placeholder.com/300x200?text=No+Image:0
[  131801ms] [ERROR] Failed to load resource: net::ERR_CONNECTION_CLOSED @ https://via.placeholder.com/300x200?text=No+Image:0
[  131902ms] [ERROR] Failed to load resource: net::ERR_CONNECTION_CLOSED @ https://via.placeholder.com/300x200?text=No+Image:0
[  131995ms] [ERROR] Failed to load resource: net::ERR_CONNECTION_CLOSED @ https://via.placeholder.com/300x200?text=No+Image:0
[  132094ms] [ERROR] Failed to load resource: net::ERR_CONNECTION_CLOSED @ https://via.placeholder.com/300x200?text=No+Image:0
[  132197ms] [ERROR] Failed to load resource: net::ERR_CONNECTION_CLOSED @ https://via.placeholder.com/300x200?text=No+Image:0
[  132298ms] [ERROR] Failed to load resource: net::ERR_CONNECTION_CLOSED @ https://via.placeholder.com/300x200?text=No+Image:0
[  132390ms] [ERROR] Failed to load resource: net::ERR_CONNECTION_CLOSED @ https://via.placeholder.com/300x200?text=No+Image:0
[  132489ms] [ERROR] Failed to load resource: net::ERR_CONNECTION_CLOSED @ https://via.placeholder.com/300x200?text=No+Image:0
[  132581ms] [ERROR] Failed to load resource: net::ERR_CONNECTION_CLOSED @ https://via.placeholder.com/300x200?text=No+Image:0
[  132680ms] [ERROR] Failed to load resource: net::ERR_CONNECTION_CLOSED @ https://via.placeholder.com/300x200?text=No+Image:0
[  132772ms] [ERROR] Failed to load resource: net::ERR_CONNECTION_CLOSED @ https://via.placeholder.com/300x200?text=No+Image:0
[  132876ms] [ERROR] Failed to load resource: net::ERR_CONNECTION_CLOSED @ https://via.placeholder.com/300x200?text=No+Image:0
[  132975ms] [ERROR] Failed to load resource: net::ERR_CONNECTION_CLOSED @ https://via.placeholder.com/300x200?text=No+Image:0
[  133069ms] [ERROR] Failed to load resource: net::ERR_CONNECTION_CLOSED @ https://via.placeholder.com/300x200?text=No+Image:0
[  133171ms] [ERROR] Failed to load resource: net::ERR_CONNECTION_CLOSED @ https://via.placeholder.com/300x200?text=No+Image:0
[  133269ms] [ERROR] Failed to load resource: net::ERR_CONNECTION_CLOSED @ https://via.placeholder.com/300x200?text=No+Image:0
[  133361ms] [ERROR] Failed to load resource: net::ERR_CONNECTION_CLOSED @ https://via.placeholder.com/300x200?text=No+Image:0
[  133457ms] [ERROR] Failed to load resource: net::ERR_CONNECTION_CLOSED @ https://via.placeholder.com/300x200?text=No+Image:0
[  133591ms] [ERROR] Failed to load resource: net::ERR_CONNECTION_CLOSED @ https://via.placeholder.com/300x200?text=No+Image:0
[  133695ms] [ERROR] Failed to load resource: net::ERR_CONNECTION_CLOSED @ https://via.placeholder.com/300x200?text=No+Image:0
[  133790ms] [ERROR] Failed to load resource: net::ERR_CONNECTION_CLOSED @ https://via.placeholder.com/300x200?text=No+Image:0
[  133887ms] [ERROR] Failed to load resource: net::ERR_CONNECTION_CLOSED @ https://via.placeholder.com/300x200?text=No+Image:0
[  133984ms] [ERROR] Failed to load resource: net::ERR_CONNECTION_CLOSED @ https://via.placeholder.com/300x200?text=No+Image:0
[  134083ms] [ERROR] Failed to load resource: net::ERR_CONNECTION_CLOSED @ https://via.placeholder.com/300x200?text=No+Image:0
[  134176ms] [ERROR] Failed to load resource: net::ERR_CONNECTION_CLOSED @ https://via.placeholder.com/300x200?text=No+Image:0
[  134280ms] [ERROR] Failed to load resource: net::ERR_CONNECTION_CLOSED @ https://via.placeholder.com/300x200?text=No+Image:0
[  134372ms] [ERROR] Failed to load resource: net::ERR_CONNECTION_CLOSED @ https://via.placeholder.com/300x200?text=No+Image:0
[  134460ms] [ERROR] Failed to load resource: net::ERR_CONNECTION_CLOSED @ https://via.placeholder.com/300x200?text=No+Image:0
[  134556ms] [ERROR] Failed to load resource: net::ERR_CONNECTION_CLOSED @ https://via.placeholder.com/300x200?text=No+Image:0
[  134655ms] [ERROR] Failed to load resource: net::ERR_CONNECTION_CLOSED @ https://via.placeholder.com/300x200?text=No+Image:0
[  134753ms] [ERROR] Failed to load resource: net::ERR_CONNECTION_CLOSED @ https://via.placeholder.com/300x200?text=No+Image:0
[  134850ms] [ERROR] Failed to load resource: net::ERR_CONNECTION_CLOSED @ https://via.placeholder.com/300x200?text=No+Image:0
[  134943ms] [ERROR] Failed to load resource: net::ERR_CONNECTION_CLOSED @ https://via.placeholder.com/300x200?text=No+Image:0
[  135044ms] [ERROR] Failed to load resource: net::ERR_CONNECTION_CLOSED @ https://via.placeholder.com/300x200?text=No+Image:0
[  135149ms] [ERROR] Failed to load resource: net::ERR_CONNECTION_CLOSED @ https://via.placeholder.com/300x200?text=No+Image:0
[  135247ms] [ERROR] Failed to load resource: net::ERR_CONNECTION_CLOSED @ https://via.placeholder.com/300x200?text=No+Image:0
[  135342ms] [ERROR] Failed to load resource: net::ERR_CONNECTION_CLOSED @ https://via.placeholder.com/300x200?text=No+Image:0
[  135434ms] [ERROR] Failed to load resource: net::ERR_CONNECTION_CLOSED @ https://via.placeholder.com/300x200?text=No+Image:0
[  135532ms] [ERROR] Failed to load resource: net::ERR_CONNECTION_CLOSED @ https://via.placeholder.com/300x200?text=No+Image:0
[  135634ms] [ERROR] Failed to load resource: net::ERR_CONNECTION_CLOSED @ https://via.placeholder.com/300x200?text=No+Image:0
[  135738ms] [ERROR] Failed to load resource: net::ERR_CONNECTION_CLOSED @ https://via.placeholder.com/300x200?text=No+Image:0
[  135829ms] [ERROR] Failed to load resource: net::ERR_CONNECTION_CLOSED @ https://via.placeholder.com/300x200?text=No+Image:0
[  135921ms] [ERROR] Failed to load resource: net::ERR_CONNECTION_CLOSED @ https://via.placeholder.com/300x200?text=No+Image:0
[  136016ms] [ERROR] Failed to load resource: net::ERR_CONNECTION_CLOSED @ https://via.placeholder.com/300x200?text=No+Image:0
[  136112ms] [ERROR] Failed to load resource: net::ERR_CONNECTION_CLOSED @ https://via.placeholder.com/300x200?text=No+Image:0
[  136208ms] [ERROR] Failed to load resource: net::ERR_CONNECTION_CLOSED @ https://via.placeholder.com/300x200?text=No+Image:0
[  136303ms] [ERROR] Failed to load resource: net::ERR_CONNECTION_CLOSED @ https://via.placeholder.com/300x200?text=No+Image:0
[  136396ms] [ERROR] Failed to load resource: net::ERR_CONNECTION_CLOSED @ https://via.placeholder.com/300x200?text=No+Image:0
[  136487ms] [ERROR] Failed to load resource: net::ERR_CONNECTION_CLOSED @ https://via.placeholder.com/300x200?text=No+Image:0
[  136582ms] [ERROR] Failed to load resource: net::ERR_CONNECTION_CLOSED @ https://via.placeholder.com/300x200?text=No+Image:0
[  136685ms] [ERROR] Failed to load resource: net::ERR_CONNECTION_CLOSED @ https://via.placeholder.com/300x200?text=No+Image:0
[  136784ms] [ERROR] Failed to load resource: net::ERR_CONNECTION_CLOSED @ https://via.placeholder.com/300x200?text=No+Image:0
[  136880ms] [ERROR] Failed to load resource: net::ERR_CONNECTION_CLOSED @ https://via.placeholder.com/300x200?text=No+Image:0
[  136975ms] [ERROR] Failed to load resource: net::ERR_CONNECTION_CLOSED @ https://via.placeholder.com/300x200?text=No+Image:0
[  137072ms] [ERROR] Failed to load resource: net::ERR_CONNECTION_CLOSED @ https://via.placeholder.com/300x200?text=No+Image:0
[  137167ms] [ERROR] Failed to load resource: net::ERR_CONNECTION_CLOSED @ https://via.placeholder.com/300x200?text=No+Image:0
[  137260ms] [ERROR] Failed to load resource: net::ERR_CONNECTION_CLOSED @ https://via.placeholder.com/300x200?text=No+Image:0
[  137352ms] [ERROR] Failed to load resource: net::ERR_CONNECTION_CLOSED @ https://via.placeholder.com/300x200?text=No+Image:0
[  137449ms] [ERROR] Failed to load resource: net::ERR_CONNECTION_CLOSED @ https://via.placeholder.com/300x200?text=No+Image:0
[  137542ms] [ERROR] Failed to load resource: net::ERR_CONNECTION_CLOSED @ https://via.placeholder.com/300x200?text=No+Image:0
[  137639ms] [ERROR] Failed to load resource: net::ERR_CONNECTION_CLOSED @ https://via.placeholder.com/300x200?text=No+Image:0
[  137729ms] [ERROR] Failed to load resource: net::ERR_CONNECTION_CLOSED @ https://via.placeholder.com/300x200?text=No+Image:0
[  137820ms] [ERROR] Failed to load resource: net::ERR_CONNECTION_CLOSED @ https://via.placeholder.com/300x200?text=No+Image:0
[  137915ms] [ERROR] Failed to load resource: net::ERR_CONNECTION_CLOSED @ https://via.placeholder.com/300x200?text=No+Image:0
[  138009ms] [ERROR] Failed to load resource: net::ERR_CONNECTION_CLOSED @ https://via.placeholder.com/300x200?text=No+Image:0
[  138102ms] [ERROR] Failed to load resource: net::ERR_CONNECTION_CLOSED @ https://via.placeholder.com/300x200?text=No+Image:0
[  138203ms] [ERROR] Failed to load resource: net::ERR_CONNECTION_CLOSED @ https://via.placeholder.com/300x200?text=No+Image:0
[  138296ms] [ERROR] Failed to load resource: net::ERR_CONNECTION_CLOSED @ https://via.placeholder.com/300x200?text=No+Image:0
[  138391ms] [ERROR] Failed to load resource: net::ERR_CONNECTION_CLOSED @ https://via.placeholder.com/300x200?text=No+Image:0
[  138482ms] [ERROR] Failed to load resource: net::ERR_CONNECTION_CLOSED @ https://via.placeholder.com/300x200?text=No+Image:0
[  138583ms] [ERROR] Failed to load resource: net::ERR_CONNECTION_CLOSED @ https://via.placeholder.com/300x200?text=No+Image:0
[  138685ms] [ERROR] Failed to load resource: net::ERR_CONNECTION_CLOSED @ https://via.placeholder.com/300x200?text=No+Image:0
[  138775ms] [ERROR] Failed to load resource: net::ERR_CONNECTION_CLOSED @ https://via.placeholder.com/300x200?text=No+Image:0
[  138868ms] [ERROR] Failed to load resource: net::ERR_CONNECTION_CLOSED @ https://via.placeholder.com/300x200?text=No+Image:0
[  138960ms] [ERROR] Failed to load resource: net::ERR_CONNECTION_CLOSED @ https://via.placeholder.com/300x200?text=No+Image:0
[  139058ms] [ERROR] Failed to load resource: net::ERR_CONNECTION_CLOSED @ https://via.placeholder.com/300x200?text=No+Image:0
[  139168ms] [ERROR] Failed to load resource: net::ERR_CONNECTION_CLOSED @ https://via.placeholder.com/300x200?text=No+Image:0
[  139259ms] [ERROR] Failed to load resource: net::ERR_CONNECTION_CLOSED @ https://via.placeholder.com/300x200?text=No+Image:0
[  139350ms] [ERROR] Failed to load resource: net::ERR_CONNECTION_CLOSED @ https://via.placeholder.com/300x200?text=No+Image:0
[  139441ms] [ERROR] Failed to load resource: net::ERR_CONNECTION_CLOSED @ https://via.placeholder.com/300x200?text=No+Image:0
[  139535ms] [ERROR] Failed to load resource: net::ERR_CONNECTION_CLOSED @ https://via.placeholder.com/300x200?text=No+Image:0
[  139638ms] [ERROR] Failed to load resource: net::ERR_CONNECTION_CLOSED @ https://via.placeholder.com/300x200?text=No+Image:0
[  139735ms] [ERROR] Failed to load resource: net::ERR_CONNECTION_CLOSED @ https://via.placeholder.com/300x200?text=No+Image:0
[  139829ms] [ERROR] Failed to load resource: net::ERR_CONNECTION_CLOSED @ https://via.placeholder.com/300x200?text=No+Image:0
[  139917ms] [ERROR] Failed to load resource: net::ERR_CONNECTION_CLOSED @ https://via.placeholder.com/300x200?text=No+Image:0
[  140008ms] [ERROR] Failed to load resource: net::ERR_CONNECTION_CLOSED @ https://via.placeholder.com/300x200?text=No+Image:0
[  140101ms] [ERROR] Failed to load resource: net::ERR_CONNECTION_CLOSED @ https://via.placeholder.com/300x200?text=No+Image:0
[  140202ms] [ERROR] Failed to load resource: net::ERR_CONNECTION_CLOSED @ https://via.placeholder.com/300x200?text=No+Image:0
[  140299ms] [ERROR] Failed to load resource: net::ERR_CONNECTION_CLOSED @ https://via.placeholder.com/300x200?text=No+Image:0
[  140389ms] [ERROR] Failed to load resource: net::ERR_CONNECTION_CLOSED @ https://via.placeholder.com/300x200?text=No+Image:0
[  140481ms] [ERROR] Failed to load resource: net::ERR_CONNECTION_CLOSED @ https://via.placeholder.com/300x200?text=No+Image:0
[  140570ms] [ERROR] Failed to load resource: net::ERR_CONNECTION_CLOSED @ https://via.placeholder.com/300x200?text=No+Image:0
[  140663ms] [ERROR] Failed to load resource: net::ERR_CONNECTION_CLOSED @ https://via.placeholder.com/300x200?text=No+Image:0
[  140755ms] [ERROR] Failed to load resource: net::ERR_CONNECTION_CLOSED @ https://via.placeholder.com/300x200?text=No+Image:0
[  140854ms] [ERROR] Failed to load resource: net::ERR_CONNECTION_CLOSED @ https://via.placeholder.com/300x200?text=No+Image:0
[  140950ms] [ERROR] Failed to load resource: net::ERR_CONNECTION_CLOSED @ https://via.placeholder.com/300x200?text=No+Image:0
[  141047ms] [ERROR] Failed to load resource: net::ERR_CONNECTION_CLOSED @ https://via.placeholder.com/300x200?text=No+Image:0
[  141145ms] [ERROR] Failed to load resource: net::ERR_CONNECTION_CLOSED @ https://via.placeholder.com/300x200?text=No+Image:0
[  141251ms] [ERROR] Failed to load resource: net::ERR_CONNECTION_CLOSED @ https://via.placeholder.com/300x200?text=No+Image:0
[  141346ms] [ERROR] Failed to load resource: net::ERR_CONNECTION_CLOSED @ https://via.placeholder.com/300x200?text=No+Image:0
[  141442ms] [ERROR] Failed to load resource: net::ERR_CONNECTION_CLOSED @ https://via.placeholder.com/300x200?text=No+Image:0
[  141537ms] [ERROR] Failed to load resource: net::ERR_CONNECTION_CLOSED @ https://via.placeholder.com/300x200?text=No+Image:0
[  141642ms] [ERROR] Failed to load resource: net::ERR_CONNECTION_CLOSED @ https://via.placeholder.com/300x200?text=No+Image:0
[  141739ms] [ERROR] Failed to load resource: net::ERR_CONNECTION_CLOSED @ https://via.placeholder.com/300x200?text=No+Image:0
[  141835ms] [ERROR] Failed to load resource: net::ERR_CONNECTION_CLOSED @ https://via.placeholder.com/300x200?text=No+Image:0
[  141927ms] [ERROR] Failed to load resource: net::ERR_CONNECTION_CLOSED @ https://via.placeholder.com/300x200?text=No+Image:0
[  142018ms] [ERROR] Failed to load resource: net::ERR_CONNECTION_CLOSED @ https://via.placeholder.com/300x200?text=No+Image:0
[  142111ms] [ERROR] Failed to load resource: net::ERR_CONNECTION_CLOSED @ https://via.placeholder.com/300x200?text=No+Image:0
[  142210ms] [ERROR] Failed to load resource: net::ERR_CONNECTION_CLOSED @ https://via.placeholder.com/300x200?text=No+Image:0
[  142304ms] [ERROR] Failed to load resource: net::ERR_CONNECTION_CLOSED @ https://via.placeholder.com/300x200?text=No+Image:0
[  142395ms] [ERROR] Failed to load resource: net::ERR_CONNECTION_CLOSED @ https://via.placeholder.com/300x200?text=No+Image:0
[  142489ms] [ERROR] Failed to load resource: net::ERR_CONNECTION_CLOSED @ https://via.placeholder.com/300x200?text=No+Image:0
[  142581ms] [ERROR] Failed to load resource: net::ERR_CONNECTION_CLOSED @ https://via.placeholder.com/300x200?text=No+Image:0
[  142693ms] [ERROR] Failed to load resource: net::ERR_CONNECTION_CLOSED @ https://via.placeholder.com/300x200?text=No+Image:0
[  142786ms] [ERROR] Failed to load resource: net::ERR_CONNECTION_CLOSED @ https://via.placeholder.com/300x200?text=No+Image:0
[  142881ms] [ERROR] Failed to load resource: net::ERR_CONNECTION_CLOSED @ https://via.placeholder.com/300x200?text=No+Image:0
[  142973ms] [ERROR] Failed to load resource: net::ERR_CONNECTION_CLOSED @ https://via.placeholder.com/300x200?text=No+Image:0
[  143069ms] [ERROR] Failed to load resource: net::ERR_CONNECTION_CLOSED @ https://via.placeholder.com/300x200?text=No+Image:0
[  143166ms] [ERROR] Failed to load resource: net::ERR_CONNECTION_CLOSED @ https://via.placeholder.com/300x200?text=No+Image:0
[  143260ms] [ERROR] Failed to load resource: net::ERR_CONNECTION_CLOSED @ https://via.placeholder.com/300x200?text=No+Image:0
[  143362ms] [ERROR] Failed to load resource: net::ERR_CONNECTION_CLOSED @ https://via.placeholder.com/300x200?text=No+Image:0
[  143460ms] [ERROR] Failed to load resource: net::ERR_CONNECTION_CLOSED @ https://via.placeholder.com/300x200?text=No+Image:0
[  143552ms] [ERROR] Failed to load resource: net::ERR_CONNECTION_CLOSED @ https://via.placeholder.com/300x200?text=No+Image:0
[  143644ms] [ERROR] Failed to load resource: net::ERR_CONNECTION_CLOSED @ https://via.placeholder.com/300x200?text=No+Image:0
[  143734ms] [ERROR] Failed to load resource: net::ERR_CONNECTION_CLOSED @ https://via.placeholder.com/300x200?text=No+Image:0
[  143828ms] [ERROR] Failed to load resource: net::ERR_CONNECTION_CLOSED @ https://via.placeholder.com/300x200?text=No+Image:0
[  143926ms] [ERROR] Failed to load resource: net::ERR_CONNECTION_CLOSED @ https://via.placeholder.com/300x200?text=No+Image:0
[  144017ms] [ERROR] Failed to load resource: net::ERR_CONNECTION_CLOSED @ https://via.placeholder.com/300x200?text=No+Image:0
[  144112ms] [ERROR] Failed to load resource: net::ERR_CONNECTION_CLOSED @ https://via.placeholder.com/300x200?text=No+Image:0
[  144214ms] [ERROR] Failed to load resource: net::ERR_CONNECTION_CLOSED @ https://via.placeholder.com/300x200?text=No+Image:0
[  144307ms] [ERROR] Failed to load resource: net::ERR_CONNECTION_CLOSED @ https://via.placeholder.com/300x200?text=No+Image:0
[  144400ms] [ERROR] Failed to load resource: net::ERR_CONNECTION_CLOSED @ https://via.placeholder.com/300x200?text=No+Image:0
[  144495ms] [ERROR] Failed to load resource: net::ERR_CONNECTION_CLOSED @ https://via.placeholder.com/300x200?text=No+Image:0
[  144590ms] [ERROR] Failed to load resource: net::ERR_CONNECTION_CLOSED @ https://via.placeholder.com/300x200?text=No+Image:0
[  144695ms] [ERROR] Failed to load resource: net::ERR_CONNECTION_CLOSED @ https://via.placeholder.com/300x200?text=No+Image:0
[  144788ms] [ERROR] Failed to load resource: net::ERR_CONNECTION_CLOSED @ https://via.placeholder.com/300x200?text=No+Image:0
[  144880ms] [ERROR] Failed to load resource: net::ERR_CONNECTION_CLOSED @ https://via.placeholder.com/300x200?text=No+Image:0
[  144979ms] [ERROR] Failed to load resource: net::ERR_CONNECTION_CLOSED @ https://via.placeholder.com/300x200?text=No+Image:0
[  145073ms] [ERROR] Failed to load resource: net::ERR_CONNECTION_CLOSED @ https://via.placeholder.com/300x200?text=No+Image:0
[  145169ms] [ERROR] Failed to load resource: net::ERR_CONNECTION_CLOSED @ https://via.placeholder.com/300x200?text=No+Image:0
[  145261ms] [ERROR] Failed to load resource: net::ERR_CONNECTION_CLOSED @ https://via.placeholder.com/300x200?text=No+Image:0
[  145355ms] [ERROR] Failed to load resource: net::ERR_CONNECTION_CLOSED @ https://via.placeholder.com/300x200?text=No+Image:0
[  145455ms] [ERROR] Failed to load resource: net::ERR_CONNECTION_CLOSED @ https://via.placeholder.com/300x200?text=No+Image:0
[  145548ms] [ERROR] Failed to load resource: net::ERR_CONNECTION_CLOSED @ https://via.placeholder.com/300x200?text=No+Image:0
[  145644ms] [ERROR] Failed to load resource: net::ERR_CONNECTION_CLOSED @ https://via.placeholder.com/300x200?text=No+Image:0
[  145736ms] [ERROR] Failed to load resource: net::ERR_CONNECTION_CLOSED @ https://via.placeholder.com/300x200?text=No+Image:0
[  145830ms] [ERROR] Failed to load resource: net::ERR_CONNECTION_CLOSED @ https://via.placeholder.com/300x200?text=No+Image:0
[  145928ms] [ERROR] Failed to load resource: net::ERR_CONNECTION_CLOSED @ https://via.placeholder.com/300x200?text=No+Image:0
[  146022ms] [ERROR] Failed to load resource: net::ERR_CONNECTION_CLOSED @ https://via.placeholder.com/300x200?text=No+Image:0
[  146115ms] [ERROR] Failed to load resource: net::ERR_CONNECTION_CLOSED @ https://via.placeholder.com/300x200?text=No+Image:0
[  146211ms] [ERROR] Failed to load resource: net::ERR_CONNECTION_CLOSED @ https://via.placeholder.com/300x200?text=No+Image:0
[  146302ms] [ERROR] Failed to load resource: net::ERR_CONNECTION_CLOSED @ https://via.placeholder.com/300x200?text=No+Image:0
[  146398ms] [ERROR] Failed to load resource: net::ERR_CONNECTION_CLOSED @ https://via.placeholder.com/300x200?text=No+Image:0
[  146500ms] [ERROR] Failed to load resource: net::ERR_CONNECTION_CLOSED @ https://via.placeholder.com/300x200?text=No+Image:0
[  146596ms] [ERROR] Failed to load resource: net::ERR_CONNECTION_CLOSED @ https://via.placeholder.com/300x200?text=No+Image:0
[  146694ms] [ERROR] Failed to load resource: net::ERR_CONNECTION_CLOSED @ https://via.placeholder.com/300x200?text=No+Image:0
[  146789ms] [ERROR] Failed to load resource: net::ERR_CONNECTION_CLOSED @ https://via.placeholder.com/300x200?text=No+Image:0
[  146882ms] [ERROR] Failed to load resource: net::ERR_CONNECTION_CLOSED @ https://via.placeholder.com/300x200?text=No+Image:0
[  146977ms] [ERROR] Failed to load resource: net::ERR_CONNECTION_CLOSED @ https://via.placeholder.com/300x200?text=No+Image:0
[  147069ms] [ERROR] Failed to load resource: net::ERR_CONNECTION_CLOSED @ https://via.placeholder.com/300x200?text=No+Image:0
[  147168ms] [ERROR] Failed to load resource: net::ERR_CONNECTION_CLOSED @ https://via.placeholder.com/300x200?text=No+Image:0
[  147260ms] [ERROR] Failed to load resource: net::ERR_CONNECTION_CLOSED @ https://via.placeholder.com/300x200?text=No+Image:0
[  147350ms] [ERROR] Failed to load resource: net::ERR_CONNECTION_CLOSED @ https://via.placeholder.com/300x200?text=No+Image:0
[  147439ms] [ERROR] Failed to load resource: net::ERR_CONNECTION_CLOSED @ https://via.placeholder.com/300x200?text=No+Image:0
[  147530ms] [ERROR] Failed to load resource: net::ERR_CONNECTION_CLOSED @ https://via.placeholder.com/300x200?text=No+Image:0
[  147625ms] [ERROR] Failed to load resource: net::ERR_CONNECTION_CLOSED @ https://via.placeholder.com/300x200?text=No+Image:0
[  147718ms] [ERROR] Failed to load resource: net::ERR_CONNECTION_CLOSED @ https://via.placeholder.com/300x200?text=No+Image:0
[  147812ms] [ERROR] Failed to load resource: net::ERR_CONNECTION_CLOSED @ https://via.placeholder.com/300x200?text=No+Image:0
[  147905ms] [ERROR] Failed to load resource: net::ERR_CONNECTION_CLOSED @ https://via.placeholder.com/300x200?text=No+Image:0
[  147996ms] [ERROR] Failed to load resource: net::ERR_CONNECTION_CLOSED @ https://via.placeholder.com/300x200?text=No+Image:0
[  148093ms] [ERROR] Failed to load resource: net::ERR_CONNECTION_CLOSED @ https://via.placeholder.com/300x200?text=No+Image:0
[  148195ms] [ERROR] Failed to load resource: net::ERR_CONNECTION_CLOSED @ https://via.placeholder.com/300x200?text=No+Image:0
[  148288ms] [ERROR] Failed to load resource: net::ERR_CONNECTION_CLOSED @ https://via.placeholder.com/300x200?text=No+Image:0
[  148380ms] [ERROR] Failed to load resource: net::ERR_CONNECTION_CLOSED @ https://via.placeholder.com/300x200?text=No+Image:0
[  148475ms] [ERROR] Failed to load resource: net::ERR_CONNECTION_CLOSED @ https://via.placeholder.com/300x200?text=No+Image:0
[  148570ms] [ERROR] Failed to load resource: net::ERR_CONNECTION_CLOSED @ https://via.placeholder.com/300x200?text=No+Image:0
[  148671ms] [ERROR] Failed to load resource: net::ERR_CONNECTION_CLOSED @ https://via.placeholder.com/300x200?text=No+Image:0
[  148765ms] [ERROR] Failed to load resource: net::ERR_CONNECTION_CLOSED @ https://via.placeholder.com/300x200?text=No+Image:0
[  148853ms] [ERROR] Failed to load resource: net::ERR_CONNECTION_CLOSED @ https://via.placeholder.com/300x200?text=No+Image:0
[  148944ms] [ERROR] Failed to load resource: net::ERR_CONNECTION_CLOSED @ https://via.placeholder.com/300x200?text=No+Image:0
[  149037ms] [ERROR] Failed to load resource: net::ERR_CONNECTION_CLOSED @ https://via.placeholder.com/300x200?text=No+Image:0
[  149129ms] [ERROR] Failed to load resource: net::ERR_CONNECTION_CLOSED @ https://via.placeholder.com/300x200?text=No+Image:0
[  149224ms] [ERROR] Failed to load resource: net::ERR_CONNECTION_CLOSED @ https://via.placeholder.com/300x200?text=No+Image:0
[  149317ms] [ERROR] Failed to load resource: net::ERR_CONNECTION_CLOSED @ https://via.placeholder.com/300x200?text=No+Image:0
[  149412ms] [ERROR] Failed to load resource: net::ERR_CONNECTION_CLOSED @ https://via.placeholder.com/300x200?text=No+Image:0
[  149506ms] [ERROR] Failed to load resource: net::ERR_CONNECTION_CLOSED @ https://via.placeholder.com/300x200?text=No+Image:0
[  149601ms] [ERROR] Failed to load resource: net::ERR_CONNECTION_CLOSED @ https://via.placeholder.com/300x200?text=No+Image:0
[  149695ms] [ERROR] Failed to load resource: net::ERR_CONNECTION_CLOSED @ https://via.placeholder.com/300x200?text=No+Image:0
[  149787ms] [ERROR] Failed to load resource: net::ERR_CONNECTION_CLOSED @ https://via.placeholder.com/300x200?text=No+Image:0
[  149880ms] [ERROR] Failed to load resource: net::ERR_CONNECTION_CLOSED @ https://via.placeholder.com/300x200?text=No+Image:0
[  149972ms] [ERROR] Failed to load resource: net::ERR_CONNECTION_CLOSED @ https://via.placeholder.com/300x200?text=No+Image:0
[  150068ms] [ERROR] Failed to load resource: net::ERR_CONNECTION_CLOSED @ https://via.placeholder.com/300x200?text=No+Image:0
[  150165ms] [ERROR] Failed to load resource: net::ERR_CONNECTION_CLOSED @ https://via.placeholder.com/300x200?text=No+Image:0
[  150255ms] [ERROR] Failed to load resource: net::ERR_CONNECTION_CLOSED @ https://via.placeholder.com/300x200?text=No+Image:0
[  150347ms] [ERROR] Failed to load resource: net::ERR_CONNECTION_CLOSED @ https://via.placeholder.com/300x200?text=No+Image:0
[  150435ms] [ERROR] Failed to load resource: net::ERR_CONNECTION_CLOSED @ https://via.placeholder.com/300x200?text=No+Image:0
[  150524ms] [ERROR] Failed to load resource: net::ERR_CONNECTION_CLOSED @ https://via.placeholder.com/300x200?text=No+Image:0
[  150617ms] [ERROR] Failed to load resource: net::ERR_CONNECTION_CLOSED @ https://via.placeholder.com/300x200?text=No+Image:0
[  150715ms] [ERROR] Failed to load resource: net::ERR_CONNECTION_CLOSED @ https://via.placeholder.com/300x200?text=No+Image:0
[  150810ms] [ERROR] Failed to load resource: net::ERR_CONNECTION_CLOSED @ https://via.placeholder.com/300x200?text=No+Image:0
[  150906ms] [ERROR] Failed to load resource: net::ERR_CONNECTION_CLOSED @ https://via.placeholder.com/300x200?text=No+Image:0
[  151006ms] [ERROR] Failed to load resource: net::ERR_CONNECTION_CLOSED @ https://via.placeholder.com/300x200?text=No+Image:0
[  151102ms] [ERROR] Failed to load resource: net::ERR_CONNECTION_CLOSED @ https://via.placeholder.com/300x200?text=No+Image:0
[  151198ms] [ERROR] Failed to load resource: net::ERR_CONNECTION_CLOSED @ https://via.placeholder.com/300x200?text=No+Image:0
[  151296ms] [ERROR] Failed to load resource: net::ERR_CONNECTION_CLOSED @ https://via.placeholder.com/300x200?text=No+Image:0
[  151405ms] [ERROR] Failed to load resource: net::ERR_CONNECTION_CLOSED @ https://via.placeholder.com/300x200?text=No+Image:0
[  151500ms] [ERROR] Failed to load resource: net::ERR_CONNECTION_CLOSED @ https://via.placeholder.com/300x200?text=No+Image:0
[  151592ms] [ERROR] Failed to load resource: net::ERR_CONNECTION_CLOSED @ https://via.placeholder.com/300x200?text=No+Image:0
[  151692ms] [ERROR] Failed to load resource: net::ERR_CONNECTION_CLOSED @ https://via.placeholder.com/300x200?text=No+Image:0
[  151792ms] [ERROR] Failed to load resource: net::ERR_CONNECTION_CLOSED @ https://via.placeholder.com/300x200?text=No+Image:0
[  151889ms] [ERROR] Failed to load resource: net::ERR_CONNECTION_CLOSED @ https://via.placeholder.com/300x200?text=No+Image:0
[  151980ms] [ERROR] Failed to load resource: net::ERR_CONNECTION_CLOSED @ https://via.placeholder.com/300x200?text=No+Image:0
[  152077ms] [ERROR] Failed to load resource: net::ERR_CONNECTION_CLOSED @ https://via.placeholder.com/300x200?text=No+Image:0
[  152175ms] [ERROR] Failed to load resource: net::ERR_CONNECTION_CLOSED @ https://via.placeholder.com/300x200?text=No+Image:0
[  152267ms] [ERROR] Failed to load resource: net::ERR_CONNECTION_CLOSED @ https://via.placeholder.com/300x200?text=No+Image:0
[  152360ms] [ERROR] Failed to load resource: net::ERR_CONNECTION_CLOSED @ https://via.placeholder.com/300x200?text=No+Image:0
[  152451ms] [ERROR] Failed to load resource: net::ERR_CONNECTION_CLOSED @ https://via.placeholder.com/300x200?text=No+Image:0
[  152545ms] [ERROR] Failed to load resource: net::ERR_CONNECTION_CLOSED @ https://via.placeholder.com/300x200?text=No+Image:0
[  152640ms] [ERROR] Failed to load resource: net::ERR_CONNECTION_CLOSED @ https://via.placeholder.com/300x200?text=No+Image:0
[  152742ms] [ERROR] Failed to load resource: net::ERR_CONNECTION_CLOSED @ https://via.placeholder.com/300x200?text=No+Image:0
[  152836ms] [ERROR] Failed to load resource: net::ERR_CONNECTION_CLOSED @ https://via.placeholder.com/300x200?text=No+Image:0
[  152921ms] [ERROR] Failed to load resource: net::ERR_CONNECTION_CLOSED @ https://via.placeholder.com/300x200?text=No+Image:0
[  153015ms] [ERROR] Failed to load resource: net::ERR_CONNECTION_CLOSED @ https://via.placeholder.com/300x200?text=No+Image:0
[  153111ms] [ERROR] Failed to load resource: net::ERR_CONNECTION_CLOSED @ https://via.placeholder.com/300x200?text=No+Image:0
[  153205ms] [ERROR] Failed to load resource: net::ERR_CONNECTION_CLOSED @ https://via.placeholder.com/300x200?text=No+Image:0
[  153298ms] [ERROR] Failed to load resource: net::ERR_CONNECTION_CLOSED @ https://via.placeholder.com/300x200?text=No+Image:0
[  153391ms] [ERROR] Failed to load resource: net::ERR_CONNECTION_CLOSED @ https://via.placeholder.com/300x200?text=No+Image:0
[  153486ms] [ERROR] Failed to load resource: net::ERR_CONNECTION_CLOSED @ https://via.placeholder.com/300x200?text=No+Image:0
[  153577ms] [ERROR] Failed to load resource: net::ERR_CONNECTION_CLOSED @ https://via.placeholder.com/300x200?text=No+Image:0
[  153674ms] [ERROR] Failed to load resource: net::ERR_CONNECTION_CLOSED @ https://via.placeholder.com/300x200?text=No+Image:0
[  153768ms] [ERROR] Failed to load resource: net::ERR_CONNECTION_CLOSED @ https://via.placeholder.com/300x200?text=No+Image:0
[  153860ms] [ERROR] Failed to load resource: net::ERR_CONNECTION_CLOSED @ https://via.placeholder.com/300x200?text=No+Image:0
[  153953ms] [ERROR] Failed to load resource: net::ERR_CONNECTION_CLOSED @ https://via.placeholder.com/300x200?text=No+Image:0
[  154046ms] [ERROR] Failed to load resource: net::ERR_CONNECTION_CLOSED @ https://via.placeholder.com/300x200?text=No+Image:0
[  154140ms] [ERROR] Failed to load resource: net::ERR_CONNECTION_CLOSED @ https://via.placeholder.com/300x200?text=No+Image:0
[  154243ms] [ERROR] Failed to load resource: net::ERR_CONNECTION_CLOSED @ https://via.placeholder.com/300x200?text=No+Image:0
[  154336ms] [ERROR] Failed to load resource: net::ERR_CONNECTION_CLOSED @ https://via.placeholder.com/300x200?text=No+Image:0
[  154426ms] [ERROR] Failed to load resource: net::ERR_CONNECTION_CLOSED @ https://via.placeholder.com/300x200?text=No+Image:0
[  154516ms] [ERROR] Failed to load resource: net::ERR_CONNECTION_CLOSED @ https://via.placeholder.com/300x200?text=No+Image:0
[  154607ms] [ERROR] Failed to load resource: net::ERR_CONNECTION_CLOSED @ https://via.placeholder.com/300x200?text=No+Image:0
[  154708ms] [ERROR] Failed to load resource: net::ERR_CONNECTION_CLOSED @ https://via.placeholder.com/300x200?text=No+Image:0
[  154803ms] [ERROR] Failed to load resource: net::ERR_CONNECTION_CLOSED @ https://via.placeholder.com/300x200?text=No+Image:0
[  154892ms] [ERROR] Failed to load resource: net::ERR_CONNECTION_CLOSED @ https://via.placeholder.com/300x200?text=No+Image:0
[  154986ms] [ERROR] Failed to load resource: net::ERR_CONNECTION_CLOSED @ https://via.placeholder.com/300x200?text=No+Image:0
[  155075ms] [ERROR] Failed to load resource: net::ERR_CONNECTION_CLOSED @ https://via.placeholder.com/300x200?text=No+Image:0
[  155174ms] [ERROR] Failed to load resource: net::ERR_CONNECTION_CLOSED @ https://via.placeholder.com/300x200?text=No+Image:0
[  155269ms] [ERROR] Failed to load resource: net::ERR_CONNECTION_CLOSED @ https://via.placeholder.com/300x200?text=No+Image:0
[  155364ms] [ERROR] Failed to load resource: net::ERR_CONNECTION_CLOSED @ https://via.placeholder.com/300x200?text=No+Image:0
[  155457ms] [ERROR] Failed to load resource: net::ERR_CONNECTION_CLOSED @ https://via.placeholder.com/300x200?text=No+Image:0
[  155549ms] [ERROR] Failed to load resource: net::ERR_CONNECTION_CLOSED @ https://via.placeholder.com/300x200?text=No+Image:0
[  155655ms] [ERROR] Failed to load resource: net::ERR_CONNECTION_CLOSED @ https://via.placeholder.com/300x200?text=No+Image:0
[  155750ms] [ERROR] Failed to load resource: net::ERR_CONNECTION_CLOSED @ https://via.placeholder.com/300x200?text=No+Image:0
[  155845ms] [ERROR] Failed to load resource: net::ERR_CONNECTION_CLOSED @ https://via.placeholder.com/300x200?text=No+Image:0
[  155937ms] [ERROR] Failed to load resource: net::ERR_CONNECTION_CLOSED @ https://via.placeholder.com/300x200?text=No+Image:0
[  156034ms] [ERROR] Failed to load resource: net::ERR_CONNECTION_CLOSED @ https://via.placeholder.com/300x200?text=No+Image:0
[  156132ms] [ERROR] Failed to load resource: net::ERR_CONNECTION_CLOSED @ https://via.placeholder.com/300x200?text=No+Image:0
[  156229ms] [ERROR] Failed to load resource: net::ERR_CONNECTION_CLOSED @ https://via.placeholder.com/300x200?text=No+Image:0
[  156329ms] [ERROR] Failed to load resource: net::ERR_CONNECTION_CLOSED @ https://via.placeholder.com/300x200?text=No+Image:0
[  156418ms] [ERROR] Failed to load resource: net::ERR_CONNECTION_CLOSED @ https://via.placeholder.com/300x200?text=No+Image:0
[  156510ms] [ERROR] Failed to load resource: net::ERR_CONNECTION_CLOSED @ https://via.placeholder.com/300x200?text=No+Image:0
[  156605ms] [ERROR] Failed to load resource: net::ERR_CONNECTION_CLOSED @ https://via.placeholder.com/300x200?text=No+Image:0
[  156706ms] [ERROR] Failed to load resource: net::ERR_CONNECTION_CLOSED @ https://via.placeholder.com/300x200?text=No+Image:0
[  156802ms] [ERROR] Failed to load resource: net::ERR_CONNECTION_CLOSED @ https://via.placeholder.com/300x200?text=No+Image:0
[  156900ms] [ERROR] Failed to load resource: net::ERR_CONNECTION_CLOSED @ https://via.placeholder.com/300x200?text=No+Image:0
[  157000ms] [ERROR] Failed to load resource: net::ERR_CONNECTION_CLOSED @ https://via.placeholder.com/300x200?text=No+Image:0
[  157099ms] [ERROR] Failed to load resource: net::ERR_CONNECTION_CLOSED @ https://via.placeholder.com/300x200?text=No+Image:0
[  157197ms] [ERROR] Failed to load resource: net::ERR_CONNECTION_CLOSED @ https://via.placeholder.com/300x200?text=No+Image:0
[  157293ms] [ERROR] Failed to load resource: net::ERR_CONNECTION_CLOSED @ https://via.placeholder.com/300x200?text=No+Image:0
[  157383ms] [ERROR] Failed to load resource: net::ERR_CONNECTION_CLOSED @ https://via.placeholder.com/300x200?text=No+Image:0
[  157475ms] [ERROR] Failed to load resource: net::ERR_CONNECTION_CLOSED @ https://via.placeholder.com/300x200?text=No+Image:0
[  157569ms] [ERROR] Failed to load resource: net::ERR_CONNECTION_CLOSED @ https://via.placeholder.com/300x200?text=No+Image:0
[  157662ms] [ERROR] Failed to load resource: net::ERR_CONNECTION_CLOSED @ https://via.placeholder.com/300x200?text=No+Image:0
[  157753ms] [ERROR] Failed to load resource: net::ERR_CONNECTION_CLOSED @ https://via.placeholder.com/300x200?text=No+Image:0
[  157851ms] [ERROR] Failed to load resource: net::ERR_CONNECTION_CLOSED @ https://via.placeholder.com/300x200?text=No+Image:0
[  157943ms] [ERROR] Failed to load resource: net::ERR_CONNECTION_CLOSED @ https://via.placeholder.com/300x200?text=No+Image:0
[  158037ms] [ERROR] Failed to load resource: net::ERR_CONNECTION_CLOSED @ https://via.placeholder.com/300x200?text=No+Image:0
[  158133ms] [ERROR] Failed to load resource: net::ERR_CONNECTION_CLOSED @ https://via.placeholder.com/300x200?text=No+Image:0
[  158225ms] [ERROR] Failed to load resource: net::ERR_CONNECTION_CLOSED @ https://via.placeholder.com/300x200?text=No+Image:0
[  158320ms] [ERROR] Failed to load resource: net::ERR_CONNECTION_CLOSED @ https://via.placeholder.com/300x200?text=No+Image:0
[  158416ms] [ERROR] Failed to load resource: net::ERR_CONNECTION_CLOSED @ https://via.placeholder.com/300x200?text=No+Image:0
[  158511ms] [ERROR] Failed to load resource: net::ERR_CONNECTION_CLOSED @ https://via.placeholder.com/300x200?text=No+Image:0
[  158608ms] [ERROR] Failed to load resource: net::ERR_CONNECTION_CLOSED @ https://via.placeholder.com/300x200?text=No+Image:0
[  158703ms] [ERROR] Failed to load resource: net::ERR_CONNECTION_CLOSED @ https://via.placeholder.com/300x200?text=No+Image:0
[  158798ms] [ERROR] Failed to load resource: net::ERR_CONNECTION_CLOSED @ https://via.placeholder.com/300x200?text=No+Image:0
[  158890ms] [ERROR] Failed to load resource: net::ERR_CONNECTION_CLOSED @ https://via.placeholder.com/300x200?text=No+Image:0
[  158987ms] [ERROR] Failed to load resource: net::ERR_CONNECTION_CLOSED @ https://via.placeholder.com/300x200?text=No+Image:0
[  159079ms] [ERROR] Failed to load resource: net::ERR_CONNECTION_CLOSED @ https://via.placeholder.com/300x200?text=No+Image:0
[  159181ms] [ERROR] Failed to load resource: net::ERR_CONNECTION_CLOSED @ https://via.placeholder.com/300x200?text=No+Image:0
[  159274ms] [ERROR] Failed to load resource: net::ERR_CONNECTION_CLOSED @ https://via.placeholder.com/300x200?text=No+Image:0
[  159370ms] [ERROR] Failed to load resource: net::ERR_CONNECTION_CLOSED @ https://via.placeholder.com/300x200?text=No+Image:0
[  159465ms] [ERROR] Failed to load resource: net::ERR_CONNECTION_CLOSED @ https://via.placeholder.com/300x200?text=No+Image:0
[  159558ms] [ERROR] Failed to load resource: net::ERR_CONNECTION_CLOSED @ https://via.placeholder.com/300x200?text=No+Image:0
[  159657ms] [ERROR] Failed to load resource: net::ERR_CONNECTION_CLOSED @ https://via.placeholder.com/300x200?text=No+Image:0
[  159753ms] [ERROR] Failed to load resource: net::ERR_CONNECTION_CLOSED @ https://via.placeholder.com/300x200?text=No+Image:0
[  159843ms] [ERROR] Failed to load resource: net::ERR_CONNECTION_CLOSED @ https://via.placeholder.com/300x200?text=No+Image:0
[  159946ms] [ERROR] Failed to load resource: net::ERR_CONNECTION_CLOSED @ https://via.placeholder.com/300x200?text=No+Image:0
[  160040ms] [ERROR] Failed to load resource: net::ERR_CONNECTION_CLOSED @ https://via.placeholder.com/300x200?text=No+Image:0
[  160130ms] [ERROR] Failed to load resource: net::ERR_CONNECTION_CLOSED @ https://via.placeholder.com/300x200?text=No+Image:0
[  160225ms] [ERROR] Failed to load resource: net::ERR_CONNECTION_CLOSED @ https://via.placeholder.com/300x200?text=No+Image:0
[  160343ms] [ERROR] Failed to load resource: net::ERR_CONNECTION_CLOSED @ https://via.placeholder.com/300x200?text=No+Image:0
[  160438ms] [ERROR] Failed to load resource: net::ERR_CONNECTION_CLOSED @ https://via.placeholder.com/300x200?text=No+Image:0
[  160529ms] [ERROR] Failed to load resource: net::ERR_CONNECTION_CLOSED @ https://via.placeholder.com/300x200?text=No+Image:0
[  160624ms] [ERROR] Failed to load resource: net::ERR_CONNECTION_CLOSED @ https://via.placeholder.com/300x200?text=No+Image:0
[  160735ms] [ERROR] Failed to load resource: net::ERR_CONNECTION_CLOSED @ https://via.placeholder.com/300x200?text=No+Image:0
[  160828ms] [ERROR] Failed to load resource: net::ERR_CONNECTION_CLOSED @ https://via.placeholder.com/300x200?text=No+Image:0
[  160923ms] [ERROR] Failed to load resource: net::ERR_CONNECTION_CLOSED @ https://via.placeholder.com/300x200?text=No+Image:0
[  161017ms] [ERROR] Failed to load resource: net::ERR_CONNECTION_CLOSED @ https://via.placeholder.com/300x200?text=No+Image:0
[  161111ms] [ERROR] Failed to load resource: net::ERR_CONNECTION_CLOSED @ https://via.placeholder.com/300x200?text=No+Image:0
[  161205ms] [ERROR] Failed to load resource: net::ERR_CONNECTION_CLOSED @ https://via.placeholder.com/300x200?text=No+Image:0
[  161302ms] [ERROR] Failed to load resource: net::ERR_CONNECTION_CLOSED @ https://via.placeholder.com/300x200?text=No+Image:0
[  161396ms] [ERROR] Failed to load resource: net::ERR_CONNECTION_CLOSED @ https://via.placeholder.com/300x200?text=No+Image:0
[  161490ms] [ERROR] Failed to load resource: net::ERR_CONNECTION_CLOSED @ https://via.placeholder.com/300x200?text=No+Image:0
[  161585ms] [ERROR] Failed to load resource: net::ERR_CONNECTION_CLOSED @ https://via.placeholder.com/300x200?text=No+Image:0
[  161685ms] [ERROR] Failed to load resource: net::ERR_CONNECTION_CLOSED @ https://via.placeholder.com/300x200?text=No+Image:0
[  161778ms] [ERROR] Failed to load resource: net::ERR_CONNECTION_CLOSED @ https://via.placeholder.com/300x200?text=No+Image:0
[  161871ms] [ERROR] Failed to load resource: net::ERR_CONNECTION_CLOSED @ https://via.placeholder.com/300x200?text=No+Image:0
[  161977ms] [ERROR] Failed to load resource: net::ERR_CONNECTION_CLOSED @ https://via.placeholder.com/300x200?text=No+Image:0
[  162072ms] [ERROR] Failed to load resource: net::ERR_CONNECTION_CLOSED @ https://via.placeholder.com/300x200?text=No+Image:0
[  162182ms] [ERROR] Failed to load resource: net::ERR_CONNECTION_CLOSED @ https://via.placeholder.com/300x200?text=No+Image:0
[  162277ms] [ERROR] Failed to load resource: net::ERR_CONNECTION_CLOSED @ https://via.placeholder.com/300x200?text=No+Image:0
[  162366ms] [ERROR] Failed to load resource: net::ERR_CONNECTION_CLOSED @ https://via.placeholder.com/300x200?text=No+Image:0
[  162457ms] [ERROR] Failed to load resource: net::ERR_CONNECTION_CLOSED @ https://via.placeholder.com/300x200?text=No+Image:0
[  162551ms] [ERROR] Failed to load resource: net::ERR_CONNECTION_CLOSED @ https://via.placeholder.com/300x200?text=No+Image:0
[  162645ms] [ERROR] Failed to load resource: net::ERR_CONNECTION_CLOSED @ https://via.placeholder.com/300x200?text=No+Image:0
[  162747ms] [ERROR] Failed to load resource: net::ERR_CONNECTION_CLOSED @ https://via.placeholder.com/300x200?text=No+Image:0
[  162839ms] [ERROR] Failed to load resource: net::ERR_CONNECTION_CLOSED @ https://via.placeholder.com/300x200?text=No+Image:0
[  162935ms] [ERROR] Failed to load resource: net::ERR_CONNECTION_CLOSED @ https://via.placeholder.com/300x200?text=No+Image:0
[  163030ms] [ERROR] Failed to load resource: net::ERR_CONNECTION_CLOSED @ https://via.placeholder.com/300x200?text=No+Image:0
[  163123ms] [ERROR] Failed to load resource: net::ERR_CONNECTION_CLOSED @ https://via.placeholder.com/300x200?text=No+Image:0
[  163215ms] [ERROR] Failed to load resource: net::ERR_CONNECTION_CLOSED @ https://via.placeholder.com/300x200?text=No+Image:0
[  163306ms] [ERROR] Failed to load resource: net::ERR_CONNECTION_CLOSED @ https://via.placeholder.com/300x200?text=No+Image:0
[  163400ms] [ERROR] Failed to load resource: net::ERR_CONNECTION_CLOSED @ https://via.placeholder.com/300x200?text=No+Image:0
[  163492ms] [ERROR] Failed to load resource: net::ERR_CONNECTION_CLOSED @ https://via.placeholder.com/300x200?text=No+Image:0
[  163587ms] [ERROR] Failed to load resource: net::ERR_CONNECTION_CLOSED @ https://via.placeholder.com/300x200?text=No+Image:0
[  163719ms] [ERROR] Failed to load resource: net::ERR_CONNECTION_CLOSED @ https://via.placeholder.com/300x200?text=No+Image:0
[  163842ms] [ERROR] Failed to load resource: net::ERR_CONNECTION_CLOSED @ https://via.placeholder.com/300x200?text=No+Image:0
[  163934ms] [ERROR] Failed to load resource: net::ERR_CONNECTION_CLOSED @ https://via.placeholder.com/300x200?text=No+Image:0
[  164025ms] [ERROR] Failed to load resource: net::ERR_CONNECTION_CLOSED @ https://via.placeholder.com/300x200?text=No+Image:0
[  164117ms] [ERROR] Failed to load resource: net::ERR_CONNECTION_CLOSED @ https://via.placeholder.com/300x200?text=No+Image:0
[  164210ms] [ERROR] Failed to load resource: net::ERR_CONNECTION_CLOSED @ https://via.placeholder.com/300x200?text=No+Image:0
[  164302ms] [ERROR] Failed to load resource: net::ERR_CONNECTION_CLOSED @ https://via.placeholder.com/300x200?text=No+Image:0
[  164400ms] [ERROR] Failed to load resource: net::ERR_CONNECTION_CLOSED @ https://via.placeholder.com/300x200?text=No+Image:0
[  164493ms] [ERROR] Failed to load resource: net::ERR_CONNECTION_CLOSED @ https://via.placeholder.com/300x200?text=No+Image:0
[  164586ms] [ERROR] Failed to load resource: net::ERR_CONNECTION_CLOSED @ https://via.placeholder.com/300x200?text=No+Image:0
[  164690ms] [ERROR] Failed to load resource: net::ERR_CONNECTION_CLOSED @ https://via.placeholder.com/300x200?text=No+Image:0
[  164786ms] [ERROR] Failed to load resource: net::ERR_CONNECTION_CLOSED @ https://via.placeholder.com/300x200?text=No+Image:0
[  164885ms] [ERROR] Failed to load resource: net::ERR_CONNECTION_CLOSED @ https://via.placeholder.com/300x200?text=No+Image:0
[  164981ms] [ERROR] Failed to load resource: net::ERR_CONNECTION_CLOSED @ https://via.placeholder.com/300x200?text=No+Image:0
[  165075ms] [ERROR] Failed to load resource: net::ERR_CONNECTION_CLOSED @ https://via.placeholder.com/300x200?text=No+Image:0
[  165186ms] [ERROR] Failed to load resource: net::ERR_CONNECTION_CLOSED @ https://via.placeholder.com/300x200?text=No+Image:0
[  165278ms] [ERROR] Failed to load resource: net::ERR_CONNECTION_CLOSED @ https://via.placeholder.com/300x200?text=No+Image:0
[  165369ms] [ERROR] Failed to load resource: net::ERR_CONNECTION_CLOSED @ https://via.placeholder.com/300x200?text=No+Image:0
[  165462ms] [ERROR] Failed to load resource: net::ERR_CONNECTION_CLOSED @ https://via.placeholder.com/300x200?text=No+Image:0
[  165555ms] [ERROR] Failed to load resource: net::ERR_CONNECTION_CLOSED @ https://via.placeholder.com/300x200?text=No+Image:0
[  165652ms] [ERROR] Failed to load resource: net::ERR_CONNECTION_CLOSED @ https://via.placeholder.com/300x200?text=No+Image:0
[  165753ms] [ERROR] Failed to load resource: net::ERR_CONNECTION_CLOSED @ https://via.placeholder.com/300x200?text=No+Image:0
[  165846ms] [ERROR] Failed to load resource: net::ERR_CONNECTION_CLOSED @ https://via.placeholder.com/300x200?text=No+Image:0
[  165939ms] [ERROR] Failed to load resource: net::ERR_CONNECTION_CLOSED @ https://via.placeholder.com/300x200?text=No+Image:0
[  166033ms] [ERROR] Failed to load resource: net::ERR_CONNECTION_CLOSED @ https://via.placeholder.com/300x200?text=No+Image:0
[  166123ms] [ERROR] Failed to load resource: net::ERR_CONNECTION_CLOSED @ https://via.placeholder.com/300x200?text=No+Image:0
[  166217ms] [ERROR] Failed to load resource: net::ERR_CONNECTION_CLOSED @ https://via.placeholder.com/300x200?text=No+Image:0
[  166312ms] [ERROR] Failed to load resource: net::ERR_CONNECTION_CLOSED @ https://via.placeholder.com/300x200?text=No+Image:0
[  166407ms] [ERROR] Failed to load resource: net::ERR_CONNECTION_CLOSED @ https://via.placeholder.com/300x200?text=No+Image:0
[  166510ms] [ERROR] Failed to load resource: net::ERR_CONNECTION_CLOSED @ https://via.placeholder.com/300x200?text=No+Image:0
[  166603ms] [ERROR] Failed to load resource: net::ERR_CONNECTION_CLOSED @ https://via.placeholder.com/300x200?text=No+Image:0
[  166706ms] [ERROR] Failed to load resource: net::ERR_CONNECTION_CLOSED @ https://via.placeholder.com/300x200?text=No+Image:0
[  166812ms] [ERROR] Failed to load resource: net::ERR_CONNECTION_CLOSED @ https://via.placeholder.com/300x200?text=No+Image:0
[  166908ms] [ERROR] Failed to load resource: net::ERR_CONNECTION_CLOSED @ https://via.placeholder.com/300x200?text=No+Image:0
[  167007ms] [ERROR] Failed to load resource: net::ERR_CONNECTION_CLOSED @ https://via.placeholder.com/300x200?text=No+Image:0
[  167099ms] [ERROR] Failed to load resource: net::ERR_CONNECTION_CLOSED @ https://via.placeholder.com/300x200?text=No+Image:0
[  167195ms] [ERROR] Failed to load resource: net::ERR_CONNECTION_CLOSED @ https://via.placeholder.com/300x200?text=No+Image:0
[  167288ms] [ERROR] Failed to load resource: net::ERR_CONNECTION_CLOSED @ https://via.placeholder.com/300x200?text=No+Image:0
[  167382ms] [ERROR] Failed to load resource: net::ERR_CONNECTION_CLOSED @ https://via.placeholder.com/300x200?text=No+Image:0
[  167478ms] [ERROR] Failed to load resource: net::ERR_CONNECTION_CLOSED @ https://via.placeholder.com/300x200?text=No+Image:0
[  167579ms] [ERROR] Failed to load resource: net::ERR_CONNECTION_CLOSED @ https://via.placeholder.com/300x200?text=No+Image:0
[  167683ms] [ERROR] Failed to load resource: net::ERR_CONNECTION_CLOSED @ https://via.placeholder.com/300x200?text=No+Image:0
[  167774ms] [ERROR] Failed to load resource: net::ERR_CONNECTION_CLOSED @ https://via.placeholder.com/300x200?text=No+Image:0
[  167866ms] [ERROR] Failed to load resource: net::ERR_CONNECTION_CLOSED @ https://via.placeholder.com/300x200?text=No+Image:0
[  167959ms] [ERROR] Failed to load resource: net::ERR_CONNECTION_CLOSED @ https://via.placeholder.com/300x200?text=No+Image:0
[  168059ms] [ERROR] Failed to load resource: net::ERR_CONNECTION_CLOSED @ https://via.placeholder.com/300x200?text=No+Image:0
[  168175ms] [ERROR] Failed to load resource: net::ERR_CONNECTION_CLOSED @ https://via.placeholder.com/300x200?text=No+Image:0
[  168271ms] [ERROR] Failed to load resource: net::ERR_CONNECTION_CLOSED @ https://via.placeholder.com/300x200?text=No+Image:0
[  168373ms] [ERROR] Failed to load resource: net::ERR_CONNECTION_CLOSED @ https://via.placeholder.com/300x200?text=No+Image:0
[  168466ms] [ERROR] Failed to load resource: net::ERR_CONNECTION_CLOSED @ https://via.placeholder.com/300x200?text=No+Image:0
[  168560ms] [ERROR] Failed to load resource: net::ERR_CONNECTION_CLOSED @ https://via.placeholder.com/300x200?text=No+Image:0
[  168652ms] [ERROR] Failed to load resource: net::ERR_CONNECTION_CLOSED @ https://via.placeholder.com/300x200?text=No+Image:0
[  168745ms] [ERROR] Failed to load resource: net::ERR_CONNECTION_CLOSED @ https://via.placeholder.com/300x200?text=No+Image:0
[  168845ms] [ERROR] Failed to load resource: net::ERR_CONNECTION_CLOSED @ https://via.placeholder.com/300x200?text=No+Image:0
[  168932ms] [ERROR] Failed to load resource: net::ERR_CONNECTION_CLOSED @ https://via.placeholder.com/300x200?text=No+Image:0
[  169026ms] [ERROR] Failed to load resource: net::ERR_CONNECTION_CLOSED @ https://via.placeholder.com/300x200?text=No+Image:0
[  169122ms] [ERROR] Failed to load resource: net::ERR_CONNECTION_CLOSED @ https://via.placeholder.com/300x200?text=No+Image:0
[  169222ms] [ERROR] Failed to load resource: net::ERR_CONNECTION_CLOSED @ https://via.placeholder.com/300x200?text=No+Image:0
[  169311ms] [ERROR] Failed to load resource: net::ERR_CONNECTION_CLOSED @ https://via.placeholder.com/300x200?text=No+Image:0
[  169407ms] [ERROR] Failed to load resource: net::ERR_CONNECTION_CLOSED @ https://via.placeholder.com/300x200?text=No+Image:0
[  169505ms] [ERROR] Failed to load resource: net::ERR_CONNECTION_CLOSED @ https://via.placeholder.com/300x200?text=No+Image:0
[  169603ms] [ERROR] Failed to load resource: net::ERR_CONNECTION_CLOSED @ https://via.placeholder.com/300x200?text=No+Image:0
[  169697ms] [ERROR] Failed to load resource: net::ERR_CONNECTION_CLOSED @ https://via.placeholder.com/300x200?text=No+Image:0
[  169787ms] [ERROR] Failed to load resource: net::ERR_CONNECTION_CLOSED @ https://via.placeholder.com/300x200?text=No+Image:0
[  169880ms] [ERROR] Failed to load resource: net::ERR_CONNECTION_CLOSED @ https://via.placeholder.com/300x200?text=No+Image:0
[  169975ms] [ERROR] Failed to load resource: net::ERR_CONNECTION_CLOSED @ https://via.placeholder.com/300x200?text=No+Image:0
[  170066ms] [ERROR] Failed to load resource: net::ERR_CONNECTION_CLOSED @ https://via.placeholder.com/300x200?text=No+Image:0
[  170160ms] [ERROR] Failed to load resource: net::ERR_CONNECTION_CLOSED @ https://via.placeholder.com/300x200?text=No+Image:0
[  170258ms] [ERROR] Failed to load resource: net::ERR_CONNECTION_CLOSED @ https://via.placeholder.com/300x200?text=No+Image:0
[  170356ms] [ERROR] Failed to load resource: net::ERR_CONNECTION_CLOSED @ https://via.placeholder.com/300x200?text=No+Image:0
[  170456ms] [ERROR] Failed to load resource: net::ERR_CONNECTION_CLOSED @ https://via.placeholder.com/300x200?text=No+Image:0
[  170554ms] [ERROR] Failed to load resource: net::ERR_CONNECTION_CLOSED @ https://via.placeholder.com/300x200?text=No+Image:0
[  170657ms] [ERROR] Failed to load resource: net::ERR_CONNECTION_CLOSED @ https://via.placeholder.com/300x200?text=No+Image:0
[  170760ms] [ERROR] Failed to load resource: net::ERR_CONNECTION_CLOSED @ https://via.placeholder.com/300x200?text=No+Image:0
[  170858ms] [ERROR] Failed to load resource: net::ERR_CONNECTION_CLOSED @ https://via.placeholder.com/300x200?text=No+Image:0
[  170955ms] [ERROR] Failed to load resource: net::ERR_CONNECTION_CLOSED @ https://via.placeholder.com/300x200?text=No+Image:0
[  171052ms] [ERROR] Failed to load resource: net::ERR_CONNECTION_CLOSED @ https://via.placeholder.com/300x200?text=No+Image:0
[  171152ms] [ERROR] Failed to load resource: net::ERR_CONNECTION_CLOSED @ https://via.placeholder.com/300x200?text=No+Image:0
[  171250ms] [ERROR] Failed to load resource: net::ERR_CONNECTION_CLOSED @ https://via.placeholder.com/300x200?text=No+Image:0
[  171348ms] [ERROR] Failed to load resource: net::ERR_CONNECTION_CLOSED @ https://via.placeholder.com/300x200?text=No+Image:0
[  171439ms] [ERROR] Failed to load resource: net::ERR_CONNECTION_CLOSED @ https://via.placeholder.com/300x200?text=No+Image:0
[  171533ms] [ERROR] Failed to load resource: net::ERR_CONNECTION_CLOSED @ https://via.placeholder.com/300x200?text=No+Image:0
[  171625ms] [ERROR] Failed to load resource: net::ERR_CONNECTION_CLOSED @ https://via.placeholder.com/300x200?text=No+Image:0
[  171720ms] [ERROR] Failed to load resource: net::ERR_CONNECTION_CLOSED @ https://via.placeholder.com/300x200?text=No+Image:0
[  171813ms] [ERROR] Failed to load resource: net::ERR_CONNECTION_CLOSED @ https://via.placeholder.com/300x200?text=No+Image:0
[  171906ms] [ERROR] Failed to load resource: net::ERR_CONNECTION_CLOSED @ https://via.placeholder.com/300x200?text=No+Image:0
[  172001ms] [ERROR] Failed to load resource: net::ERR_CONNECTION_CLOSED @ https://via.placeholder.com/300x200?text=No+Image:0
[  172092ms] [ERROR] Failed to load resource: net::ERR_CONNECTION_CLOSED @ https://via.placeholder.com/300x200?text=No+Image:0
[  172191ms] [ERROR] Failed to load resource: net::ERR_CONNECTION_CLOSED @ https://via.placeholder.com/300x200?text=No+Image:0
[  172311ms] [ERROR] Failed to load resource: net::ERR_CONNECTION_CLOSED @ https://via.placeholder.com/300x200?text=No+Image:0
[  172405ms] [ERROR] Failed to load resource: net::ERR_CONNECTION_CLOSED @ https://via.placeholder.com/300x200?text=No+Image:0
[  172501ms] [ERROR] Failed to load resource: net::ERR_CONNECTION_CLOSED @ https://via.placeholder.com/300x200?text=No+Image:0
[  172592ms] [ERROR] Failed to load resource: net::ERR_CONNECTION_CLOSED @ https://via.placeholder.com/300x200?text=No+Image:0
[  172693ms] [ERROR] Failed to load resource: net::ERR_CONNECTION_CLOSED @ https://via.placeholder.com/300x200?text=No+Image:0
[  172790ms] [ERROR] Failed to load resource: net::ERR_CONNECTION_CLOSED @ https://via.placeholder.com/300x200?text=No+Image:0
[  172884ms] [ERROR] Failed to load resource: net::ERR_CONNECTION_CLOSED @ https://via.placeholder.com/300x200?text=No+Image:0
[  172986ms] [ERROR] Failed to load resource: net::ERR_CONNECTION_CLOSED @ https://via.placeholder.com/300x200?text=No+Image:0
[  173079ms] [ERROR] Failed to load resource: net::ERR_CONNECTION_CLOSED @ https://via.placeholder.com/300x200?text=No+Image:0
[  173193ms] [ERROR] Failed to load resource: net::ERR_CONNECTION_CLOSED @ https://via.placeholder.com/300x200?text=No+Image:0
[  173286ms] [ERROR] Failed to load resource: net::ERR_CONNECTION_CLOSED @ https://via.placeholder.com/300x200?text=No+Image:0
[  173376ms] [ERROR] Failed to load resource: net::ERR_CONNECTION_CLOSED @ https://via.placeholder.com/300x200?text=No+Image:0
[  173470ms] [ERROR] Failed to load resource: net::ERR_CONNECTION_CLOSED @ https://via.placeholder.com/300x200?text=No+Image:0
[  173567ms] [ERROR] Failed to load resource: net::ERR_CONNECTION_CLOSED @ https://via.placeholder.com/300x200?text=No+Image:0
[  173657ms] [ERROR] Failed to load resource: net::ERR_CONNECTION_CLOSED @ https://via.placeholder.com/300x200?text=No+Image:0
[  173753ms] [ERROR] Failed to load resource: net::ERR_CONNECTION_CLOSED @ https://via.placeholder.com/300x200?text=No+Image:0
[  173846ms] [ERROR] Failed to load resource: net::ERR_CONNECTION_CLOSED @ https://via.placeholder.com/300x200?text=No+Image:0
[  173937ms] [ERROR] Failed to load resource: net::ERR_CONNECTION_CLOSED @ https://via.placeholder.com/300x200?text=No+Image:0
[  174030ms] [ERROR] Failed to load resource: net::ERR_CONNECTION_CLOSED @ https://via.placeholder.com/300x200?text=No+Image:0
[  174122ms] [ERROR] Failed to load resource: net::ERR_CONNECTION_CLOSED @ https://via.placeholder.com/300x200?text=No+Image:0
[  174221ms] [ERROR] Failed to load resource: net::ERR_CONNECTION_CLOSED @ https://via.placeholder.com/300x200?text=No+Image:0
[  174316ms] [ERROR] Failed to load resource: net::ERR_CONNECTION_CLOSED @ https://via.placeholder.com/300x200?text=No+Image:0
[  174412ms] [ERROR] Failed to load resource: net::ERR_CONNECTION_CLOSED @ https://via.placeholder.com/300x200?text=No+Image:0
[  174504ms] [ERROR] Failed to load resource: net::ERR_CONNECTION_CLOSED @ https://via.placeholder.com/300x200?text=No+Image:0
[  174598ms] [ERROR] Failed to load resource: net::ERR_CONNECTION_CLOSED @ https://via.placeholder.com/300x200?text=No+Image:0
[  174698ms] [ERROR] Failed to load resource: net::ERR_CONNECTION_CLOSED @ https://via.placeholder.com/300x200?text=No+Image:0
[  174787ms] [ERROR] Failed to load resource: net::ERR_CONNECTION_CLOSED @ https://via.placeholder.com/300x200?text=No+Image:0
[  174880ms] [ERROR] Failed to load resource: net::ERR_CONNECTION_CLOSED @ https://via.placeholder.com/300x200?text=No+Image:0
[  174975ms] [ERROR] Failed to load resource: net::ERR_CONNECTION_CLOSED @ https://via.placeholder.com/300x200?text=No+Image:0
[  175067ms] [ERROR] Failed to load resource: net::ERR_CONNECTION_CLOSED @ https://via.placeholder.com/300x200?text=No+Image:0
[  175170ms] [ERROR] Failed to load resource: net::ERR_CONNECTION_CLOSED @ https://via.placeholder.com/300x200?text=No+Image:0
[  175273ms] [ERROR] Failed to load resource: net::ERR_CONNECTION_CLOSED @ https://via.placeholder.com/300x200?text=No+Image:0
[  175366ms] [ERROR] Failed to load resource: net::ERR_CONNECTION_CLOSED @ https://via.placeholder.com/300x200?text=No+Image:0
[  175460ms] [ERROR] Failed to load resource: net::ERR_CONNECTION_CLOSED @ https://via.placeholder.com/300x200?text=No+Image:0
[  175562ms] [ERROR] Failed to load resource: net::ERR_CONNECTION_CLOSED @ https://via.placeholder.com/300x200?text=No+Image:0
[  175654ms] [ERROR] Failed to load resource: net::ERR_CONNECTION_CLOSED @ https://via.placeholder.com/300x200?text=No+Image:0
[  175749ms] [ERROR] Failed to load resource: net::ERR_CONNECTION_CLOSED @ https://via.placeholder.com/300x200?text=No+Image:0
[  175839ms] [ERROR] Failed to load resource: net::ERR_CONNECTION_CLOSED @ https://via.placeholder.com/300x200?text=No+Image:0
[  175932ms] [ERROR] Failed to load resource: net::ERR_CONNECTION_CLOSED @ https://via.placeholder.com/300x200?text=No+Image:0
[  176027ms] [ERROR] Failed to load resource: net::ERR_CONNECTION_CLOSED @ https://via.placeholder.com/300x200?text=No+Image:0
[  176127ms] [ERROR] Failed to load resource: net::ERR_CONNECTION_CLOSED @ https://via.placeholder.com/300x200?text=No+Image:0
[  176230ms] [ERROR] Failed to load resource: net::ERR_CONNECTION_CLOSED @ https://via.placeholder.com/300x200?text=No+Image:0
[  176322ms] [ERROR] Failed to load resource: net::ERR_CONNECTION_CLOSED @ https://via.placeholder.com/300x200?text=No+Image:0
[  176416ms] [ERROR] Failed to load resource: net::ERR_CONNECTION_CLOSED @ https://via.placeholder.com/300x200?text=No+Image:0
[  176540ms] [ERROR] Failed to load resource: net::ERR_CONNECTION_CLOSED @ https://via.placeholder.com/300x200?text=No+Image:0
[  176638ms] [ERROR] Failed to load resource: net::ERR_CONNECTION_CLOSED @ https://via.placeholder.com/300x200?text=No+Image:0
[  176740ms] [ERROR] Failed to load resource: net::ERR_CONNECTION_CLOSED @ https://via.placeholder.com/300x200?text=No+Image:0
[  176841ms] [ERROR] Failed to load resource: net::ERR_CONNECTION_CLOSED @ https://via.placeholder.com/300x200?text=No+Image:0
[  176937ms] [ERROR] Failed to load resource: net::ERR_CONNECTION_CLOSED @ https://via.placeholder.com/300x200?text=No+Image:0
[  177036ms] [ERROR] Failed to load resource: net::ERR_CONNECTION_CLOSED @ https://via.placeholder.com/300x200?text=No+Image:0
[  177133ms] [ERROR] Failed to load resource: net::ERR_CONNECTION_CLOSED @ https://via.placeholder.com/300x200?text=No+Image:0
[  177230ms] [ERROR] Failed to load resource: net::ERR_CONNECTION_CLOSED @ https://via.placeholder.com/300x200?text=No+Image:0
[  177336ms] [ERROR] Failed to load resource: net::ERR_CONNECTION_CLOSED @ https://via.placeholder.com/300x200?text=No+Image:0
[  177434ms] [ERROR] Failed to load resource: net::ERR_CONNECTION_CLOSED @ https://via.placeholder.com/300x200?text=No+Image:0
[  177526ms] [ERROR] Failed to load resource: net::ERR_CONNECTION_CLOSED @ https://via.placeholder.com/300x200?text=No+Image:0
[  177625ms] [ERROR] Failed to load resource: net::ERR_CONNECTION_CLOSED @ https://via.placeholder.com/300x200?text=No+Image:0
[  177734ms] [ERROR] Failed to load resource: net::ERR_CONNECTION_CLOSED @ https://via.placeholder.com/300x200?text=No+Image:0
[  177827ms] [ERROR] Failed to load resource: net::ERR_CONNECTION_CLOSED @ https://via.placeholder.com/300x200?text=No+Image:0
[  177924ms] [ERROR] Failed to load resource: net::ERR_CONNECTION_CLOSED @ https://via.placeholder.com/300x200?text=No+Image:0
[  178029ms] [ERROR] Failed to load resource: net::ERR_CONNECTION_CLOSED @ https://via.placeholder.com/300x200?text=No+Image:0
[  178122ms] [ERROR] Failed to load resource: net::ERR_CONNECTION_CLOSED @ https://via.placeholder.com/300x200?text=No+Image:0
[  178215ms] [ERROR] Failed to load resource: net::ERR_CONNECTION_CLOSED @ https://via.placeholder.com/300x200?text=No+Image:0
[  178310ms] [ERROR] Failed to load resource: net::ERR_CONNECTION_CLOSED @ https://via.placeholder.com/300x200?text=No+Image:0
[  178403ms] [ERROR] Failed to load resource: net::ERR_CONNECTION_CLOSED @ https://via.placeholder.com/300x200?text=No+Image:0
[  178494ms] [ERROR] Failed to load resource: net::ERR_CONNECTION_CLOSED @ https://via.placeholder.com/300x200?text=No+Image:0
[  178585ms] [ERROR] Failed to load resource: net::ERR_CONNECTION_CLOSED @ https://via.placeholder.com/300x200?text=No+Image:0
[  178676ms] [ERROR] Failed to load resource: net::ERR_CONNECTION_CLOSED @ https://via.placeholder.com/300x200?text=No+Image:0
[  178778ms] [ERROR] Failed to load resource: net::ERR_CONNECTION_CLOSED @ https://via.placeholder.com/300x200?text=No+Image:0
[  178869ms] [ERROR] Failed to load resource: net::ERR_CONNECTION_CLOSED @ https://via.placeholder.com/300x200?text=No+Image:0
[  178962ms] [ERROR] Failed to load resource: net::ERR_CONNECTION_CLOSED @ https://via.placeholder.com/300x200?text=No+Image:0
[  179057ms] [ERROR] Failed to load resource: net::ERR_CONNECTION_CLOSED @ https://via.placeholder.com/300x200?text=No+Image:0
[  179150ms] [ERROR] Failed to load resource: net::ERR_CONNECTION_CLOSED @ https://via.placeholder.com/300x200?text=No+Image:0
[  179254ms] [ERROR] Failed to load resource: net::ERR_CONNECTION_CLOSED @ https://via.placeholder.com/300x200?text=No+Image:0
[  179346ms] [ERROR] Failed to load resource: net::ERR_CONNECTION_CLOSED @ https://via.placeholder.com/300x200?text=No+Image:0
[  179440ms] [ERROR] Failed to load resource: net::ERR_CONNECTION_CLOSED @ https://via.placeholder.com/300x200?text=No+Image:0
[  179538ms] [ERROR] Failed to load resource: net::ERR_CONNECTION_CLOSED @ https://via.placeholder.com/300x200?text=No+Image:0
[  179632ms] [ERROR] Failed to load resource: net::ERR_CONNECTION_CLOSED @ https://via.placeholder.com/300x200?text=No+Image:0
[  179734ms] [ERROR] Failed to load resource: net::ERR_CONNECTION_CLOSED @ https://via.placeholder.com/300x200?text=No+Image:0
[  179829ms] [ERROR] Failed to load resource: net::ERR_CONNECTION_CLOSED @ https://via.placeholder.com/300x200?text=No+Image:0
[  179917ms] [ERROR] Failed to load resource: net::ERR_CONNECTION_CLOSED @ https://via.placeholder.com/300x200?text=No+Image:0
[  180013ms] [ERROR] Failed to load resource: net::ERR_CONNECTION_CLOSED @ https://via.placeholder.com/300x200?text=No+Image:0
[  180102ms] [ERROR] Failed to load resource: net::ERR_CONNECTION_CLOSED @ https://via.placeholder.com/300x200?text=No+Image:0
[  180206ms] [ERROR] Failed to load resource: net::ERR_CONNECTION_CLOSED @ https://via.placeholder.com/300x200?text=No+Image:0
[  180302ms] [ERROR] Failed to load resource: net::ERR_CONNECTION_CLOSED @ https://via.placeholder.com/300x200?text=No+Image:0
[  180398ms] [ERROR] Failed to load resource: net::ERR_CONNECTION_CLOSED @ https://via.placeholder.com/300x200?text=No+Image:0
[  180498ms] [ERROR] Failed to load resource: net::ERR_CONNECTION_CLOSED @ https://via.placeholder.com/300x200?text=No+Image:0
[  180589ms] [ERROR] Failed to load resource: net::ERR_CONNECTION_CLOSED @ https://via.placeholder.com/300x200?text=No+Image:0
[  180683ms] [ERROR] Failed to load resource: net::ERR_CONNECTION_CLOSED @ https://via.placeholder.com/300x200?text=No+Image:0
[  180777ms] [ERROR] Failed to load resource: net::ERR_CONNECTION_CLOSED @ https://via.placeholder.com/300x200?text=No+Image:0
[  180870ms] [ERROR] Failed to load resource: net::ERR_CONNECTION_CLOSED @ https://via.placeholder.com/300x200?text=No+Image:0
[  180966ms] [ERROR] Failed to load resource: net::ERR_CONNECTION_CLOSED @ https://via.placeholder.com/300x200?text=No+Image:0
[  181057ms] [ERROR] Failed to load resource: net::ERR_CONNECTION_CLOSED @ https://via.placeholder.com/300x200?text=No+Image:0
[  181152ms] [ERROR] Failed to load resource: net::ERR_CONNECTION_CLOSED @ https://via.placeholder.com/300x200?text=No+Image:0
[  181252ms] [ERROR] Failed to load resource: net::ERR_CONNECTION_CLOSED @ https://via.placeholder.com/300x200?text=No+Image:0
[  181343ms] [ERROR] Failed to load resource: net::ERR_CONNECTION_CLOSED @ https://via.placeholder.com/300x200?text=No+Image:0
[  181438ms] [ERROR] Failed to load resource: net::ERR_CONNECTION_CLOSED @ https://via.placeholder.com/300x200?text=No+Image:0
[  181529ms] [ERROR] Failed to load resource: net::ERR_CONNECTION_CLOSED @ https://via.placeholder.com/300x200?text=No+Image:0
[  181624ms] [ERROR] Failed to load resource: net::ERR_CONNECTION_CLOSED @ https://via.placeholder.com/300x200?text=No+Image:0
[  181716ms] [ERROR] Failed to load resource: net::ERR_CONNECTION_CLOSED @ https://via.placeholder.com/300x200?text=No+Image:0
[  181809ms] [ERROR] Failed to load resource: net::ERR_CONNECTION_CLOSED @ https://via.placeholder.com/300x200?text=No+Image:0
[  181906ms] [ERROR] Failed to load resource: net::ERR_CONNECTION_CLOSED @ https://via.placeholder.com/300x200?text=No+Image:0
[  182000ms] [ERROR] Failed to load resource: net::ERR_CONNECTION_CLOSED @ https://via.placeholder.com/300x200?text=No+Image:0
[  182096ms] [ERROR] Failed to load resource: net::ERR_CONNECTION_CLOSED @ https://via.placeholder.com/300x200?text=No+Image:0
[  182239ms] [ERROR] Failed to load resource: net::ERR_CONNECTION_CLOSED @ https://via.placeholder.com/300x200?text=No+Image:0
[  182330ms] [ERROR] Failed to load resource: net::ERR_CONNECTION_CLOSED @ https://via.placeholder.com/300x200?text=No+Image:0
[  182422ms] [ERROR] Failed to load resource: net::ERR_CONNECTION_CLOSED @ https://via.placeholder.com/300x200?text=No+Image:0
[  182513ms] [ERROR] Failed to load resource: net::ERR_CONNECTION_CLOSED @ https://via.placeholder.com/300x200?text=No+Image:0
[  182617ms] [ERROR] Failed to load resource: net::ERR_CONNECTION_CLOSED @ https://via.placeholder.com/300x200?text=No+Image:0
[  182713ms] [ERROR] Failed to load resource: net::ERR_CONNECTION_CLOSED @ https://via.placeholder.com/300x200?text=No+Image:0
[  182807ms] [ERROR] Failed to load resource: net::ERR_CONNECTION_CLOSED @ https://via.placeholder.com/300x200?text=No+Image:0
[  182904ms] [ERROR] Failed to load resource: net::ERR_CONNECTION_CLOSED @ https://via.placeholder.com/300x200?text=No+Image:0
[  182995ms] [ERROR] Failed to load resource: net::ERR_CONNECTION_CLOSED @ https://via.placeholder.com/300x200?text=No+Image:0
[  183090ms] [ERROR] Failed to load resource: net::ERR_CONNECTION_CLOSED @ https://via.placeholder.com/300x200?text=No+Image:0
[  183192ms] [ERROR] Failed to load resource: net::ERR_CONNECTION_CLOSED @ https://via.placeholder.com/300x200?text=No+Image:0
[  183284ms] [ERROR] Failed to load resource: net::ERR_CONNECTION_CLOSED @ https://via.placeholder.com/300x200?text=No+Image:0
[  183378ms] [ERROR] Failed to load resource: net::ERR_CONNECTION_CLOSED @ https://via.placeholder.com/300x200?text=No+Image:0
[  183471ms] [ERROR] Failed to load resource: net::ERR_CONNECTION_CLOSED @ https://via.placeholder.com/300x200?text=No+Image:0
[  183568ms] [ERROR] Failed to load resource: net::ERR_CONNECTION_CLOSED @ https://via.placeholder.com/300x200?text=No+Image:0
[  183671ms] [ERROR] Failed to load resource: net::ERR_CONNECTION_CLOSED @ https://via.placeholder.com/300x200?text=No+Image:0
[  183763ms] [ERROR] Failed to load resource: net::ERR_CONNECTION_CLOSED @ https://via.placeholder.com/300x200?text=No+Image:0
[  183857ms] [ERROR] Failed to load resource: net::ERR_CONNECTION_CLOSED @ https://via.placeholder.com/300x200?text=No+Image:0
[  183948ms] [ERROR] Failed to load resource: net::ERR_CONNECTION_CLOSED @ https://via.placeholder.com/300x200?text=No+Image:0
[  184038ms] [ERROR] Failed to load resource: net::ERR_CONNECTION_CLOSED @ https://via.placeholder.com/300x200?text=No+Image:0
[  184130ms] [ERROR] Failed to load resource: net::ERR_CONNECTION_CLOSED @ https://via.placeholder.com/300x200?text=No+Image:0
[  184222ms] [ERROR] Failed to load resource: net::ERR_CONNECTION_CLOSED @ https://via.placeholder.com/300x200?text=No+Image:0
[  184319ms] [ERROR] Failed to load resource: net::ERR_CONNECTION_CLOSED @ https://via.placeholder.com/300x200?text=No+Image:0
[  184411ms] [ERROR] Failed to load resource: net::ERR_CONNECTION_CLOSED @ https://via.placeholder.com/300x200?text=No+Image:0
[  184510ms] [ERROR] Failed to load resource: net::ERR_CONNECTION_CLOSED @ https://via.placeholder.com/300x200?text=No+Image:0
[  184604ms] [ERROR] Failed to load resource: net::ERR_CONNECTION_CLOSED @ https://via.placeholder.com/300x200?text=No+Image:0
[  184707ms] [ERROR] Failed to load resource: net::ERR_CONNECTION_CLOSED @ https://via.placeholder.com/300x200?text=No+Image:0
[  184800ms] [ERROR] Failed to load resource: net::ERR_CONNECTION_CLOSED @ https://via.placeholder.com/300x200?text=No+Image:0
[  184892ms] [ERROR] Failed to load resource: net::ERR_CONNECTION_CLOSED @ https://via.placeholder.com/300x200?text=No+Image:0
[  184987ms] [ERROR] Failed to load resource: net::ERR_CONNECTION_CLOSED @ https://via.placeholder.com/300x200?text=No+Image:0
[  185081ms] [ERROR] Failed to load resource: net::ERR_CONNECTION_CLOSED @ https://via.placeholder.com/300x200?text=No+Image:0
[  185176ms] [ERROR] Failed to load resource: net::ERR_CONNECTION_CLOSED @ https://via.placeholder.com/300x200?text=No+Image:0
[  185272ms] [ERROR] Failed to load resource: net::ERR_CONNECTION_CLOSED @ https://via.placeholder.com/300x200?text=No+Image:0
[  185370ms] [ERROR] Failed to load resource: net::ERR_CONNECTION_CLOSED @ https://via.placeholder.com/300x200?text=No+Image:0
[  185459ms] [ERROR] Failed to load resource: net::ERR_CONNECTION_CLOSED @ https://via.placeholder.com/300x200?text=No+Image:0
[  185551ms] [ERROR] Failed to load resource: net::ERR_CONNECTION_CLOSED @ https://via.placeholder.com/300x200?text=No+Image:0
[  185642ms] [ERROR] Failed to load resource: net::ERR_CONNECTION_CLOSED @ https://via.placeholder.com/300x200?text=No+Image:0
[  185738ms] [ERROR] Failed to load resource: net::ERR_CONNECTION_CLOSED @ https://via.placeholder.com/300x200?text=No+Image:0
[  185835ms] [ERROR] Failed to load resource: net::ERR_CONNECTION_CLOSED @ https://via.placeholder.com/300x200?text=No+Image:0
[  185933ms] [ERROR] Failed to load resource: net::ERR_CONNECTION_CLOSED @ https://via.placeholder.com/300x200?text=No+Image:0
[  186027ms] [ERROR] Failed to load resource: net::ERR_CONNECTION_CLOSED @ https://via.placeholder.com/300x200?text=No+Image:0
[  186122ms] [ERROR] Failed to load resource: net::ERR_CONNECTION_CLOSED @ https://via.placeholder.com/300x200?text=No+Image:0
[  186225ms] [ERROR] Failed to load resource: net::ERR_CONNECTION_CLOSED @ https://via.placeholder.com/300x200?text=No+Image:0
[  186322ms] [ERROR] Failed to load resource: net::ERR_CONNECTION_CLOSED @ https://via.placeholder.com/300x200?text=No+Image:0
[  186418ms] [ERROR] Failed to load resource: net::ERR_CONNECTION_CLOSED @ https://via.placeholder.com/300x200?text=No+Image:0
[  186511ms] [ERROR] Failed to load resource: net::ERR_CONNECTION_CLOSED @ https://via.placeholder.com/300x200?text=No+Image:0
[  186606ms] [ERROR] Failed to load resource: net::ERR_CONNECTION_CLOSED @ https://via.placeholder.com/300x200?text=No+Image:0
[  186712ms] [ERROR] Failed to load resource: net::ERR_CONNECTION_CLOSED @ https://via.placeholder.com/300x200?text=No+Image:0
[  186809ms] [ERROR] Failed to load resource: net::ERR_CONNECTION_CLOSED @ https://via.placeholder.com/300x200?text=No+Image:0
[  186903ms] [ERROR] Failed to load resource: net::ERR_CONNECTION_CLOSED @ https://via.placeholder.com/300x200?text=No+Image:0
[  186996ms] [ERROR] Failed to load resource: net::ERR_CONNECTION_CLOSED @ https://via.placeholder.com/300x200?text=No+Image:0
[  187093ms] [ERROR] Failed to load resource: net::ERR_CONNECTION_CLOSED @ https://via.placeholder.com/300x200?text=No+Image:0
[  187185ms] [ERROR] Failed to load resource: net::ERR_CONNECTION_CLOSED @ https://via.placeholder.com/300x200?text=No+Image:0
[  187292ms] [ERROR] Failed to load resource: net::ERR_CONNECTION_CLOSED @ https://via.placeholder.com/300x200?text=No+Image:0
[  187381ms] [ERROR] Failed to load resource: net::ERR_CONNECTION_CLOSED @ https://via.placeholder.com/300x200?text=No+Image:0
[  187469ms] [ERROR] Failed to load resource: net::ERR_CONNECTION_CLOSED @ https://via.placeholder.com/300x200?text=No+Image:0
[  187563ms] [ERROR] Failed to load resource: net::ERR_CONNECTION_CLOSED @ https://via.placeholder.com/300x200?text=No+Image:0
[  187659ms] [ERROR] Failed to load resource: net::ERR_CONNECTION_CLOSED @ https://via.placeholder.com/300x200?text=No+Image:0
[  187754ms] [ERROR] Failed to load resource: net::ERR_CONNECTION_CLOSED @ https://via.placeholder.com/300x200?text=No+Image:0
[  187848ms] [ERROR] Failed to load resource: net::ERR_CONNECTION_CLOSED @ https://via.placeholder.com/300x200?text=No+Image:0
[  187947ms] [ERROR] Failed to load resource: net::ERR_CONNECTION_CLOSED @ https://via.placeholder.com/300x200?text=No+Image:0
[  188042ms] [ERROR] Failed to load resource: net::ERR_CONNECTION_CLOSED @ https://via.placeholder.com/300x200?text=No+Image:0
[  188132ms] [ERROR] Failed to load resource: net::ERR_CONNECTION_CLOSED @ https://via.placeholder.com/300x200?text=No+Image:0
[  188228ms] [ERROR] Failed to load resource: net::ERR_CONNECTION_CLOSED @ https://via.placeholder.com/300x200?text=No+Image:0
[  188321ms] [ERROR] Failed to load resource: net::ERR_CONNECTION_CLOSED @ https://via.placeholder.com/300x200?text=No+Image:0
[  188420ms] [ERROR] Failed to load resource: net::ERR_CONNECTION_CLOSED @ https://via.placeholder.com/300x200?text=No+Image:0
[  188512ms] [ERROR] Failed to load resource: net::ERR_CONNECTION_CLOSED @ https://via.placeholder.com/300x200?text=No+Image:0
[  188609ms] [ERROR] Failed to load resource: net::ERR_CONNECTION_CLOSED @ https://via.placeholder.com/300x200?text=No+Image:0
[  188705ms] [ERROR] Failed to load resource: net::ERR_CONNECTION_CLOSED @ https://via.placeholder.com/300x200?text=No+Image:0
[  188856ms] [ERROR] Failed to load resource: net::ERR_CONNECTION_CLOSED @ https://via.placeholder.com/300x200?text=No+Image:0
[  188958ms] [ERROR] Failed to load resource: net::ERR_CONNECTION_CLOSED @ https://via.placeholder.com/300x200?text=No+Image:0
[  189053ms] [ERROR] Failed to load resource: net::ERR_CONNECTION_CLOSED @ https://via.placeholder.com/300x200?text=No+Image:0
[  189149ms] [ERROR] Failed to load resource: net::ERR_CONNECTION_CLOSED @ https://via.placeholder.com/300x200?text=No+Image:0
[  189255ms] [ERROR] Failed to load resource: net::ERR_CONNECTION_CLOSED @ https://via.placeholder.com/300x200?text=No+Image:0
[  189350ms] [ERROR] Failed to load resource: net::ERR_CONNECTION_CLOSED @ https://via.placeholder.com/300x200?text=No+Image:0
[  189442ms] [ERROR] Failed to load resource: net::ERR_CONNECTION_CLOSED @ https://via.placeholder.com/300x200?text=No+Image:0
[  189543ms] [ERROR] Failed to load resource: net::ERR_CONNECTION_CLOSED @ https://via.placeholder.com/300x200?text=No+Image:0
[  189632ms] [ERROR] Failed to load resource: net::ERR_CONNECTION_CLOSED @ https://via.placeholder.com/300x200?text=No+Image:0
[  189731ms] [ERROR] Failed to load resource: net::ERR_CONNECTION_CLOSED @ https://via.placeholder.com/300x200?text=No+Image:0
[  189825ms] [ERROR] Failed to load resource: net::ERR_CONNECTION_CLOSED @ https://via.placeholder.com/300x200?text=No+Image:0
[  189921ms] [ERROR] Failed to load resource: net::ERR_CONNECTION_CLOSED @ https://via.placeholder.com/300x200?text=No+Image:0
[  190013ms] [ERROR] Failed to load resource: net::ERR_CONNECTION_CLOSED @ https://via.placeholder.com/300x200?text=No+Image:0
[  190115ms] [ERROR] Failed to load resource: net::ERR_CONNECTION_CLOSED @ https://via.placeholder.com/300x200?text=No+Image:0
[  190209ms] [ERROR] Failed to load resource: net::ERR_CONNECTION_CLOSED @ https://via.placeholder.com/300x200?text=No+Image:0
[  190306ms] [ERROR] Failed to load resource: net::ERR_CONNECTION_CLOSED @ https://via.placeholder.com/300x200?text=No+Image:0
[  190402ms] [ERROR] Failed to load resource: net::ERR_CONNECTION_CLOSED @ https://via.placeholder.com/300x200?text=No+Image:0
[  190501ms] [ERROR] Failed to load resource: net::ERR_CONNECTION_CLOSED @ https://via.placeholder.com/300x200?text=No+Image:0
[  190599ms] [ERROR] Failed to load resource: net::ERR_CONNECTION_CLOSED @ https://via.placeholder.com/300x200?text=No+Image:0
[  190688ms] [ERROR] Failed to load resource: net::ERR_CONNECTION_CLOSED @ https://via.placeholder.com/300x200?text=No+Image:0
[  190780ms] [ERROR] Failed to load resource: net::ERR_CONNECTION_CLOSED @ https://via.placeholder.com/300x200?text=No+Image:0
[  190873ms] [ERROR] Failed to load resource: net::ERR_CONNECTION_CLOSED @ https://via.placeholder.com/300x200?text=No+Image:0
[  190960ms] [ERROR] Failed to load resource: net::ERR_CONNECTION_CLOSED @ https://via.placeholder.com/300x200?text=No+Image:0
[  191055ms] [ERROR] Failed to load resource: net::ERR_CONNECTION_CLOSED @ https://via.placeholder.com/300x200?text=No+Image:0
[  191144ms] [ERROR] Failed to load resource: net::ERR_CONNECTION_CLOSED @ https://via.placeholder.com/300x200?text=No+Image:0
[  191233ms] [ERROR] Failed to load resource: net::ERR_CONNECTION_CLOSED @ https://via.placeholder.com/300x200?text=No+Image:0
[  191326ms] [ERROR] Failed to load resource: net::ERR_CONNECTION_CLOSED @ https://via.placeholder.com/300x200?text=No+Image:0
[  191420ms] [ERROR] Failed to load resource: net::ERR_CONNECTION_CLOSED @ https://via.placeholder.com/300x200?text=No+Image:0
[  191519ms] [ERROR] Failed to load resource: net::ERR_CONNECTION_CLOSED @ https://via.placeholder.com/300x200?text=No+Image:0
[  191615ms] [ERROR] Failed to load resource: net::ERR_CONNECTION_CLOSED @ https://via.placeholder.com/300x200?text=No+Image:0
[  191707ms] [ERROR] Failed to load resource: net::ERR_CONNECTION_CLOSED @ https://via.placeholder.com/300x200?text=No+Image:0
[  191802ms] [ERROR] Failed to load resource: net::ERR_CONNECTION_CLOSED @ https://via.placeholder.com/300x200?text=No+Image:0
[  191899ms] [ERROR] Failed to load resource: net::ERR_CONNECTION_CLOSED @ https://via.placeholder.com/300x200?text=No+Image:0
[  191995ms] [ERROR] Failed to load resource: net::ERR_CONNECTION_CLOSED @ https://via.placeholder.com/300x200?text=No+Image:0
[  192088ms] [ERROR] Failed to load resource: net::ERR_CONNECTION_CLOSED @ https://via.placeholder.com/300x200?text=No+Image:0
[  192187ms] [ERROR] Failed to load resource: net::ERR_CONNECTION_CLOSED @ https://via.placeholder.com/300x200?text=No+Image:0
[  192277ms] [ERROR] Failed to load resource: net::ERR_CONNECTION_CLOSED @ https://via.placeholder.com/300x200?text=No+Image:0
[  192396ms] [ERROR] Failed to load resource: net::ERR_CONNECTION_CLOSED @ https://via.placeholder.com/300x200?text=No+Image:0
[  192487ms] [ERROR] Failed to load resource: net::ERR_CONNECTION_CLOSED @ https://via.placeholder.com/300x200?text=No+Image:0
[  192580ms] [ERROR] Failed to load resource: net::ERR_CONNECTION_CLOSED @ https://via.placeholder.com/300x200?text=No+Image:0
[  192672ms] [ERROR] Failed to load resource: net::ERR_CONNECTION_CLOSED @ https://via.placeholder.com/300x200?text=No+Image:0
[  192771ms] [ERROR] Failed to load resource: net::ERR_CONNECTION_CLOSED @ https://via.placeholder.com/300x200?text=No+Image:0
[  192871ms] [ERROR] Failed to load resource: net::ERR_CONNECTION_CLOSED @ https://via.placeholder.com/300x200?text=No+Image:0
[  192966ms] [ERROR] Failed to load resource: net::ERR_CONNECTION_CLOSED @ https://via.placeholder.com/300x200?text=No+Image:0
[  193057ms] [ERROR] Failed to load resource: net::ERR_CONNECTION_CLOSED @ https://via.placeholder.com/300x200?text=No+Image:0
[  193152ms] [ERROR] Failed to load resource: net::ERR_CONNECTION_CLOSED @ https://via.placeholder.com/300x200?text=No+Image:0
[  193256ms] [ERROR] Failed to load resource: net::ERR_CONNECTION_CLOSED @ https://via.placeholder.com/300x200?text=No+Image:0
[  193350ms] [ERROR] Failed to load resource: net::ERR_CONNECTION_CLOSED @ https://via.placeholder.com/300x200?text=No+Image:0
[  193442ms] [ERROR] Failed to load resource: net::ERR_CONNECTION_CLOSED @ https://via.placeholder.com/300x200?text=No+Image:0
[  193535ms] [ERROR] Failed to load resource: net::ERR_CONNECTION_CLOSED @ https://via.placeholder.com/300x200?text=No+Image:0
[  193634ms] [ERROR] Failed to load resource: net::ERR_CONNECTION_CLOSED @ https://via.placeholder.com/300x200?text=No+Image:0
[  193732ms] [ERROR] Failed to load resource: net::ERR_CONNECTION_CLOSED @ https://via.placeholder.com/300x200?text=No+Image:0
[  193826ms] [ERROR] Failed to load resource: net::ERR_CONNECTION_CLOSED @ https://via.placeholder.com/300x200?text=No+Image:0
[  193921ms] [ERROR] Failed to load resource: net::ERR_CONNECTION_CLOSED @ https://via.placeholder.com/300x200?text=No+Image:0
[  194015ms] [ERROR] Failed to load resource: net::ERR_CONNECTION_CLOSED @ https://via.placeholder.com/300x200?text=No+Image:0
[  194105ms] [ERROR] Failed to load resource: net::ERR_CONNECTION_CLOSED @ https://via.placeholder.com/300x200?text=No+Image:0
[  194212ms] [ERROR] Failed to load resource: net::ERR_CONNECTION_CLOSED @ https://via.placeholder.com/300x200?text=No+Image:0
[  194308ms] [ERROR] Failed to load resource: net::ERR_CONNECTION_CLOSED @ https://via.placeholder.com/300x200?text=No+Image:0
[  194411ms] [ERROR] Failed to load resource: net::ERR_CONNECTION_CLOSED @ https://via.placeholder.com/300x200?text=No+Image:0
[  194508ms] [ERROR] Failed to load resource: net::ERR_CONNECTION_CLOSED @ https://via.placeholder.com/300x200?text=No+Image:0
[  194605ms] [ERROR] Failed to load resource: net::ERR_CONNECTION_CLOSED @ https://via.placeholder.com/300x200?text=No+Image:0
[  194694ms] [ERROR] Failed to load resource: net::ERR_CONNECTION_CLOSED @ https://via.placeholder.com/300x200?text=No+Image:0
[  194790ms] [ERROR] Failed to load resource: net::ERR_CONNECTION_CLOSED @ https://via.placeholder.com/300x200?text=No+Image:0
[  194887ms] [ERROR] Failed to load resource: net::ERR_CONNECTION_CLOSED @ https://via.placeholder.com/300x200?text=No+Image:0
[  194981ms] [ERROR] Failed to load resource: net::ERR_CONNECTION_CLOSED @ https://via.placeholder.com/300x200?text=No+Image:0
[  195076ms] [ERROR] Failed to load resource: net::ERR_CONNECTION_CLOSED @ https://via.placeholder.com/300x200?text=No+Image:0
[  195172ms] [ERROR] Failed to load resource: net::ERR_CONNECTION_CLOSED @ https://via.placeholder.com/300x200?text=No+Image:0
[  195299ms] [ERROR] Failed to load resource: net::ERR_CONNECTION_CLOSED @ https://via.placeholder.com/300x200?text=No+Image:0
[  195407ms] [ERROR] Failed to load resource: net::ERR_CONNECTION_CLOSED @ https://via.placeholder.com/300x200?text=No+Image:0
[  195503ms] [ERROR] Failed to load resource: net::ERR_CONNECTION_CLOSED @ https://via.placeholder.com/300x200?text=No+Image:0
[  195597ms] [ERROR] Failed to load resource: net::ERR_CONNECTION_CLOSED @ https://via.placeholder.com/300x200?text=No+Image:0
[  195692ms] [ERROR] Failed to load resource: net::ERR_CONNECTION_CLOSED @ https://via.placeholder.com/300x200?text=No+Image:0
[  195787ms] [ERROR] Failed to load resource: net::ERR_CONNECTION_CLOSED @ https://via.placeholder.com/300x200?text=No+Image:0
[  195884ms] [ERROR] Failed to load resource: net::ERR_CONNECTION_CLOSED @ https://via.placeholder.com/300x200?text=No+Image:0
[  195977ms] [ERROR] Failed to load resource: net::ERR_CONNECTION_CLOSED @ https://via.placeholder.com/300x200?text=No+Image:0
[  196070ms] [ERROR] Failed to load resource: net::ERR_CONNECTION_CLOSED @ https://via.placeholder.com/300x200?text=No+Image:0
[  196168ms] [ERROR] Failed to load resource: net::ERR_CONNECTION_CLOSED @ https://via.placeholder.com/300x200?text=No+Image:0
[  196263ms] [ERROR] Failed to load resource: net::ERR_CONNECTION_CLOSED @ https://via.placeholder.com/300x200?text=No+Image:0
[  196372ms] [ERROR] Failed to load resource: net::ERR_CONNECTION_CLOSED @ https://via.placeholder.com/300x200?text=No+Image:0
[  196470ms] [ERROR] Failed to load resource: net::ERR_CONNECTION_CLOSED @ https://via.placeholder.com/300x200?text=No+Image:0
[  196561ms] [ERROR] Failed to load resource: net::ERR_CONNECTION_CLOSED @ https://via.placeholder.com/300x200?text=No+Image:0
[  196662ms] [ERROR] Failed to load resource: net::ERR_CONNECTION_CLOSED @ https://via.placeholder.com/300x200?text=No+Image:0
[  196758ms] [ERROR] Failed to load resource: net::ERR_CONNECTION_CLOSED @ https://via.placeholder.com/300x200?text=No+Image:0
[  196851ms] [ERROR] Failed to load resource: net::ERR_CONNECTION_CLOSED @ https://via.placeholder.com/300x200?text=No+Image:0
[  196946ms] [ERROR] Failed to load resource: net::ERR_CONNECTION_CLOSED @ https://via.placeholder.com/300x200?text=No+Image:0
[  197038ms] [ERROR] Failed to load resource: net::ERR_CONNECTION_CLOSED @ https://via.placeholder.com/300x200?text=No+Image:0
[  197126ms] [ERROR] Failed to load resource: net::ERR_CONNECTION_CLOSED @ https://via.placeholder.com/300x200?text=No+Image:0
[  197218ms] [ERROR] Failed to load resource: net::ERR_CONNECTION_CLOSED @ https://via.placeholder.com/300x200?text=No+Image:0
[  197330ms] [ERROR] Failed to load resource: net::ERR_CONNECTION_CLOSED @ https://via.placeholder.com/300x200?text=No+Image:0
[  197425ms] [ERROR] Failed to load resource: net::ERR_CONNECTION_CLOSED @ https://via.placeholder.com/300x200?text=No+Image:0
[  197518ms] [ERROR] Failed to load resource: net::ERR_CONNECTION_CLOSED @ https://via.placeholder.com/300x200?text=No+Image:0
[  197617ms] [ERROR] Failed to load resource: net::ERR_CONNECTION_CLOSED @ https://via.placeholder.com/300x200?text=No+Image:0
[  197712ms] [ERROR] Failed to load resource: net::ERR_CONNECTION_CLOSED @ https://via.placeholder.com/300x200?text=No+Image:0
[  197805ms] [ERROR] Failed to load resource: net::ERR_CONNECTION_CLOSED @ https://via.placeholder.com/300x200?text=No+Image:0
[  197895ms] [ERROR] Failed to load resource: net::ERR_CONNECTION_CLOSED @ https://via.placeholder.com/300x200?text=No+Image:0
[  198012ms] [ERROR] Failed to load resource: net::ERR_CONNECTION_CLOSED @ https://via.placeholder.com/300x200?text=No+Image:0
[  198107ms] [ERROR] Failed to load resource: net::ERR_CONNECTION_CLOSED @ https://via.placeholder.com/300x200?text=No+Image:0
[  198204ms] [ERROR] Failed to load resource: net::ERR_CONNECTION_CLOSED @ https://via.placeholder.com/300x200?text=No+Image:0
[  198314ms] [ERROR] Failed to load resource: net::ERR_CONNECTION_CLOSED @ https://via.placeholder.com/300x200?text=No+Image:0
[  198406ms] [ERROR] Failed to load resource: net::ERR_CONNECTION_CLOSED @ https://via.placeholder.com/300x200?text=No+Image:0
[  198508ms] [ERROR] Failed to load resource: net::ERR_CONNECTION_CLOSED @ https://via.placeholder.com/300x200?text=No+Image:0
[  198623ms] [ERROR] Failed to load resource: net::ERR_CONNECTION_CLOSED @ https://via.placeholder.com/300x200?text=No+Image:0
[  198716ms] [ERROR] Failed to load resource: net::ERR_CONNECTION_CLOSED @ https://via.placeholder.com/300x200?text=No+Image:0
[  198811ms] [ERROR] Failed to load resource: net::ERR_CONNECTION_CLOSED @ https://via.placeholder.com/300x200?text=No+Image:0
[  198958ms] [ERROR] Failed to load resource: net::ERR_CONNECTION_CLOSED @ https://via.placeholder.com/300x200?text=No+Image:0
[  199052ms] [ERROR] Failed to load resource: net::ERR_CONNECTION_CLOSED @ https://via.placeholder.com/300x200?text=No+Image:0
[  199161ms] [ERROR] Failed to load resource: net::ERR_CONNECTION_CLOSED @ https://via.placeholder.com/300x200?text=No+Image:0
[  199259ms] [ERROR] Failed to load resource: net::ERR_CONNECTION_CLOSED @ https://via.placeholder.com/300x200?text=No+Image:0
[  199351ms] [ERROR] Failed to load resource: net::ERR_CONNECTION_CLOSED @ https://via.placeholder.com/300x200?text=No+Image:0
[  199443ms] [ERROR] Failed to load resource: net::ERR_CONNECTION_CLOSED @ https://via.placeholder.com/300x200?text=No+Image:0
[  199545ms] [ERROR] Failed to load resource: net::ERR_CONNECTION_CLOSED @ https://via.placeholder.com/300x200?text=No+Image:0
[  199643ms] [ERROR] Failed to load resource: net::ERR_CONNECTION_CLOSED @ https://via.placeholder.com/300x200?text=No+Image:0
[  199737ms] [ERROR] Failed to load resource: net::ERR_CONNECTION_CLOSED @ https://via.placeholder.com/300x200?text=No+Image:0
[  199834ms] [ERROR] Failed to load resource: net::ERR_CONNECTION_CLOSED @ https://via.placeholder.com/300x200?text=No+Image:0
[  199927ms] [ERROR] Failed to load resource: net::ERR_CONNECTION_CLOSED @ https://via.placeholder.com/300x200?text=No+Image:0
[  200015ms] [ERROR] Failed to load resource: net::ERR_CONNECTION_CLOSED @ https://via.placeholder.com/300x200?text=No+Image:0
[  200109ms] [ERROR] Failed to load resource: net::ERR_CONNECTION_CLOSED @ https://via.placeholder.com/300x200?text=No+Image:0
[  200207ms] [ERROR] Failed to load resource: net::ERR_CONNECTION_CLOSED @ https://via.placeholder.com/300x200?text=No+Image:0
[  200304ms] [ERROR] Failed to load resource: net::ERR_CONNECTION_CLOSED @ https://via.placeholder.com/300x200?text=No+Image:0
[  200407ms] [ERROR] Failed to load resource: net::ERR_CONNECTION_CLOSED @ https://via.placeholder.com/300x200?text=No+Image:0
[  200504ms] [ERROR] Failed to load resource: net::ERR_CONNECTION_CLOSED @ https://via.placeholder.com/300x200?text=No+Image:0
[  200600ms] [ERROR] Failed to load resource: net::ERR_CONNECTION_CLOSED @ https://via.placeholder.com/300x200?text=No+Image:0
[  200694ms] [ERROR] Failed to load resource: net::ERR_CONNECTION_CLOSED @ https://via.placeholder.com/300x200?text=No+Image:0
[  200790ms] [ERROR] Failed to load resource: net::ERR_CONNECTION_CLOSED @ https://via.placeholder.com/300x200?text=No+Image:0
[  200881ms] [ERROR] Failed to load resource: net::ERR_CONNECTION_CLOSED @ https://via.placeholder.com/300x200?text=No+Image:0
[  200977ms] [ERROR] Failed to load resource: net::ERR_CONNECTION_CLOSED @ https://via.placeholder.com/300x200?text=No+Image:0
[  201071ms] [ERROR] Failed to load resource: net::ERR_CONNECTION_CLOSED @ https://via.placeholder.com/300x200?text=No+Image:0
[  201169ms] [ERROR] Failed to load resource: net::ERR_CONNECTION_CLOSED @ https://via.placeholder.com/300x200?text=No+Image:0
[  201269ms] [ERROR] Failed to load resource: net::ERR_CONNECTION_CLOSED @ https://via.placeholder.com/300x200?text=No+Image:0
[  201376ms] [ERROR] Failed to load resource: net::ERR_CONNECTION_CLOSED @ https://via.placeholder.com/300x200?text=No+Image:0
[  201470ms] [ERROR] Failed to load resource: net::ERR_CONNECTION_CLOSED @ https://via.placeholder.com/300x200?text=No+Image:0
[  201568ms] [ERROR] Failed to load resource: net::ERR_CONNECTION_CLOSED @ https://via.placeholder.com/300x200?text=No+Image:0
[  201661ms] [ERROR] Failed to load resource: net::ERR_CONNECTION_CLOSED @ https://via.placeholder.com/300x200?text=No+Image:0
[  201756ms] [ERROR] Failed to load resource: net::ERR_CONNECTION_CLOSED @ https://via.placeholder.com/300x200?text=No+Image:0
[  201854ms] [ERROR] Failed to load resource: net::ERR_CONNECTION_CLOSED @ https://via.placeholder.com/300x200?text=No+Image:0
[  201951ms] [ERROR] Failed to load resource: net::ERR_CONNECTION_CLOSED @ https://via.placeholder.com/300x200?text=No+Image:0
[  202047ms] [ERROR] Failed to load resource: net::ERR_CONNECTION_CLOSED @ https://via.placeholder.com/300x200?text=No+Image:0
[  202140ms] [ERROR] Failed to load resource: net::ERR_CONNECTION_CLOSED @ https://via.placeholder.com/300x200?text=No+Image:0
[  202232ms] [ERROR] Failed to load resource: net::ERR_CONNECTION_CLOSED @ https://via.placeholder.com/300x200?text=No+Image:0
[  202330ms] [ERROR] Failed to load resource: net::ERR_CONNECTION_CLOSED @ https://via.placeholder.com/300x200?text=No+Image:0
[  202422ms] [ERROR] Failed to load resource: net::ERR_CONNECTION_CLOSED @ https://via.placeholder.com/300x200?text=No+Image:0
[  202516ms] [ERROR] Failed to load resource: net::ERR_CONNECTION_CLOSED @ https://via.placeholder.com/300x200?text=No+Image:0
[  202607ms] [ERROR] Failed to load resource: net::ERR_CONNECTION_CLOSED @ https://via.placeholder.com/300x200?text=No+Image:0
[  202702ms] [ERROR] Failed to load resource: net::ERR_CONNECTION_CLOSED @ https://via.placeholder.com/300x200?text=No+Image:0
[  202803ms] [ERROR] Failed to load resource: net::ERR_CONNECTION_CLOSED @ https://via.placeholder.com/300x200?text=No+Image:0
[  202900ms] [ERROR] Failed to load resource: net::ERR_CONNECTION_CLOSED @ https://via.placeholder.com/300x200?text=No+Image:0
[  202995ms] [ERROR] Failed to load resource: net::ERR_CONNECTION_CLOSED @ https://via.placeholder.com/300x200?text=No+Image:0
[  203090ms] [ERROR] Failed to load resource: net::ERR_CONNECTION_CLOSED @ https://via.placeholder.com/300x200?text=No+Image:0
[  203180ms] [ERROR] Failed to load resource: net::ERR_CONNECTION_CLOSED @ https://via.placeholder.com/300x200?text=No+Image:0
[  203275ms] [ERROR] Failed to load resource: net::ERR_CONNECTION_CLOSED @ https://via.placeholder.com/300x200?text=No+Image:0
[  203371ms] [ERROR] Failed to load resource: net::ERR_CONNECTION_CLOSED @ https://via.placeholder.com/300x200?text=No+Image:0
[  203463ms] [ERROR] Failed to load resource: net::ERR_CONNECTION_CLOSED @ https://via.placeholder.com/300x200?text=No+Image:0
[  203552ms] [ERROR] Failed to load resource: net::ERR_CONNECTION_CLOSED @ https://via.placeholder.com/300x200?text=No+Image:0
[  203646ms] [ERROR] Failed to load resource: net::ERR_CONNECTION_CLOSED @ https://via.placeholder.com/300x200?text=No+Image:0
[  203740ms] [ERROR] Failed to load resource: net::ERR_CONNECTION_CLOSED @ https://via.placeholder.com/300x200?text=No+Image:0
[  203832ms] [ERROR] Failed to load resource: net::ERR_CONNECTION_CLOSED @ https://via.placeholder.com/300x200?text=No+Image:0
[  203926ms] [ERROR] Failed to load resource: net::ERR_CONNECTION_CLOSED @ https://via.placeholder.com/300x200?text=No+Image:0
[  204011ms] [ERROR] Failed to load resource: net::ERR_CONNECTION_CLOSED @ https://via.placeholder.com/300x200?text=No+Image:0
[  204101ms] [ERROR] Failed to load resource: net::ERR_CONNECTION_CLOSED @ https://via.placeholder.com/300x200?text=No+Image:0
[  204194ms] [ERROR] Failed to load resource: net::ERR_CONNECTION_CLOSED @ https://via.placeholder.com/300x200?text=No+Image:0
[  204287ms] [ERROR] Failed to load resource: net::ERR_CONNECTION_CLOSED @ https://via.placeholder.com/300x200?text=No+Image:0
[  204382ms] [ERROR] Failed to load resource: net::ERR_CONNECTION_CLOSED @ https://via.placeholder.com/300x200?text=No+Image:0
[  204473ms] [ERROR] Failed to load resource: net::ERR_CONNECTION_CLOSED @ https://via.placeholder.com/300x200?text=No+Image:0
[  204571ms] [ERROR] Failed to load resource: net::ERR_CONNECTION_CLOSED @ https://via.placeholder.com/300x200?text=No+Image:0
[  204661ms] [ERROR] Failed to load resource: net::ERR_CONNECTION_CLOSED @ https://via.placeholder.com/300x200?text=No+Image:0
[  204754ms] [ERROR] Failed to load resource: net::ERR_CONNECTION_CLOSED @ https://via.placeholder.com/300x200?text=No+Image:0
[  204857ms] [ERROR] Failed to load resource: net::ERR_CONNECTION_CLOSED @ https://via.placeholder.com/300x200?text=No+Image:0
[  204950ms] [ERROR] Failed to load resource: net::ERR_CONNECTION_CLOSED @ https://via.placeholder.com/300x200?text=No+Image:0
[  205056ms] [ERROR] Failed to load resource: net::ERR_CONNECTION_CLOSED @ https://via.placeholder.com/300x200?text=No+Image:0
[  205147ms] [ERROR] Failed to load resource: net::ERR_CONNECTION_CLOSED @ https://via.placeholder.com/300x200?text=No+Image:0
[  205242ms] [ERROR] Failed to load resource: net::ERR_CONNECTION_CLOSED @ https://via.placeholder.com/300x200?text=No+Image:0
[  205343ms] [ERROR] Failed to load resource: net::ERR_CONNECTION_CLOSED @ https://via.placeholder.com/300x200?text=No+Image:0
[  205434ms] [ERROR] Failed to load resource: net::ERR_CONNECTION_CLOSED @ https://via.placeholder.com/300x200?text=No+Image:0
[  205530ms] [ERROR] Failed to load resource: net::ERR_CONNECTION_CLOSED @ https://via.placeholder.com/300x200?text=No+Image:0
[  205624ms] [ERROR] Failed to load resource: net::ERR_CONNECTION_CLOSED @ https://via.placeholder.com/300x200?text=No+Image:0
[  205721ms] [ERROR] Failed to load resource: net::ERR_CONNECTION_CLOSED @ https://via.placeholder.com/300x200?text=No+Image:0
[  205817ms] [ERROR] Failed to load resource: net::ERR_CONNECTION_CLOSED @ https://via.placeholder.com/300x200?text=No+Image:0
[  205908ms] [ERROR] Failed to load resource: net::ERR_CONNECTION_CLOSED @ https://via.placeholder.com/300x200?text=No+Image:0
[  206004ms] [ERROR] Failed to load resource: net::ERR_CONNECTION_CLOSED @ https://via.placeholder.com/300x200?text=No+Image:0
[  206094ms] [ERROR] Failed to load resource: net::ERR_CONNECTION_CLOSED @ https://via.placeholder.com/300x200?text=No+Image:0
[  206187ms] [ERROR] Failed to load resource: net::ERR_CONNECTION_CLOSED @ https://via.placeholder.com/300x200?text=No+Image:0
[  206306ms] [ERROR] Failed to load resource: net::ERR_CONNECTION_CLOSED @ https://via.placeholder.com/300x200?text=No+Image:0
[  206406ms] [ERROR] Failed to load resource: net::ERR_CONNECTION_CLOSED @ https://via.placeholder.com/300x200?text=No+Image:0
[  206499ms] [ERROR] Failed to load resource: net::ERR_CONNECTION_CLOSED @ https://via.placeholder.com/300x200?text=No+Image:0
[  206589ms] [ERROR] Failed to load resource: net::ERR_CONNECTION_CLOSED @ https://via.placeholder.com/300x200?text=No+Image:0
[  206683ms] [ERROR] Failed to load resource: net::ERR_CONNECTION_CLOSED @ https://via.placeholder.com/300x200?text=No+Image:0
[  206779ms] [ERROR] Failed to load resource: net::ERR_CONNECTION_CLOSED @ https://via.placeholder.com/300x200?text=No+Image:0
[  206889ms] [ERROR] Failed to load resource: net::ERR_CONNECTION_CLOSED @ https://via.placeholder.com/300x200?text=No+Image:0
[  206986ms] [ERROR] Failed to load resource: net::ERR_CONNECTION_CLOSED @ https://via.placeholder.com/300x200?text=No+Image:0
[  207086ms] [ERROR] Failed to load resource: net::ERR_CONNECTION_CLOSED @ https://via.placeholder.com/300x200?text=No+Image:0
[  207185ms] [ERROR] Failed to load resource: net::ERR_CONNECTION_CLOSED @ https://via.placeholder.com/300x200?text=No+Image:0
[  207280ms] [ERROR] Failed to load resource: net::ERR_CONNECTION_CLOSED @ https://via.placeholder.com/300x200?text=No+Image:0
[  207373ms] [ERROR] Failed to load resource: net::ERR_CONNECTION_CLOSED @ https://via.placeholder.com/300x200?text=No+Image:0
[  207468ms] [ERROR] Failed to load resource: net::ERR_CONNECTION_CLOSED @ https://via.placeholder.com/300x200?text=No+Image:0
[  207554ms] [ERROR] Failed to load resource: net::ERR_CONNECTION_CLOSED @ https://via.placeholder.com/300x200?text=No+Image:0
[  207644ms] [ERROR] Failed to load resource: net::ERR_CONNECTION_CLOSED @ https://via.placeholder.com/300x200?text=No+Image:0
[  207739ms] [ERROR] Failed to load resource: net::ERR_CONNECTION_CLOSED @ https://via.placeholder.com/300x200?text=No+Image:0
[  207834ms] [ERROR] Failed to load resource: net::ERR_CONNECTION_CLOSED @ https://via.placeholder.com/300x200?text=No+Image:0
[  207927ms] [ERROR] Failed to load resource: net::ERR_CONNECTION_CLOSED @ https://via.placeholder.com/300x200?text=No+Image:0
[  208017ms] [ERROR] Failed to load resource: net::ERR_CONNECTION_CLOSED @ https://via.placeholder.com/300x200?text=No+Image:0
[  208107ms] [ERROR] Failed to load resource: net::ERR_CONNECTION_CLOSED @ https://via.placeholder.com/300x200?text=No+Image:0
[  208202ms] [ERROR] Failed to load resource: net::ERR_CONNECTION_CLOSED @ https://via.placeholder.com/300x200?text=No+Image:0
[  208300ms] [ERROR] Failed to load resource: net::ERR_CONNECTION_CLOSED @ https://via.placeholder.com/300x200?text=No+Image:0
[  208395ms] [ERROR] Failed to load resource: net::ERR_CONNECTION_CLOSED @ https://via.placeholder.com/300x200?text=No+Image:0
[  208488ms] [ERROR] Failed to load resource: net::ERR_CONNECTION_CLOSED @ https://via.placeholder.com/300x200?text=No+Image:0
[  208580ms] [ERROR] Failed to load resource: net::ERR_CONNECTION_CLOSED @ https://via.placeholder.com/300x200?text=No+Image:0
[  208674ms] [ERROR] Failed to load resource: net::ERR_CONNECTION_CLOSED @ https://via.placeholder.com/300x200?text=No+Image:0
[  208767ms] [ERROR] Failed to load resource: net::ERR_CONNECTION_CLOSED @ https://via.placeholder.com/300x200?text=No+Image:0
[  208864ms] [ERROR] Failed to load resource: net::ERR_CONNECTION_CLOSED @ https://via.placeholder.com/300x200?text=No+Image:0
[  208955ms] [ERROR] Failed to load resource: net::ERR_CONNECTION_CLOSED @ https://via.placeholder.com/300x200?text=No+Image:0
[  209051ms] [ERROR] Failed to load resource: net::ERR_CONNECTION_CLOSED @ https://via.placeholder.com/300x200?text=No+Image:0
[  209140ms] [ERROR] Failed to load resource: net::ERR_CONNECTION_CLOSED @ https://via.placeholder.com/300x200?text=No+Image:0
[  209232ms] [ERROR] Failed to load resource: net::ERR_CONNECTION_CLOSED @ https://via.placeholder.com/300x200?text=No+Image:0
[  209323ms] [ERROR] Failed to load resource: net::ERR_CONNECTION_CLOSED @ https://via.placeholder.com/300x200?text=No+Image:0
[  209416ms] [ERROR] Failed to load resource: net::ERR_CONNECTION_CLOSED @ https://via.placeholder.com/300x200?text=No+Image:0
[  209509ms] [ERROR] Failed to load resource: net::ERR_CONNECTION_CLOSED @ https://via.placeholder.com/300x200?text=No+Image:0
[  209600ms] [ERROR] Failed to load resource: net::ERR_CONNECTION_CLOSED @ https://via.placeholder.com/300x200?text=No+Image:0
[  209692ms] [ERROR] Failed to load resource: net::ERR_CONNECTION_CLOSED @ https://via.placeholder.com/300x200?text=No+Image:0
[  209792ms] [ERROR] Failed to load resource: net::ERR_CONNECTION_CLOSED @ https://via.placeholder.com/300x200?text=No+Image:0
[  209888ms] [ERROR] Failed to load resource: net::ERR_CONNECTION_CLOSED @ https://via.placeholder.com/300x200?text=No+Image:0
[  209980ms] [ERROR] Failed to load resource: net::ERR_CONNECTION_CLOSED @ https://via.placeholder.com/300x200?text=No+Image:0
[  210078ms] [ERROR] Failed to load resource: net::ERR_CONNECTION_CLOSED @ https://via.placeholder.com/300x200?text=No+Image:0
[  210172ms] [ERROR] Failed to load resource: net::ERR_CONNECTION_CLOSED @ https://via.placeholder.com/300x200?text=No+Image:0
[  210265ms] [ERROR] Failed to load resource: net::ERR_CONNECTION_CLOSED @ https://via.placeholder.com/300x200?text=No+Image:0
[  210361ms] [ERROR] Failed to load resource: net::ERR_CONNECTION_CLOSED @ https://via.placeholder.com/300x200?text=No+Image:0
[  210455ms] [ERROR] Failed to load resource: net::ERR_CONNECTION_CLOSED @ https://via.placeholder.com/300x200?text=No+Image:0
[  210550ms] [ERROR] Failed to load resource: net::ERR_CONNECTION_CLOSED @ https://via.placeholder.com/300x200?text=No+Image:0
[  210641ms] [ERROR] Failed to load resource: net::ERR_CONNECTION_CLOSED @ https://via.placeholder.com/300x200?text=No+Image:0
[  210735ms] [ERROR] Failed to load resource: net::ERR_CONNECTION_CLOSED @ https://via.placeholder.com/300x200?text=No+Image:0
[  210835ms] [ERROR] Failed to load resource: net::ERR_CONNECTION_CLOSED @ https://via.placeholder.com/300x200?text=No+Image:0
[  210931ms] [ERROR] Failed to load resource: net::ERR_CONNECTION_CLOSED @ https://via.placeholder.com/300x200?text=No+Image:0
[  211024ms] [ERROR] Failed to load resource: net::ERR_CONNECTION_CLOSED @ https://via.placeholder.com/300x200?text=No+Image:0
[  211120ms] [ERROR] Failed to load resource: net::ERR_CONNECTION_CLOSED @ https://via.placeholder.com/300x200?text=No+Image:0
[  211212ms] [ERROR] Failed to load resource: net::ERR_CONNECTION_CLOSED @ https://via.placeholder.com/300x200?text=No+Image:0
[  211315ms] [ERROR] Failed to load resource: net::ERR_CONNECTION_CLOSED @ https://via.placeholder.com/300x200?text=No+Image:0
[  211410ms] [ERROR] Failed to load resource: net::ERR_CONNECTION_CLOSED @ https://via.placeholder.com/300x200?text=No+Image:0
[  211503ms] [ERROR] Failed to load resource: net::ERR_CONNECTION_CLOSED @ https://via.placeholder.com/300x200?text=No+Image:0
[  211598ms] [ERROR] Failed to load resource: net::ERR_CONNECTION_CLOSED @ https://via.placeholder.com/300x200?text=No+Image:0
[  211691ms] [ERROR] Failed to load resource: net::ERR_CONNECTION_CLOSED @ https://via.placeholder.com/300x200?text=No+Image:0
[  211781ms] [ERROR] Failed to load resource: net::ERR_CONNECTION_CLOSED @ https://via.placeholder.com/300x200?text=No+Image:0
[  211874ms] [ERROR] Failed to load resource: net::ERR_CONNECTION_CLOSED @ https://via.placeholder.com/300x200?text=No+Image:0
[  211969ms] [ERROR] Failed to load resource: net::ERR_CONNECTION_CLOSED @ https://via.placeholder.com/300x200?text=No+Image:0
[  212062ms] [ERROR] Failed to load resource: net::ERR_CONNECTION_CLOSED @ https://via.placeholder.com/300x200?text=No+Image:0
[  212154ms] [ERROR] Failed to load resource: net::ERR_CONNECTION_CLOSED @ https://via.placeholder.com/300x200?text=No+Image:0
[  212250ms] [ERROR] Failed to load resource: net::ERR_CONNECTION_CLOSED @ https://via.placeholder.com/300x200?text=No+Image:0
[  212344ms] [ERROR] Failed to load resource: net::ERR_CONNECTION_CLOSED @ https://via.placeholder.com/300x200?text=No+Image:0
[  212434ms] [ERROR] Failed to load resource: net::ERR_CONNECTION_CLOSED @ https://via.placeholder.com/300x200?text=No+Image:0
[  212530ms] [ERROR] Failed to load resource: net::ERR_CONNECTION_CLOSED @ https://via.placeholder.com/300x200?text=No+Image:0
[  212625ms] [ERROR] Failed to load resource: net::ERR_CONNECTION_CLOSED @ https://via.placeholder.com/300x200?text=No+Image:0
[  212721ms] [ERROR] Failed to load resource: net::ERR_CONNECTION_CLOSED @ https://via.placeholder.com/300x200?text=No+Image:0
[  212819ms] [ERROR] Failed to load resource: net::ERR_CONNECTION_CLOSED @ https://via.placeholder.com/300x200?text=No+Image:0
[  212910ms] [ERROR] Failed to load resource: net::ERR_CONNECTION_CLOSED @ https://via.placeholder.com/300x200?text=No+Image:0
[  213000ms] [ERROR] Failed to load resource: net::ERR_CONNECTION_CLOSED @ https://via.placeholder.com/300x200?text=No+Image:0
[  213089ms] [ERROR] Failed to load resource: net::ERR_CONNECTION_CLOSED @ https://via.placeholder.com/300x200?text=No+Image:0
[  213188ms] [ERROR] Failed to load resource: net::ERR_CONNECTION_CLOSED @ https://via.placeholder.com/300x200?text=No+Image:0
[  213279ms] [ERROR] Failed to load resource: net::ERR_CONNECTION_CLOSED @ https://via.placeholder.com/300x200?text=No+Image:0
[  213375ms] [ERROR] Failed to load resource: net::ERR_CONNECTION_CLOSED @ https://via.placeholder.com/300x200?text=No+Image:0
